zeta,trade_off_alpha,trade_off_beta
-7.0,0.99999999999999999999832068177393962,-2.0321037327422294658965171032808947e-26
-6.9844444444444444444444444444444444,0.99999999999999999999787827581785156,-1.5661251451322491252766002412243612e-26
-6.9688888888888888888888888888888889,0.99999999999999999999732091309907517,-1.2061730745988430737784606303085981e-26
-6.9533333333333333333333333333333333,0.99999999999999999999661914426746604,-9.2869823329465763738244193953416294e-27
-6.9377777777777777777777777777777778,0.99999999999999999999573608583130458,-7.1493069440099292366959192161861291e-27
-6.9222222222222222222222222222222222,0.99999999999999999999462557187484197,-5.5034233734335964229237845152242231e-27
-6.9066666666666666666666666666666667,0.99999999999999999999322985346553087,-4.2369511502515787665527558117779902e-27
-6.8911111111111111111111111111111111,0.99999999999999999999147673686786579,-3.263012860663387857834011658655196e-27
-6.8755555555555555555555555555555556,0.99999999999999999998927602591526852,-2.5144876562551924934327068794380858e-27
-6.86,0.99999999999999999998651510213718488,-1.9395501984425299912139823438940005e-27
-6.8444444444444444444444444444444444,0.99999999999999999998305844568073485,-1.4987088634848076790536973077526634e-27
-6.8288888888888888888888888888888889,0.99999999999999999997872205769468688,-1.160008320912238277238127945631651e-27
-6.8133333333333333333333333333333333,0.99999999999999999997329158656879619,-9.0032259654283199417535659159586641e-28
-6.7977777777777777777777777777777778,0.99999999999999999996649507447573103,-7.0133802897711964664480949505794591e-28
-6.7822222222222222222222222222222222,0.99999999999999999995799399868999085,-5.4895730830331684006262426857247251e-28
-6.7666666666666666666666666666666667,0.99999999999999999994736723824582155,-4.3233547391593495900151636757031269e-28
-6.7511111111111111111111111111111111,0.99999999999999999993409124257991098,-3.4313464183446435243110134860037355e-28
-6.7355555555555555555555555555555556,0.99999999999999999991751551799142286,-2.7494832820925404370541482882899782e-28
-6.72,0.99999999999999999989683234562836232,-2.228570695278472138549605126106355e-28
-6.7044444444444444444444444444444444,0.99999999999999999987103939725148003,-1.8308557327766274395587749823320093e-28
-6.6888888888888888888888888888888889,0.99999999999999999983893998870339521,-1.5277261624337542527121740666589646e-28
-6.6733333333333333333333333333333333,0.99999999999999999979891207698857575,-1.2962227509792811638287255583487134e-28
-6.6577777777777777777777777777777778,0.99999999999999999974908507752417468,-1.1197879236820171579488798084704186e-28
-6.6422222222222222222222222222222222,0.9999999999999999996870973456511244,-9.8540251025674638194798419344337605e-29
-6.6266666666666666666666666666666667,0.99999999999999999961002723805406634,-8.8310564334889468159638348222305187e-29
-6.6111111111111111111111111111111111,0.99999999999999999951426255105350769,-8.052809823779871374014711111008642e-29
-6.5955555555555555555555555555555556,0.99999999999999999939534005100996786,-7.4610837363485388722012195935924602e-29
-6.58,0.99999999999999999924774837096697232,-7.0114274118539154998183762909455057e-29
-6.5644444444444444444444444444444444,0.99999999999999999906468606405530825,-6.6699124534047147001623788591451175e-29
-6.5488888888888888888888888888888889,0.99999999999999999883776479990364442,-6.4106549644014796443793590346360612e-29
-6.5333333333333333333333333333333333,0.99999999999999999855704989543692754,-6.2141397261742317520808221484234959e-29
-6.5177777777777777777777777777777778,0.9999999999999999982090930639426269,-6.0648264589022754113756198459881437e-29
-6.5022222222222222222222222222222222,0.99999999999999999777854702801902842,-5.9515379369349976751810311409662577e-29
-6.4866666666666666666666666666666667,0.99999999999999999724612865828375629,-5.8655336380205034309907785843993567e-29
-6.4711111111111111111111111111111111,0.99999999999999999658812898746435511,-5.8001469481331324166368688576392691e-29
-6.4555555555555555555555555555555556,0.99999999999999999577541538209815726,-5.7502863569026086940976113505608743e-29
-6.44,0.99999999999999999477221291199292199,-5.7120506665912650786156096434690621e-29
-6.4244444444444444444444444444444444,0.99999999999999999353461700546616948,-5.6824333199999808087208821307975254e-29
-6.4088888888888888888888888888888889,0.99999999999999999200877929394711856,-5.6590938961213252017621879784132892e-29
-6.3933333333333333333333333333333333,0.99999999999999999012869624680256325,-5.6401781772192772863581823491149585e-29
-6.3777777777777777777777777777777778,0.99999999999999998781683617699516125,-5.624195561225355949322360374974197e-29
-6.3622222222222222222222222222222222,0.99999999999999998496834134756356908,-5.6098224955732754327459746252119732e-29
-6.3466666666666666666666666666666667,0.9999999999999999814648416157595014,-5.5959250702003681383639382653148057e-29
-6.3311111111111111111111111111111111,0.99999999999999997715830691992411508,-5.5813843978617699767455163012221586e-29
-6.3155555555555555555555555555555556,0.9999999999999999718678519627470152,-5.5650307511819437945252540910182613e-29
-6.3,0.99999999999999996537258059007899751,-5.5455538559787907223540942187720069e-29
-6.2844444444444444444444444444444444,0.9999999999999999574029023335374631,-5.521399541800325879381675883220599e-29
-6.2688888888888888888888888888888889,0.9999999999999999476300016366759693,-5.4906507830718695085828159696007224e-29
-6.2533333333333333333333333333333333,0.99999999999999993565307493488300859,-5.4508793199706257318722406799416582e-29
-6.2377777777777777777777777777777778,0.99999999999999992100485868387181442,-5.3990369545855902590672861241540046e-29
-6.2222222222222222222222222222222222,0.99999999999999990305366770289280245,-5.3309349679628621771752567614605931e-29
-6.2066666666666666666666666666666667,0.99999999999999988109362717277471804,-5.241333133239865617292678825002033e-29
-6.1911111111111111111111111111111111,0.99999999999999985424561005331940567,-5.1232904548505600805460239495851073e-29
-6.1755555555555555555555555555555556,0.99999999999999982144133054764755538,-4.9677055337773480121640682841344075e-29
-6.16,0.9999999999999997813834469780712405,-4.7626358152626265983362776369888975e-29
-6.1444444444444444444444444444444444,0.99999999999999973249742428742708669,-4.49241064070527312397484480918501e-29
-6.1288888888888888888888888888888889,0.99999999999999967287349146732646036,-4.1364715689985658236739968232851643e-29
-6.1133333333333333333333333333333333,0.99999999999999960019670071746341603,-3.6678602370542070025717690522585954e-29
-6.0977777777777777777777777777777778,0.99999999999999951166270341974566356,-3.051241320245182810552818391850683e-29
-6.0822222222222222222222222222222222,0.99999999999999940403014819389460651,-2.2415257784345272061349245497491654e-29
-6.0666666666666666666666666666666667,0.99999999999999927291702048530738725,-1.1760851342261384287649610194892864e-29
-6.0511111111111111111111111111111111,0.99999999999999911348392684438874692,2.2344043533018431172960792932630089e-30
-6.0355555555555555555555555555555556,0.99999999999999891973023893376094193,2.0607169122369583301049041531653651e-29
-6.02,0.99999999999999868440923593139592038,4.4712269353454393706869831332834963e-29
-6.0044444444444444444444444444444444,0.99999999999999839877476830181235281,7.6319287849064245414538400714975471e-29
-5.9888888888888888888888888888888889,0.99999999999999805227755711373027638,1.1773812012218827867091325929249033e-28
-5.9733333333333333333333333333333333,0.99999999999999763220135096479224932,1.7198211421750563468618814187227148e-28
-5.9577777777777777777777777777777778,0.99999999999999712322731161003149667,2.4297990975597734987202009183475026e-28
-5.9422222222222222222222222222222222,0.99999999999999650691280739079014028,3.3585031661235870643184165904707725e-28
-5.9266666666666666666666666666666667,0.99999999999999576212906276789011282,4.5707961067561698352585164067281229e-28
-5.9111111111111111111111111111111111,0.99999999999999486029481881705074194,6.1564553655721420934552431572152981e-28
-5.8955555555555555555555555555555556,0.99999999999999377023220861303719829,8.2268847889212847526769079842109938e-28
-5.88,0.99999999999999245344568439228226226,1.0928666178885599265854836447433663e-27
-5.8644444444444444444444444444444444,0.99999999999999086373346588228448036,1.4452206117699344738627987040588733e-27
-5.8488888888888888888888888888888889,0.99999999999998894567933373740038875,1.904468749773831876639982027791148e-27
-5.8333333333333333333333333333333333,0.9999999999999866328562340918702749,2.5026803331888947175505794303532593e-27
-5.8177777777777777777777777777777778,0.99999999999998384568801385722347866,3.2814363981529357461098792648966638e-27
-5.8022222222222222222222222222222222,0.99999999999998048890587685013456689,4.2946179569379188387780750540903556e-27
-5.7866666666666666666666666666666667,0.99999999999997644852470896441841599,5.612001756117129283648306944290697e-27
-5.7711111111111111111111111111111111,0.9999999999999715951440072364665996,7.3213748971566285975960687020651427e-27
-5.7555555555555555555555555555555556,0.99999999999996575350250802771091797,9.5438309130444891269697843527427185e-27
-5.74,0.9999999999999587348773657705231573,1.2428368365542155464150013793950556e-26
-5.7244444444444444444444444444444444,0.9999999999999503071902539055976485,1.616997733475394349143002578670615e-26
-5.7088888888888888888888888888888889,0.99999999999994019363228635849580786,2.1020402661410620001446308777288027e-26
-5.6933333333333333333333333333333333,0.99999999999992806424840121307064166,2.7304464591286720786496143633408234e-26
-5.6777777777777777777777777777777778,0.99999999999991352597862700932700272,3.5441014612837758565691259843126721e-26
-5.6622222222222222222222222222222222,0.99999999999989611088096407038396045,4.5969826102339428848431703828429542e-26
-5.6466666666666666666666666666666667,0.99999999999987526221294502306257721,5.9586079025008565794741761254077112e-26
-5.6311111111111111111111111111111111,0.99999999999985031799327727416617644,7.7184555766271396530453387086150962e-26
-5.6155555555555555555555555555555556,0.99999999999982053377817862426900332,9.9882885195496757483373584293117617e-26
-5.6,0.99999999999978489927451205630695305,1.2921775488385548419830594579141474e-25
-5.5844444444444444444444444444444444,0.99999999999974234136500687334614908,1.6706372099096252754428375774986364e-25
-5.5688888888888888888888888888888889,0.99999999999969154541721333338122856,2.1586084626254609949745990000953396e-25
-5.5533333333333333333333333333333333,0.9999999999996309531701825938561561,2.7874020267890527727028722797914132e-25
-5.5377777777777777777777777777777778,0.99999999999955871873897954697924014,3.5971710271313525587120290650227399e-25
-5.5222222222222222222222222222222222,0.99999999999947265689143082122423567,4.6393766571219255891805057775981086e-25
-5.5066666666666666666666666666666667,0.99999999999937018227964485010082748,5.9799324432675720965287358067609435e-25
-5.4911111111111111111111111111111111,0.99999999999924823809139132160567793,7.7032113686283007637305946451722604e-25
-5.4755555555555555555555555555555556,0.99999999999910341688195478545911214,9.9139085505250668574551806266945458e-25
-5.46,0.99999999999893108272162187971496233,1.2755581773820669040005930603107663e-24
-5.4444444444444444444444444444444444,0.9999999999987263750295266936086904,1.6401968983662926237004995616779622e-24
-5.4288888888888888888888888888888889,0.99999999999848335830647467884848683,2.1078142767407017462440409599385405e-24
-5.4133333333333333333333333333333333,0.99999999999819503658159743775940292,2.707132812511739933224028576836845e-24
-5.3977777777777777777777777777777778,0.99999999999785316910735331233467932,3.4747841052247111308359644498307224e-24
-5.3822222222222222222222222222222222,0.99999999999744805496164841608865578,4.4574581159002149755550578675708725e-24
-5.3666666666666666666666666666666667,0.99999999999696828147793845523254036,5.7146285636322945731033361023224123e-24
-5.3511111111111111111111111111111111,0.99999999999640043062319446769090641,7.3220067328977322613793008584834572e-24
-5.3355555555555555555555555555555556,0.99999999999572873652114796225742094,9.3759156315492136454665172141272308e-24
-5.32,0.99999999999493580294514860817563105,1.199499771948279338980743345728908e-23
-5.3044444444444444444444444444444444,0.99999999999399787380408693914851214,1.5341475635060951120182844015608726e-23
-5.2888888888888888888888888888888889,0.99999999999289042095525427542282234,1.9609914231957196743403322405304213e-23
-5.2733333333333333333333333333333333,0.99999999999158358923107227029572303,2.5051046986375659796071827194619061e-23
-5.2577777777777777777777777777777778,0.99999999999004240945451400947727744,3.1982891532271892734969840894596038e-23
-5.2422222222222222222222222222222222,0.99999999998822594818134654783223297,4.0808558101983025489495702117138556e-23
-5.2266666666666666666666666666666667,0.99999999998608632057066047488514593,5.2038704711937694831838060049965027e-23
-5.2111111111111111111111111111111111,0.99999999998356754511415207392691946,6.631983380314667895598129808833801e-23
-5.1955555555555555555555555555555556,0.99999999998060421577560321555936845,8.4469927548493355411276151125191121e-23
-5.18,0.99999999997711996345808635142634541,1.0752329692619470073354921472702848e-22
-5.1644444444444444444444444444444444,0.99999999997303141567750946513932499,1.3674439908818207528422767542886329e-22
-5.1488888888888888888888888888888889,0.99999999996822416995987331554246532,1.7385768646188658911726568671137273e-22
-5.1333333333333333333333333333333333,0.9999999999625820286089400346913912,2.2091237736859167902379052020947572e-22
-5.1177777777777777777777777777777778,0.99999999995596396690555486188863823,2.8053562585724449728403825002734367e-22
-5.1022222222222222222222222222222222,0.99999999994820584015833151738549795,3.5603920727551675574915819624932697e-22
-5.0866666666666666666666666666666667,0.99999999993911671386679304981638053,4.5159536512324885602862408665190479e-22
-5.0711111111111111111111111111111111,0.99999999992847463154599251283460903,5.724571531198849516849644487895246e-22
-5.0555555555555555555555555555555556,0.9999999999160217373275236066834282,7.2523435765202523898372212975645491e-22
-5.04,0.99999999990145865875369043634231947,9.1823880317632927093948576309308712e-22
-5.0244444444444444444444444444444444,0.99999999988443804191176060566797583,1.1619162155878122281052350942262789e-21
-5.0088888888888888888888888888888889,0.99999999986458491226989464875002008,1.4689397765589652308211402854569872e-21
-4.9933333333333333333333333333333333,0.99999999984138158593487795907035399,1.8565529410685011961917692802852414e-21
-4.9777777777777777777777777777777778,0.99999999981431145759503121415016717,2.345052802256386202362078431093134e-21
-4.9622222222222222222222222222222222,0.99999999978274908878689542678833018,2.9603282420054870826313513746600086e-21
-4.9466666666666666666666666666666667,0.99999999974597109165588445408169024,3.7348148687817990939440126215541576e-21
-4.9311111111111111111111111111111111,0.99999999970314131914271063615471861,4.7091255765119000239673091827355588e-21
-4.9155555555555555555555555555555556,0.99999999965329390091779946962421784,5.9340808640129577535278224894903373e-21
-4.9,0.99999999959531382492198136154414141,7.473235329269743595123926974684571e-21
-4.8844444444444444444444444444444444,0.99999999952791472454552158742760098,9.4060196120749407483235178316061529e-21
-4.8688888888888888888888888888888889,0.99999999944972267497320613981527074,1.1828134104714886154180362947536888e-20
-4.8533333333333333333333333333333333,0.99999999935882798214140214448818851,1.4869552042783157530210060374772927e-20
-4.8377777777777777777777777777777778,0.99999999925335728660703636765866843,1.8681923820688859292917297997967892e-20
-4.8222222222222222222222222222222222,0.99999999913104662863402605678814313,2.3457805926294624053531431089998231e-20
-4.8066666666666666666666666666666667,0.99999999898929240631509098500388162,2.9437117134360804113752941214646644e-20
-4.7911111111111111111111111111111111,0.9999999988251023265695265256931502,3.6918604159998196332273977657177089e-20
-4.7755555555555555555555555555555556,0.99999999863503956610708476079713554,4.6274037423027125153440083429724669e-20
-4.76,0.99999999841515924613017710677711513,5.7965775883833977668062885793348502e-20
-4.7444444444444444444444444444444444,0.99999999816093621255493922609505461,7.2568486785732465971173300185210356e-20
-4.7288888888888888888888888888888889,0.99999999786718298842130705121038223,9.0795986143625383961999921002571917e-20
-4.7133333333333333333333333333333333,0.99999999752842828310450833425896722,1.1350156690306769572538890336476943e-19
-4.6977777777777777777777777777777778,0.99999999713699721059645322964776479,1.4184210149648403937984832505619964e-19
-4.6822222222222222222222222222222222,0.99999999668551462118790360771855205,1.7715388121419540638208004731630706e-19
-4.6666666666666666666666666666666667,0.99999999616508030467511252242510557,2.2112529037962621382764954531954804e-19
-4.6511111111111111111111111111111111,0.99999999556552389194285929676777727,2.7584708978968362391792360227760681e-19
-4.6355555555555555555555555555555556,0.99999999487523102086004394713862898,3.4390671678022823142614055963163035e-19
-4.62,0.99999999408094680383427478235415428,4.285043022967346598013245259502138e-19
-4.6044444444444444444444444444444444,0.9999999931675537883726107281197816,5.3359531580048276644299947775582645e-19
-4.5888888888888888888888888888888889,0.99999999211782127569808200705068109,6.6406583826788208755742235818181682e-19
-4.5733333333333333333333333333333333,0.99999999091212250106192184250226126,8.2594778983618568701057197523836908e-19
-4.5577777777777777777777777777777778,0.99999998953003446505453275898213234,1.0263941577564531549542226740726861e-18
-4.5422222222222222222222222222222222,0.99999998794258574664571096097052014,1.2750894743907054270461426082073086e-18
-4.5266666666666666666666666666666667,0.9999999861225587089101788802867085,1.5831042858476353869985601532315019e-18
-4.5111111111111111111111111111111111,0.99999998403713078825174434567278862,1.9643586324202122379033707004921863e-18
-4.4955555555555555555555555555555556,0.99999998164903503352093739369717097,2.4359840635707156229715344791136891e-18
-4.48,0.99999997891598552957721901574286209,3.0190515648274732106073640253852677e-18
-4.4644444444444444444444444444444444,0.99999997579003235226382701585389722,3.7394614522098278475157942982865212e-18
-4.4488888888888888888888888888888889,0.99999997221683792691833103320474677,4.6290305804175425410357445499564854e-18
-4.4333333333333333333333333333333333,0.99999996813486579183892299734056284,5.7268197689308233841455348791707376e-18
-4.4177777777777777777777777777777778,0.99999996347447181245695002692578711,7.0807534897545772471280278278627957e-18
-4.4022222222222222222222222222222222,0.99999995816423717915035038405248647,8.7472000765606425709098575588559493e-18
-4.3866666666666666666666666666666667,0.99999995210145805121148385077595567,1.0802403473924335377322204613632861e-17
-4.3711111111111111111111111111111111,0.99999994519202667517965262551278008,1.3332582368777545861930228861221551e-17
-4.3555555555555555555555555555555556,0.9999999373224371992635520721404111,1.6445637824354413293587748485654018e-17
-4.34,0.99999992836464350222308328616549869,2.0273547613818605427030352758346434e-17
-4.3244444444444444444444444444444444,0.99999991817429014852459882250586349,2.4977638894051554465849511491747888e-17
-4.3088888888888888888888888888888889,0.99999990658874057801902569035480528,3.075499310620929554236416926096582e-17
-4.2933333333333333333333333333333333,0.99999989342488088479059510115539358,3.7846221260915001980061576812028532e-17
-4.2777777777777777777777777777777778,0.99999987847667542485281245855867375,4.6544896781126517709213218819655866e-17
-4.2622222222222222222222222222222222,0.99999986151244819371594748642460648,5.7208991948431909759468839417580171e-17
-4.2466666666666666666666666666666667,0.99999984229837917659027880952679119,7.0256039208295869355208963837138836e-17
-4.2311111111111111111111111111111111,0.99999982049260929448418866442379165,8.6250501536817043141713320773284282e-17
-4.2155555555555555555555555555555556,0.9999997957904788129465665812809996,1.0582355086593446371640677256471451e-16
-4.2,0.99999976782407610978683581392794334,1.2976147822080951436158621630640365e-16
-4.1844444444444444444444444444444444,0.99999973618104986950504618610596549,1.5902009613132994562312076763141034e-16
-4.1688888888888888888888888888888889,0.99999970039954312639120760511368662,1.9476056775868447290673494667936353e-16
-4.1533333333333333333333333333333333,0.99999965996258795789481978691456251,2.3839265204020436147544383649654219e-16
-4.1377777777777777777777777777777778,0.99999961429190802464561692383874336,2.9162686635317107250566058600173834e-16
-4.1222222222222222222222222222222222,0.99999956274107151835704454972813278,3.5653736517989321693153226949750047e-16
-4.1066666666666666666666666666666667,0.99999950466786834210716996839382134,4.3552479964130051445146769621135443e-16
-4.0911111111111111111111111111111111,0.99999943911638338678507825248114389,5.3183450483743866414855175564561159e-16
-4.0755555555555555555555555555555556,0.99999936525818017732956512611802385,6.4905731153615625627321343911816877e-16
-4.06,0.99999928209058369260883084730383388,7.9164872908653249913334459178016465e-16
-4.0444444444444444444444444444444444,0.99999918849641912337127338606246714,9.6499474566384023754023444023085409e-16
-4.0288888888888888888888888888888889,0.99999908323175664474751435033871781,1.1756021107335528261220268205868659e-15
-4.0133333333333333333333333333333333,0.99999896491244312191103646764376422,1.4313266777295578116048842269757919e-15
-3.9977777777777777777777777777777778,0.99999883199931201124343801475332029,1.741647243187396810447522434409002e-15
-3.9822222222222222222222222222222222,0.999998682781954215027365903875117,2.1179937356467615352656464278453762e-15
-3.9666666666666666666666666666666667,0.99999851536092360866757106179799227,2.5741402876360275500765844544209253e-15
-3.9511111111111111111111111111111111,0.99999832788553780219047562558055802,3.1258894487301406362733741673705228e-15
-3.9355555555555555555555555555555556,0.99999811753430687218300857136636839,3.7946147148342158274510465588329785e-15
-3.92,0.99999788194602367027651951547062547,4.603677490352132872450258482802181e-15
-3.9044444444444444444444444444444444,0.99999761825124791776788430368338677,5.5819411406109009365657937904899388e-15
-3.8888888888888888888888888888888889,0.99999732327396363631116408009764495,6.7640808932773112255373663371726802e-15
-3.8733333333333333333333333333333333,0.9999969935011657406070080013011206,8.1917282186612632634747856578241439e-15
-3.8577777777777777777777777777777778,0.9999966250496955659041482031975543,9.9148352671886554758169349139309334e-15
-3.8422222222222222222222222222222222,0.99999621363010527299387368901526703,1.1993300626085834015499020440775678e-14
-3.8266666666666666666666666666666667,0.99999575450731644058750271781278674,1.4498905188309663937148820770372269e-14
-3.8111111111111111111111111111111111,0.99999524245782284429038396065026294,1.751761579294509191515578702384545e-14
-3.7955555555555555555555555555555556,0.99999467250309155368675254474793128,2.1147167484415464348858775061373103e-14
-3.78,0.99999403682796667406240262895753768,2.5519901342813633614729615160199198e-14
-3.7644444444444444444444444444444444,0.99999332914902514872596806435012977,3.0778620268493831013092570473122906e-14
-3.7488888888888888888888888888888889,0.99999254178324361742225021985279011,3.7099042339525638455220909660017236e-14
-3.7333333333333333333333333333333333,0.99999166628352730398975223080554777,4.4690958649854366549282136695087639e-14
-3.7177777777777777777777777777777778,0.99999069336899259007722569871268897,5.3804684318642073835676156667192386e-14
-3.7022222222222222222222222222222222,0.99998961284955927521644683016348597,6.4738700200747800147538023437660927e-14
-3.6866666666666666666666666666666667,0.9999884135444563297082528682011298,7.7848699176670008753540000542534854e-14
-3.6711111111111111111111111111111111,0.99998708319422398981359945845423149,9.35582882097294314485260769720842e-14
-3.6555555555555555555555555555555556,0.99998560836577361140024458403499195,1.1237164097277479453431031702127149e-13
-3.64,0.99998397657639162251064639801292742,1.3485659072800207734033659577060979e-13
-3.6244444444444444444444444444444444,0.99998216751622019196584605502315715,1.617834681182655703540441833652846e-13
-3.6088888888888888888888888888888889,0.99998016559725682837323747855621173,1.9397230854774942474989827811338103e-13
-3.5933333333333333333333333333333333,0.99997795158926840421314602424026787,2.3242828824751536211389645745912519e-13
-3.5777777777777777777777777777777778,0.99997550449284436983607239449121782,2.7834403338186253073461596793022467e-13
-3.5622222222222222222222222222222222,0.99997280139236191468740738058106847,3.3313369296016410351104773994386634e-13
-3.5466666666666666666666666666666667,0.99996981729831341948310540279721027,3.9847303793136831239962145839845517e-13
-3.5311111111111111111111111111111111,0.99996652497837765066730942543891628,4.7634662132040276142663233302842015e-13
-3.5155555555555555555555555555555556,0.99996289477659407287967376822689658,5.691032063946299159515157799817334e-13
-3.5,0.99995889985602023512510316506663675,6.7952086962542884956976827108632058e-13
-3.4844444444444444444444444444444444,0.99995449479686225544079367302187977,8.1069810936812313428193752874493383e-13
-3.4688888888888888888888888888888889,0.99994964639685228575919175486134239,9.6684975840100414704495718687704758e-13
-3.4533333333333333333333333333333333,0.99994431324007702222739799175591435,1.1523986394859649959151741510265784e-12
-3.4377777777777777777777777777777778,0.99993845038085067772324122473840533,1.3727467411721166969112654177208633e-12
-3.4222222222222222222222222222222222,0.99993200907692825612588586792368809,1.6342634823702930473124730435342506e-12
-3.4066666666666666666666666666666667,0.99992493650578703226268782922206847,1.9444542638953406430157396288884443e-12
-3.3911111111111111111111111111111111,0.99991717546319341110069616413983815,2.3121575295716050339082516078538798e-12
-3.3755555555555555555555555555555556,0.99990866404326200825279340160305337,2.7477750069728434438010196712908614e-12
-3.36,0.9998993352992059395026246380847648,3.2635405365219521903694669182273698e-12
-3.3444444444444444444444444444444444,0.99988913072874612107416092381736742,3.8729750881869863366544961998934292e-12
-3.3288888888888888888888888888888889,0.99987794582150809356416964837694696,4.5945307022226000820877991898727563e-12
-3.3133333333333333333333333333333333,0.99986570891869720986647230156574717,5.4473063536075413364501318332704272e-12
-3.2977777777777777777777777777777778,0.99985232911185788228936261019600064,6.4545603109553562604462306390969748e-12
-3.2822222222222222222222222222222222,0.99983770843813571911119740380764858,7.6435617539110206722775735849105615e-12
-3.2666666666666666666666666666666667,0.99982174140833133122089635495480084,9.0462623766424183550374956250519469e-12
-3.2511111111111111111111111111111111,0.99980431451008949495151193848766839,1.0700076919957291688339200511563647e-11
-3.2355555555555555555555555555555556,0.99978530568548513103230930437994665,1.2648789695786694549888748574185077e-11
-3.22,0.99976458378229594021014657922326704,1.4943606740359918978300966775310286e-11
-3.2044444444444444444444444444444444,0.99974200797828563759802828552711354,1.7644376176593962440923239972913414e-11
-3.1888888888888888888888888888888889,0.99971746038376177256397283754101648,2.0816546347163296074510062080104289e-11
-3.1733333333333333333333333333333333,0.9996907155031079550615243261067919,2.4549849319341013708801071682028058e-11
-3.1577777777777777777777777777777778,0.99966163029241172470776673331654487,2.8935667702122183965213699632692364e-11
-3.1422222222222222222222222222222222,0.99963001894752824656168468942851319,3.408495661715623577943488907861304e-11
-3.1266666666666666666666666666666667,0.99959568269134414294137839905934557,4.012698950462187045917513409442823e-11
-3.1111111111111111111111111111111111,0.99955840902468450179531918281208548,4.7212287468449853570764963049292753e-11
-3.0955555555555555555555555555555556,0.99951797094700652875802876364172142,5.5516001062003424494887575157668385e-11
-3.08,0.99947412614672353013746583505049356,6.5241811771826590367070198280307906e-11
-3.0644444444444444444444444444444444,0.99942661616110350756825560480028058,7.6626430038079719737490353642632861e-11
-3.0488888888888888888888888888888889,0.99937516550579605212246760719404342,8.9944777531819359186741094193441706e-11
-3.0333333333333333333333333333333333,0.9993195557758362740911526897801293,0.00000000010549417312864987070965897713215858
-3.0177777777777777777777777777777778,0.99925933080781314703110107127011955,0.00000000012368465890554929604150060271744258
-3.0022222222222222222222222222222222,0.99919422787493541657972738757009428,0.00000000014492659658066014393944925721498951
-2.9866666666666666666666666666666667,0.99912389413057994527195515648759386,0.00000000016971697591595849322919603889243019
-2.9711111111111111111111111111111111,0.99904795491058543627646630942017129,0.00000000019863119205096429550290251488188902
-2.9555555555555555555555555555555556,0.99896601268899154960703136746271366,0.00000000023233499311080410671832487987154905
-2.94,0.99887764600761720512880474241891786,0.00000000027159818034467898407733593076938511
-2.9244444444444444444444444444444444,0.99878240838074008633457546754583135,0.00000000031731030719736020280203534524176524
-2.9088888888888888888888888888888889,0.99867982717633223867399065002851411,0.00000000037049865674113657730907995423563508
-2.8933333333333333333333333333333333,0.99856940247550836676861086499920105,0.00000000043234881410913938766700864035302644
-2.8777777777777777777777777777777778,0.99845076544596821410673503131036255,0.0000000005041279424686375829919815258676661
-2.8622222222222222222222222222222222,0.9983230509692771563510189429212068,0.00000000058759651631471598242103563405936328
-2.8466666666666666666666666666666667,0.99818581860994599710514251791998206,0.00000000068448345908266262944220477929787819
-2.8311111111111111111111111111111111,0.99803844757264496921150101854961485,0.00000000079687838874627663263286925596991949
-2.8155555555555555555555555555555556,0.99788028382033958570907125453404758,0.00000000092718528375867922773723661642652309
-2.8,0.99771063885012493706252992976927521,0.0000000010781680165220681425417246705312895
-2.7844444444444444444444444444444444,0.99752878846516948808963325630455449,0.0000000012530022105880289879983963433207871
-2.7688888888888888888888888888888889,0.99733397154630269198015266445979707,0.0000000014553342592271880995264564557976909
-2.7533333333333333333333333333333333,0.99712538882703854610712408380533675,0.0000000016893484480922712006847012491973906
-2.7377777777777777777777777777777778,0.99690250059962036604863611209546834,0.0000000019594669753907526139560783560581351
-2.7222222222222222222222222222222222,0.99666385045828305237071987277342727,0.0000000022718833932960945690317208250337261
-2.7066666666666666666666666666666667,0.99640879694236470931600454260959711,0.0000000026325694256493031091553822975305152
-2.6911111111111111111111111111111111,0.9961363762187213369909072129478567,0.000000003048732946600168495934422977316373
-2.6755555555555555555555555555555556,0.99584558038595032758528762448868519,0.0000000035286187505178578756220644985952105
-2.66,0.99553535636417430835886342300590495,0.0000000040816516972971756768408691829446609
-2.6444444444444444444444444444444444,0.99520460482204141921319865597503647,0.0000000047185987262082371878778389468220558
-2.6288888888888888888888888888888889,0.99485217914676650233613278993348035,0.0000000054517520976833508736818278825956227
-2.6133333333333333333333333333333333,0.9944768844632666029264777724913299,0.0000000062951364998328984116949016642698768
-2.5977777777777777777777777777777778,0.9940774767086620550075709017288481,0.0000000072647429641535593146334888417895439
-2.5822222222222222222222222222222222,0.99365322905521943400152301076877334,0.0000000083772477274971031126749302295288244
-2.5666666666666666666666666666666667,0.99320169751395228115132307602149764,0.0000000096562619961275564629603296307563837
-2.5511111111111111111111111111111111,0.99272201914158543339329687480262505,0.000000011124049855530999527972431969340569
-2.5355555555555555555555555555555556,0.9922127452749194154541451849385806,0.00000001280746178963768295925333492166094
-2.52,0.99167237449956451409101100598457723,0.000000014737014829188052261017335731396259
-2.5044444444444444444444444444444444,0.99109935219854605202130576278358593,0.000000016947370942398977561746625510458844
-2.4888888888888888888888888888888889,0.99049207020494687521135505248380878,0.000000019477874696437707536070633540935823
-2.4733333333333333333333333333333333,0.9898488665659786257753990331678695,0.000000022373157104912412523487773473971771
-2.4577777777777777777777777777777778,0.98916802542590665314365761385477029,0.000000025683813327365067056458509498098887
-2.4422222222222222222222222222222222,0.98844777703525658175250548398346047,0.000000029467162712005749856691648507170131
-2.4266666666666666666666666666666667,0.98768731173802840072789596275456413,0.000000033782125126100052315223082472023772
-2.4111111111111111111111111111111111,0.98688278195429744983745177999845616,0.000000038713233709442877820697764282567678
-2.3955555555555555555555555555555556,0.98603321698440050475814253282353093,0.000000044338264360859405602084649057904421
-2.38,0.98513663444650443415339431647336502,0.000000050751016136254970626201002090316431
-2.3644444444444444444444444444444444,0.98419100026025045919696013231702062,0.000000058057411594193638493464254725251699
-2.3488888888888888888888888888888889,0.98319422956535761121412287678375642,0.000000066376986351276998205611160296081532
-2.3333333333333333333333333333333333,0.98214418781569422935108617680679994,0.000000075844551258127887445007979272354427
-2.3177777777777777777777777777777778,0.98103869205498768343364654828391126,0.000000086612045858967626331538789482499688
-2.3022222222222222222222222222222222,0.97987551238000453276572014499800584,0.000000098850603649501655183175526147838069
-2.2866666666666666666666666666666667,0.97865237359665204468072304247728931,0.00000011275285166360843337769066111189174
-2.2711111111111111111111111111111111,0.97736866341711364743990339127982828,0.00000012851370716013648118209807187502839
-2.2555555555555555555555555555555556,0.97601869441535061939988923391565952,0.0000001464173488544162192129982387305458
-2.24,0.97460169166677500094006790926214755,0.00000016671819458786480193085449446588847
-2.2244444444444444444444444444444444,0.97311521944482421682911840872766537,0.00000018972339881680515610274524931932803
-2.2088888888888888888888888888888889,0.97155680806135663104812814063883977,0.00000021577757010106032272210218699200993
-2.1933333333333333333333333333333333,0.96992395676759918145031388836244865,0.00000024526708602651416449949267229951707
-2.1777777777777777777777777777777778,0.96821413687182345364608080826035704,0.00000027862487308973618968501744335681748
-2.1622222222222222222222222222222222,0.96642479507458940866299663200176162,0.00000031633569772165489201634705692147456
-2.1466666666666666666666666666666667,0.9645533570216341158687923421194199,0.00000035894201875472738074142011943238508
-2.1311111111111111111111111111111111,0.96259723107368450807472338943230785,0.00000040705045608323710127836240927688092
-2.1155555555555555555555555555555556,0.96055651679653127810668520350309086,0.00000046126429856649794400924370343149118
-2.1,0.95842330929263444737475192687301211,0.00000052248042217539089978719519987674926
-2.0844444444444444444444444444444444,0.95619757957235963475090739344954863,0.00000059147754870055415560882394101562996
-2.0688888888888888888888888888888889,0.95387670881730768494960516108042381,0.00000066919801404371909475056554558047111
-2.0533333333333333333333333333333333,0.95145808293541581319670574463292099,0.00000075669215851075186797799483385890631
-2.0377777777777777777777777777777778,0.94893909756824092692709889671563093,0.00000085512993478800219614657423611645316
-2.0222222222222222222222222222222222,0.9463171632852486728951320196307097,0.0000009658136704878403586437234084704067
-2.0066666666666666666666666666666667,0.94358971095701376035754148570656744,0.0000010901920893749954587463701318505946
-1.9911111111111111111111111111111111,0.94075419729824387713204465873391914,0.0000012298757035934736117120508475233464
-1.9755555555555555555555555555555556,0.93781199933769080994914399134700124,0.0000013864387270306440079604133139885365
-1.96,0.93475301321789574327437145061540069,0.000001562271373400204890753804255722012
-1.9444444444444444444444444444444444,0.93157855185362028280206538631511712,0.0000017593855719650721245429408647100308
-1.9288888888888888888888888888888889,0.92828623372101799918728038889321265,0.0000019802244405481756466609324731878173
-1.9133333333333333333333333333333333,0.92487373300729541003695319645096426,0.0000022274949520124125399847756626465493
-1.8977777777777777777777777777777778,0.92133878592647659487943338847782118,0.0000025041944362554762746747887377066339
-1.8822222222222222222222222222222222,0.91767919711405000075639794869084973,0.0000028136395154495092131567186353749089
-1.8666666666666666666666666666666667,0.91389284608381739908497013319064326,0.0000031594976709474464531026039915507914
-1.8511111111111111111111111111111111,0.90997769372943866924774611919076604,0.0000035458216538568923356530274853641642
-1.8355555555555555555555555555555556,0.90593178885238524967754105038508584,0.0000039770869655299896572219246392653172
-1.82,0.90175877382392627053876747049307078,0.0000044575748498568798166902636679338947
-1.8044444444444444444444444444444444,0.89744606973971002270765282240500797,0.0000049939724249009445227488370957975845
-1.7888888888888888888888888888888889,0.89299735431861107984021653125999729,0.0000055916922046096166745947273110283858
-1.7733333333333333333333333333333333,0.88841109297007658983043356261324191,0.0000062573448440745269508862833338307191
-1.7577777777777777777777777777777778,0.88368587135122158794103011746918735,0.0000069982061245847752682384683004955069
-1.7422222222222222222222222222222222,0.87882040163268479222297471513846595,0.0000078222784815643019951426436526214171
-1.7266666666666666666666666666666667,0.8738135286459731456934121258926947,0.0000087383576413654648006172182446988138
-1.7111111111111111111111111111111111,0.86866423589001962035111082940064574,0.0000097561047312584895925801804627558317
-1.6955555555555555555555555555555556,0.86337165137453225010497872559180809,0.000010886124247071292494924878873339106
-1.68,0.85793505327765706415913278104101623,0.000012140048283597070016537499599585324
-1.6644444444444444444444444444444444,0.85236119861137361192502801128457359,0.000013528731912013337107357810604056023
-1.6488888888888888888888888888888889,0.84663522357304858639016726456548826,0.000015069728705548260655025056113767617
-1.6333333333333333333333333333333333,0.84076402402059468117449611080015784,0.00001677661653894701511786906724577209
-1.6177777777777777777777777777777778,0.83474753066325019788499092397824916,0.000018666118901653952551867411505796364
-1.6022222222222222222222222222222222,0.82858584909770021032204538393237482,0.000020756517495809047779356989849119624
-1.5866666666666666666666666666666667,0.82227926388906515862930311473082736,0.000023067783752063048962225779950487392
-1.5711111111111111111111111111111111,0.81582824231550354153076074837352485,0.000025621720056662237636101841400651935
-1.5555555555555555555555555555555556,0.80923343775704642700262822041977803,0.000028442111272958169980634650695253494
-1.54,0.80249569271012181487768816448388984,0.000031554887163102321934468779030719798
-1.5244444444444444444444444444444444,0.79561604141016547641181988186870198,0.000034988296337994000476124801322924427
-1.5088888888888888888888888888888889,0.78860489613893350851953666159522698,0.000038767948399420895604995297894216755
-1.4933333333333333333333333333333333,0.78144549201711133916562946689573461,0.000042937067484142347769254829968164434
-1.4777777777777777777777777777777778,0.7741484525623539660691297122402195,0.000047527355899693724249569672306910071
-1.4622222222222222222222222222222222,0.76671559654150531448964337845397883,0.000052578326680874788381365128790714923
-1.4466666666666666666666666666666667,0.75914894115591740288534001652090745,0.00005813287753659167980004026736887482
-1.4311111111111111111111111111111111,0.75145070200777001407122612968266434,0.000064237548310983051802136601223657325
-1.4155555555555555555555555555555556,0.74362329258517110438805523705459151,0.000070942794934652401580184348107871756
-1.4,0.73566932325908344874906862302992375,0.000078303280641923797317143535387094794
-1.3844444444444444444444444444444444,0.7275915997867750810888357567270435,0.000086378185241662895868073868370920984
-1.3688888888888888888888888888888889,0.71940381786253269052607329719681375,0.000095219532406165281501848130776640885
-1.3533333333333333333333333333333333,0.71108792458920021201816320041726257,0.00010491939564322878335117806397669422
-1.3377777777777777777777777777777778,0.70265783983261908874557535052434471,0.00011554159631148413340992282780491868
-1.3222222222222222222222222222222222,0.69411712573476053045712883414690057,0.00012716685433850716365980504974326806
-1.3066666666666666666666666666666667,0.68546952488029679887241957248096245,0.00013988225089788005886191928610546773
-1.2911111111111111111111111111111111,0.67671895582641223076582805971753503,0.00015378166283244470373340273054303642
-1.2755555555555555555555555555555556,0.66786950815155214985154273939077224,0.00016896622073723456503870714305975078
-1.26,0.65892543703218520174996501834907622,0.00018554479147450708185538674252763722
-1.2444444444444444444444444444444444,0.649891157358472216772318528375131,0.00020363448587319684216904487274668773
-1.2288888888888888888888888888888889,0.64077123740152733901957229493991347,0.0002233611923398392460907117894047301
-1.2133333333333333333333333333333333,0.63158236050774932239318862609334682,0.00024483108092557367703786569302430046
-1.1977777777777777777777777777777778,0.62230553941028047591715583853678519,0.00026824483339080363146113342997657356
-1.1822222222222222222222222222222222,0.61295762684978708841132344080763172,0.00029373145898297677329032575299151091
-1.1666666666666666666666666666666667,0.60354373271172178912827752135919027,0.00032145781939640777199750786449274881
-1.1511111111111111111111111111111111,0.59406908244816605993821653539136704,0.00035160263269206112467845580232503988
-1.1355555555555555555555555555555556,0.58453900841648553283461927010873145,0.00038435717545214570086993812539817515
-1.12,0.57495894090460177106593336103667321,0.00041992601471981013822790904141296801
-1.1044444444444444444444444444444444,0.56533439886796741820131012067546373,0.0004585277700210690538550576057811058
-1.0888888888888888888888888888888889,0.55567098040451938485308016415510013,0.00050039590567886846468334532652479089
-1.0733333333333333333333333333333333,0.54597435299496844805573929190360986,0.00054577955353353823172270085143433506
-1.0577777777777777777777777777777778,0.53626285482513062003321141932754802,0.00059487811527594135311098152725014269
-1.0422222222222222222222222222222222,0.52651706385155931658165928681886956,0.0006481016936935045189298971620803398
-1.0266666666666666666666666666666667,0.51675537460114769095361403636072808,0.00070569046500682617091601083148154947
-1.0111111111111111111111111111111111,0.50698363077390479418078073316250569,0.00076796503879043290408992076055480913
-0.99555555555555555555555555555555555,0.49720769416688917306994641920691694,0.00083526625674687091259537204395730459
-0.98,0.48743343412733703378872653708995028,0.00090795619375209548001885432811073619
-0.96444444444444444444444444444444444,0.47766671698313488029811097402765145,0.0009864191866768700942917939936891296
-0.94888888888888888888888888888888889,0.46791339548235297556208836445659757,0.0010710628900068179009222673415506696
-0.93333333333333333333333333333333333,0.4581792982735179139723852010644036,0.0011623193571052329020593366436107179
-0.91777777777777777777777777777777778,0.44847021945813152480745664442448017,0.0012606461457750371260729881233316355
-0.90222222222222222222222222222222222,0.43880442255738242300019902670693195,0.0013663851905971471976767878890923078
-0.88666666666666666666666666666666667,0.42916252217305304315488086214243296,0.0014803221838718310459618774135684101
-0.87111111111111111111111111111111111,0.41956270522053866187604526599835305,0.0016028658651656432806940269887363705
-0.85555555555555555555555555555555556,0.41001052576892703876799569626561556,0.0017345872535508150657708365901265573
-0.84,0.40051145327318457205730880244168312,0.0018760887020011706256827010879311853
-0.82444444444444444444444444444444444,0.39107086319550452493679897712479836,0.0020280051089163976409003188353319123
-0.80888888888888888888888888888888889,0.38169402790382597609687854057230385,0.0021910051385772919934099222232132031
-0.79333333333333333333333333333333333,0.37238610787313200355326681662031156,0.0023657924473959416761882743965528906
-0.77777777777777777777777777777777778,0.36315214321389116078603859049806372,0.0025531069125724403183474706281084364
-0.76222222222222222222222222222222222,0.35399704555066787830808256230118754,0.0027537258595136064048273369831048198
-0.74666666666666666666666666666666667,0.34493728474790683334157433070149868,0.0029681776262405981104529822218301356
-0.73111111111111111111111111111111111,0.33595398637393427030313016624532246,0.0031978734372298946666448311755233277
-0.71555555555555555555555555555555556,0.32706343773138217737961111502435705,0.003443441378314414172517432511044843
-0.7,0.31826996322206997213785645098729506,0.0037058206195645596988812184444860768
-0.68444444444444444444444444444444445,0.3095777241169714586518042070390118,0.0039859937505622805965934565403495105
-0.66888888888888888888888888888888889,0.30099071293384113399864792848755026,0.0042849879093542537102154258446963063
-0.65333333333333333333333333333333334,0.29251274828237791704550385074087183,0.0046038758774094450431362896590842461
-0.63777777777777777777777777777777778,0.28414747018678360772409504918370533,0.0049437771348916240569282983392859848
-0.62222222222222222222222222222222222,0.27589833589374559359334059578972733,0.0053058588703229626980870239331460082
-0.60666666666666666666666666666666667,0.26777906830778969702844493285487622,0.0056908219412125666955242926424634861
-0.59111111111111111111111111111111111,0.25977168366040236743933515840204761,0.0061009289775339723959532546490948973
-0.57555555555555555555555555555555556,0.25188967975247904543066854816815662,0.0065370118520647093579581910828421813
-0.56,0.24413575094032473347916822694174424,0.0070004374849251341952613870322848366
-0.54444444444444444444444444444444445,0.23651239527836328761352709864940842,0.0074926246456139269242990810582877525
-0.52888888888888888888888888888888889,0.22902191330503406402904191118151187,0.0080150445530965015157084136865736168
-0.51333333333333333333333333333333334,0.22166640731934122102594324143976013,0.0085692213833356731314986266390636358
-0.49777777777777777777777777777777778,0.21444778114180284215502008845177977,0.0091567326769816217657628645212032341
-0.48222222222222222222222222222222222,0.2073677403519270997300838734376187,0.0097792096398613886161748505806536015
-0.46666666666666666666666666666666667,0.20042779299278420862392849531038245,0.010438337328858494695287315724401027
-0.45111111111111111111111111111111111,0.19363796516645963285505401196876223,0.011134925597434474567222190345658224
-0.43555555555555555555555555555555556,0.18698175964668596936517619440088373,0.011872572270587784171581908543880499
-0.42,0.1804689992077404298695981363361242,0.012652245504205850927270075893361958
-0.40444444444444444444444444444444445,0.17410041796783418349614034029592989,0.013475844997640405225820540897980453
-0.38888888888888888888888888888888889,0.16787656260392088587433129816213017,0.014345323253304351748321874518619147
-0.37333333333333333333333333333333334,0.16179779558226146644724105744033088,0.015262684920611697718912272244772906
-0.35777777777777777777777777777777778,0.15586429875281577007665258500722445,0.016229985974724690739155337706908718
-0.34222222222222222222222222222222222,0.15007607728842690346970433743838039,0.0172493327234928260479483923567587
-0.32666666666666666666666666666666667,0.14443296394898077786761575936960378,0.01832288063623967175563347294615574
-0.31111111111111111111111111111111111,0.13893462365004071859085772883992778,0.019452832988366968022713774108806632
-0.29555555555555555555555555555555556,0.1335874005773607967874268852425333,0.020639860747561088692174378651884112
-0.28,0.12837676870643546836709414684962078,0.021889334656909209956596486007449233
-0.26444444444444444444444444444444445,0.12330894850781722124130863261202142,0.023202090181928936426066573109813333
-0.24888888888888888888888888888888889,0.11838298473509529607915505362810268,0.02458050434393512903120679282265482
-0.23333333333333333333333333333333333,0.1135977809477615485230377342889233,0.026026992250113741130348838992777736
-0.21777777777777777777777777777777778,0.10895210545054263664838486847385422,0.027544004529686072159225929027563576
-0.20222222222222222222222222222222222,0.10444459738311984215444294978582126,0.029134024556109313032063223864494524
-0.18666666666666666666666666666666667,0.10007377293788723623197544687913612,0.03079956545335526487932874510211372
-0.17111111111111111111111111111111111,0.095838031683596109875420785195113184,0.032543166885009921946508752579237258
-0.15555555555555555555555555555555556,0.091735662973016660529274359900165654,0.034367391625676762209065424989442796
-0.14,0.08776991166815268437741040366943512,0.0362722962124310711839353852629978
-0.12444444444444444444444444444444445,0.083928580972087567382211190709381929,0.038265417062408970616619975179587907
-0.10888888888888888888888888888888889,0.080214897120165568007147889128030347,0.040346947285461832498679937561384113
-0.093333333333333333333333333333333331,0.076626773720168779915062418400677566,0.042519503480289849639715838945051844
-0.077777777777777777777777777777777779,0.073162046718410875018546915896907186,0.044785704992405868319740180294055802
-0.062222222222222222222222222222222221,0.069818480877940190604505968178072035,0.047148169214665522621453558811230403
-0.046666666666666666666666666666666669,0.066593776201947952452989746889018487,0.049609506690062433152024721667267474
-0.03111111111111111111111111111111111,0.063485574285342103534223061966611756,0.052172316023337194151314744331879683
-0.015555555555555555555555555555555558,0.060491464578297003324327529723505516,0.054839178608929865353943638819078977
0.0,0.057612653183795736666352773693765942,0.057612653183795736666352773693765942
0.015555555555555555555555555555555558,0.054839178608929865353943638819078977,0.060491464578297003324327529723505516
0.03111111111111111111111111111111111,0.052172316023337194151314744331879683,0.063485574285342103534223061966611756
0.046666666666666666666666666666666669,0.049609506690062433152024721667267474,0.066593776201947952452989746889018487
0.062222222222222222222222222222222221,0.047148169214665522621453558811230403,0.069818480877940190604505968178072035
0.077777777777777777777777777777777779,0.044785704992405868319740180294055802,0.073162046718410875018546915896907186
0.093333333333333333333333333333333331,0.042519503480289849639715838945051844,0.076626773720168779915062418400677566
0.10888888888888888888888888888888889,0.040346947285461832498679937561384113,0.080214897120165568007147889128030347
0.12444444444444444444444444444444445,0.038265417062408970616619975179587907,0.083928580972087567382211190709381929
0.14,0.0362722962124310711839353852629978,0.08776991166815268437741040366943512
0.15555555555555555555555555555555556,0.034367391625676762209065424989442796,0.091735662973016660529274359900165654
0.17111111111111111111111111111111111,0.032543166885009921946508752579237258,0.095838031683596109875420785195113184
0.18666666666666666666666666666666667,0.03079956545335526487932874510211372,0.10007377293788723623197544687913612
0.20222222222222222222222222222222222,0.029134024556109313032063223864494524,0.10444459738311984215444294978582126
0.21777777777777777777777777777777778,0.027544004529686072159225929027563576,0.10895210545054263664838486847385422
0.23333333333333333333333333333333333,0.026026992250113741130348838992777736,0.1135977809477615485230377342889233
0.24888888888888888888888888888888889,0.02458050434393512903120679282265482,0.11838298473509529607915505362810268
0.26444444444444444444444444444444445,0.023202090181928936426066573109813333,0.12330894850781722124130863261202142
0.28,0.021889334656909209956596486007449233,0.12837676870643546836709414684962078
0.29555555555555555555555555555555556,0.020639860747561088692174378651884112,0.1335874005773607967874268852425333
0.31111111111111111111111111111111111,0.019452832988366968022713774108806632,0.13893462365004071859085772883992778
0.32666666666666666666666666666666667,0.01832288063623967175563347294615574,0.14443296394898077786761575936960378
0.34222222222222222222222222222222222,0.0172493327234928260479483923567587,0.15007607728842690346970433743838039
0.35777777777777777777777777777777778,0.016229985974724690739155337706908718,0.15586429875281577007665258500722445
0.37333333333333333333333333333333334,0.015262684920611697718912272244772906,0.16179779558226146644724105744033088
0.38888888888888888888888888888888889,0.014345323253304351748321874518619147,0.16787656260392088587433129816213017
0.40444444444444444444444444444444445,0.013475844997640405225820540897980453,0.17410041796783418349614034029592989
0.42,0.012652245504205850927270075893361958,0.1804689992077404298695981363361242
0.43555555555555555555555555555555556,0.011872572270587784171581908543880499,0.18698175964668596936517619440088373
0.45111111111111111111111111111111111,0.011134925597434474567222190345658224,0.19363796516645963285505401196876223
0.46666666666666666666666666666666667,0.010438337328858494695287315724401027,0.20042779299278420862392849531038245
0.48222222222222222222222222222222223,0.0097792096398613886161748505806536015,0.2073677403519270997300838734376187
0.49777777777777777777777777777777778,0.0091567326769816217657628645212032341,0.21444778114180284215502008845177977
0.51333333333333333333333333333333334,0.0085692213833356731314986266390636358,0.22166640731934122102594324143976013
0.52888888888888888888888888888888889,0.0080150445530965015157084136865736168,0.22902191330503406402904191118151187
0.54444444444444444444444444444444445,0.0074926246456139269242990810582877525,0.23651239527836328761352709864940842
0.56,0.0070004374849251341952613870322848366,0.24413575094032473347916822694174424
0.57555555555555555555555555555555556,0.0065370118520647093579581910828421813,0.25188967975247904543066854816815662
0.59111111111111111111111111111111111,0.0061009289775339723959532546490948973,0.25977168366040236743933515840204761
0.60666666666666666666666666666666667,0.0056908219412125666955242926424634861,0.26777906830778969702844493285487622
0.62222222222222222222222222222222222,0.0053058588703229626980870239331460082,0.27589833589374559359334059578972733
0.63777777777777777777777777777777778,0.0049437771348916240569282983392859848,0.28414747018678360772409504918370533
0.65333333333333333333333333333333334,0.0046038758774094450431362896590842461,0.29251274828237791704550385074087183
0.66888888888888888888888888888888889,0.0042849879093542537102154258446963063,0.30099071293384113399864792848755026
0.68444444444444444444444444444444445,0.0039859937505622805965934565403495105,0.3095777241169714586518042070390118
0.7,0.0037058206195645596988812184444860768,0.31826996322206997213785645098729506
0.71555555555555555555555555555555556,0.003443441378314414172517432511044843,0.32706343773138217737961111502435705
0.73111111111111111111111111111111111,0.0031978734372298946666448311755233277,0.33595398637393427030313016624532246
0.74666666666666666666666666666666667,0.0029681776262405981104529822218301356,0.34493728474790683334157433070149868
0.76222222222222222222222222222222222,0.0027537258595136064048273369831048198,0.35399704555066787830808256230118754
0.77777777777777777777777777777777778,0.0025531069125724403183474706281084364,0.36315214321389116078603859049806372
0.79333333333333333333333333333333333,0.0023657924473959416761882743965528906,0.37238610787313200355326681662031156
0.80888888888888888888888888888888889,0.0021910051385772919934099222232132031,0.38169402790382597609687854057230385
0.82444444444444444444444444444444444,0.0020280051089163976409003188353319123,0.39107086319550452493679897712479836
0.84,0.0018760887020011706256827010879311853,0.40051145327318457205730880244168312
0.85555555555555555555555555555555556,0.0017345872535508150657708365901265573,0.41001052576892703876799569626561556
0.87111111111111111111111111111111111,0.0016028658651656432806940269887363705,0.41956270522053866187604526599835305
0.88666666666666666666666666666666667,0.0014803221838718310459618774135684101,0.42916252217305304315488086214243296
0.90222222222222222222222222222222222,0.0013663851905971471976767878890923078,0.43880442255738242300019902670693195
0.91777777777777777777777777777777778,0.0012606461457750371260729881233316355,0.44847021945813152480745664442448017
0.93333333333333333333333333333333333,0.0011623193571052329020593366436107179,0.4581792982735179139723852010644036
0.94888888888888888888888888888888889,0.0010710628900068179009222673415506696,0.46791339548235297556208836445659757
0.96444444444444444444444444444444444,0.0009864191866768700942917939936891296,0.47766671698313488029811097402765145
0.98,0.00090795619375209548001885432811073619,0.48743343412733703378872653708995028
0.99555555555555555555555555555555555,0.00083526625674687091259537204395730459,0.49720769416688917306994641920691694
1.0111111111111111111111111111111111,0.00076796503879043290408992076055480913,0.50698363077390479418078073316250569
1.0266666666666666666666666666666667,0.00070569046500682617091601083148154947,0.51675537460114769095361403636072808
1.0422222222222222222222222222222222,0.0006481016936935045189298971620803398,0.52651706385155931658165928681886956
1.0577777777777777777777777777777778,0.00059487811527594135311098152725014269,0.53626285482513062003321141932754802
1.0733333333333333333333333333333333,0.00054577955353353823172270085143433506,0.54597435299496844805573929190360986
1.0888888888888888888888888888888889,0.00050039590567886846468334532652479089,0.55567098040451938485308016415510013
1.1044444444444444444444444444444445,0.0004585277700210690538550576057811058,0.56533439886796741820131012067546373
1.12,0.00041992601471981013822790904141296801,0.57495894090460177106593336103667321
1.1355555555555555555555555555555556,0.00038435717545214570086993812539817515,0.58453900841648553283461927010873145
1.1511111111111111111111111111111111,0.00035160263269206112467845580232503988,0.59406908244816605993821653539136704
1.1666666666666666666666666666666667,0.00032145781939640777199750786449274881,0.60354373271172178912827752135919027
1.1822222222222222222222222222222222,0.00029373145898297677329032575299151091,0.61295762684978708841132344080763172
1.1977777777777777777777777777777778,0.00026824483339080363146113342997657356,0.62230553941028047591715583853678519
1.2133333333333333333333333333333333,0.00024483108092557367703786569302430046,0.63158236050774932239318862609334682
1.2288888888888888888888888888888889,0.0002233611923398392460907117894047301,0.64077123740152733901957229493991347
1.2444444444444444444444444444444444,0.00020363448587319684216904487274668773,0.649891157358472216772318528375131
1.26,0.00018554479147450708185538674252763722,0.65892543703218520174996501834907622
1.2755555555555555555555555555555556,0.00016896622073723456503870714305975078,0.66786950815155214985154273939077224
1.2911111111111111111111111111111111,0.00015378166283244470373340273054303642,0.67671895582641223076582805971753503
1.3066666666666666666666666666666667,0.00013988225089788005886191928610546773,0.68546952488029679887241957248096245
1.3222222222222222222222222222222222,0.00012716685433850716365980504974326806,0.69411712573476053045712883414690057
1.3377777777777777777777777777777778,0.00011554159631148413340992282780491868,0.70265783983261908874557535052434471
1.3533333333333333333333333333333333,0.00010491939564322878335117806397669422,0.71108792458920021201816320041726257
1.3688888888888888888888888888888889,0.000095219532406165281501848130776640885,0.71940381786253269052607329719681375
1.3844444444444444444444444444444444,0.000086378185241662895868073868370920984,0.7275915997867750810888357567270435
1.4,0.000078303280641923797317143535387094794,0.73566932325908344874906862302992375
1.4155555555555555555555555555555556,0.000070942794934652401580184348107871756,0.74362329258517110438805523705459151
1.4311111111111111111111111111111111,0.000064237548310983051802136601223657325,0.75145070200777001407122612968266434
1.4466666666666666666666666666666667,0.00005813287753659167980004026736887482,0.75914894115591740288534001652090745
1.4622222222222222222222222222222222,0.000052578326680874788381365128790714923,0.76671559654150531448964337845397883
1.4777777777777777777777777777777778,0.000047527355899693724249569672306910071,0.7741484525623539660691297122402195
1.4933333333333333333333333333333333,0.000042937067484142347769254829968164434,0.78144549201711133916562946689573461
1.5088888888888888888888888888888889,0.000038767948399420895604995297894216755,0.78860489613893350851953666159522698
1.5244444444444444444444444444444444,0.000034988296337994000476124801322924427,0.79561604141016547641181988186870198
1.54,0.000031554887163102321934468779030719798,0.80249569271012181487768816448388984
1.5555555555555555555555555555555556,0.000028442111272958169980634650695253494,0.80923343775704642700262822041977803
1.5711111111111111111111111111111111,0.000025621720056662237636101841400651935,0.81582824231550354153076074837352485
1.5866666666666666666666666666666667,0.000023067783752063048962225779950487392,0.82227926388906515862930311473082736
1.6022222222222222222222222222222222,0.000020756517495809047779356989849119624,0.82858584909770021032204538393237482
1.6177777777777777777777777777777778,0.000018666118901653952551867411505796364,0.83474753066325019788499092397824916
1.6333333333333333333333333333333333,0.00001677661653894701511786906724577209,0.84076402402059468117449611080015784
1.6488888888888888888888888888888889,0.000015069728705548260655025056113767617,0.84663522357304858639016726456548826
1.6644444444444444444444444444444444,0.000013528731912013337107357810604056023,0.85236119861137361192502801128457359
1.68,0.000012140048283597070016537499599585324,0.85793505327765706415913278104101623
1.6955555555555555555555555555555556,0.000010886124247071292494924878873339106,0.86337165137453225010497872559180809
1.7111111111111111111111111111111111,0.0000097561047312584895925801804627558317,0.86866423589001962035111082940064574
1.7266666666666666666666666666666667,0.0000087383576413654648006172182446988138,0.8738135286459731456934121258926947
1.7422222222222222222222222222222222,0.0000078222784815643019951426436526214171,0.87882040163268479222297471513846595
1.7577777777777777777777777777777778,0.0000069982061245847752682384683004955069,0.88368587135122158794103011746918735
1.7733333333333333333333333333333333,0.0000062573448440745269508862833338307191,0.88841109297007658983043356261324191
1.7888888888888888888888888888888889,0.0000055916922046096166745947273110283858,0.89299735431861107984021653125999729
1.8044444444444444444444444444444444,0.0000049939724249009445227488370957975845,0.89744606973971002270765282240500797
1.82,0.0000044575748498568798166902636679338947,0.90175877382392627053876747049307078
1.8355555555555555555555555555555556,0.0000039770869655299896572219246392653172,0.90593178885238524967754105038508584
1.8511111111111111111111111111111111,0.0000035458216538568923356530274853641642,0.90997769372943866924774611919076604
1.8666666666666666666666666666666667,0.0000031594976709474464531026039915507914,0.91389284608381739908497013319064326
1.8822222222222222222222222222222222,0.0000028136395154495092131567186353749089,0.91767919711405000075639794869084973
1.8977777777777777777777777777777778,0.0000025041944362554762746747887377066339,0.92133878592647659487943338847782118
1.9133333333333333333333333333333333,0.0000022274949520124125399847756626465493,0.92487373300729541003695319645096426
1.9288888888888888888888888888888889,0.0000019802244405481756466609324731878173,0.92828623372101799918728038889321265
1.9444444444444444444444444444444444,0.0000017593855719650721245429408647100308,0.93157855185362028280206538631511712
1.96,0.000001562271373400204890753804255722012,0.93475301321789574327437145061540069
1.9755555555555555555555555555555556,0.0000013864387270306440079604133139885365,0.93781199933769080994914399134700124
1.9911111111111111111111111111111111,0.0000012298757035934736117120508475233464,0.94075419729824387713204465873391914
2.0066666666666666666666666666666667,0.0000010901920893749954587463701318505946,0.94358971095701376035754148570656744
2.0222222222222222222222222222222222,0.0000009658136704878403586437234084704067,0.9463171632852486728951320196307097
2.0377777777777777777777777777777778,0.00000085512993478800219614657423611645316,0.94893909756824092692709889671563093
2.0533333333333333333333333333333333,0.00000075669215851075186797799483385890631,0.95145808293541581319670574463292099
2.0688888888888888888888888888888889,0.00000066919801404371909475056554558047111,0.95387670881730768494960516108042381
2.0844444444444444444444444444444444,0.00000059147754870055415560882394101562996,0.95619757957235963475090739344954863
2.1,0.00000052248042217539089978719519987674926,0.95842330929263444737475192687301211
2.1155555555555555555555555555555556,0.00000046126429856649794400924370343149118,0.96055651679653127810668520350309086
2.1311111111111111111111111111111111,0.00000040705045608323710127836240927688092,0.96259723107368450807472338943230785
2.1466666666666666666666666666666667,0.00000035894201875472738074142011943238508,0.9645533570216341158687923421194199
2.1622222222222222222222222222222222,0.00000031633569772165489201634705692147456,0.96642479507458940866299663200176162
2.1777777777777777777777777777777778,0.00000027862487308973618968501744335681748,0.96821413687182345364608080826035704
2.1933333333333333333333333333333333,0.00000024526708602651416449949267229951707,0.96992395676759918145031388836244865
2.2088888888888888888888888888888889,0.00000021577757010106032272210218699200993,0.97155680806135663104812814063883977
2.2244444444444444444444444444444444,0.00000018972339881680515610274524931932803,0.97311521944482421682911840872766537
2.24,0.00000016671819458786480193085449446588847,0.97460169166677500094006790926214755
2.2555555555555555555555555555555556,0.0000001464173488544162192129982387305458,0.97601869441535061939988923391565952
2.2711111111111111111111111111111111,0.00000012851370716013648118209807187502839,0.97736866341711364743990339127982828
2.2866666666666666666666666666666667,0.00000011275285166360843337769066111189174,0.97865237359665204468072304247728931
2.3022222222222222222222222222222222,0.000000098850603649501655183175526147838069,0.97987551238000453276572014499800584
2.3177777777777777777777777777777778,0.000000086612045858967626331538789482499688,0.98103869205498768343364654828391126
2.3333333333333333333333333333333333,0.000000075844551258127887445007979272354427,0.98214418781569422935108617680679994
2.3488888888888888888888888888888889,0.000000066376986351276998205611160296081532,0.98319422956535761121412287678375642
2.3644444444444444444444444444444444,0.000000058057411594193638493464254725251699,0.98419100026025045919696013231702062
2.38,0.000000050751016136254970626201002090316431,0.98513663444650443415339431647336502
2.3955555555555555555555555555555555,0.000000044338264360859405602084649057904421,0.98603321698440050475814253282353093
2.4111111111111111111111111111111111,0.000000038713233709442877820697764282567678,0.98688278195429744983745177999845616
2.4266666666666666666666666666666667,0.000000033782125126100052315223082472023772,0.98768731173802840072789596275456413
2.4422222222222222222222222222222222,0.000000029467162712005749856691648507170131,0.98844777703525658175250548398346047
2.4577777777777777777777777777777778,0.000000025683813327365067056458509498098887,0.98916802542590665314365761385477029
2.4733333333333333333333333333333333,0.000000022373157104912412523487773473971771,0.9898488665659786257753990331678695
2.4888888888888888888888888888888889,0.000000019477874696437707536070633540935823,0.99049207020494687521135505248380878
2.5044444444444444444444444444444444,0.000000016947370942398977561746625510458844,0.99109935219854605202130576278358593
2.52,0.000000014737014829188052261017335731396259,0.99167237449956451409101100598457723
2.5355555555555555555555555555555556,0.00000001280746178963768295925333492166094,0.9922127452749194154541451849385806
2.5511111111111111111111111111111111,0.000000011124049855530999527972431969340569,0.99272201914158543339329687480262505
2.5666666666666666666666666666666667,0.0000000096562619961275564629603296307563837,0.99320169751395228115132307602149764
2.5822222222222222222222222222222222,0.0000000083772477274971031126749302295288244,0.99365322905521943400152301076877334
2.5977777777777777777777777777777778,0.0000000072647429641535593146334888417895439,0.9940774767086620550075709017288481
2.6133333333333333333333333333333333,0.0000000062951364998328984116949016642698768,0.9944768844632666029264777724913299
2.6288888888888888888888888888888889,0.0000000054517520976833508736818278825956227,0.99485217914676650233613278993348035
2.6444444444444444444444444444444444,0.0000000047185987262082371878778389468220558,0.99520460482204141921319865597503647
2.66,0.0000000040816516972971756768408691829446609,0.99553535636417430835886342300590495
2.6755555555555555555555555555555556,0.0000000035286187505178578756220644985952105,0.99584558038595032758528762448868519
2.6911111111111111111111111111111111,0.000000003048732946600168495934422977316373,0.9961363762187213369909072129478567
2.7066666666666666666666666666666667,0.0000000026325694256493031091553822975305152,0.99640879694236470931600454260959711
2.7222222222222222222222222222222222,0.0000000022718833932960945690317208250337261,0.99666385045828305237071987277342727
2.7377777777777777777777777777777778,0.0000000019594669753907526139560783560581351,0.99690250059962036604863611209546834
2.7533333333333333333333333333333333,0.0000000016893484480922712006847012491973906,0.99712538882703854610712408380533675
2.7688888888888888888888888888888889,0.0000000014553342592271880995264564557976909,0.99733397154630269198015266445979707
2.7844444444444444444444444444444444,0.0000000012530022105880289879983963433207871,0.99752878846516948808963325630455449
2.8,0.0000000010781680165220681425417246705312895,0.99771063885012493706252992976927521
2.8155555555555555555555555555555556,0.00000000092718528375867922773723661642652309,0.99788028382033958570907125453404758
2.8311111111111111111111111111111111,0.00000000079687838874627663263286925596991949,0.99803844757264496921150101854961485
2.8466666666666666666666666666666667,0.00000000068448345908266262944220477929787819,0.99818581860994599710514251791998206
2.8622222222222222222222222222222222,0.00000000058759651631471598242103563405936328,0.9983230509692771563510189429212068
2.8777777777777777777777777777777778,0.0000000005041279424686375829919815258676661,0.99845076544596821410673503131036255
2.8933333333333333333333333333333333,0.00000000043234881410913938766700864035302644,0.99856940247550836676861086499920105
2.9088888888888888888888888888888889,0.00000000037049865674113657730907995423563508,0.99867982717633223867399065002851411
2.9244444444444444444444444444444444,0.00000000031731030719736020280203534524176524,0.99878240838074008633457546754583135
2.94,0.00000000027159818034467898407733593076938511,0.99887764600761720512880474241891786
2.9555555555555555555555555555555556,0.00000000023233499311080410671832487987154905,0.99896601268899154960703136746271366
2.9711111111111111111111111111111111,0.00000000019863119205096429550290251488188902,0.99904795491058543627646630942017129
2.9866666666666666666666666666666667,0.00000000016971697591595849322919603889243019,0.99912389413057994527195515648759386
3.0022222222222222222222222222222222,0.00000000014492659658066014393944925721498951,0.99919422787493541657972738757009428
3.0177777777777777777777777777777778,0.00000000012368465890554929604150060271744258,0.99925933080781314703110107127011955
3.0333333333333333333333333333333333,0.00000000010549417312864987070965897713215858,0.9993195557758362740911526897801293
3.0488888888888888888888888888888889,8.9944777531819359186741094193441706e-11,0.99937516550579605212246760719404342
3.0644444444444444444444444444444444,7.6626430038079719737490353642632861e-11,0.99942661616110350756825560480028058
3.08,6.5241811771826590367070198280307906e-11,0.99947412614672353013746583505049356
3.0955555555555555555555555555555556,5.5516001062003424494887575157668385e-11,0.99951797094700652875802876364172142
3.1111111111111111111111111111111111,4.7212287468449853570764963049292753e-11,0.99955840902468450179531918281208548
3.1266666666666666666666666666666667,4.012698950462187045917513409442823e-11,0.99959568269134414294137839905934557
3.1422222222222222222222222222222222,3.408495661715623577943488907861304e-11,0.99963001894752824656168468942851319
3.1577777777777777777777777777777778,2.8935667702122183965213699632692364e-11,0.99966163029241172470776673331654487
3.1733333333333333333333333333333333,2.4549849319341013708801071682028058e-11,0.9996907155031079550615243261067919
3.1888888888888888888888888888888889,2.0816546347163296074510062080104289e-11,0.99971746038376177256397283754101648
3.2044444444444444444444444444444444,1.7644376176593962440923239972913414e-11,0.99974200797828563759802828552711354
3.22,1.4943606740359918978300966775310286e-11,0.99976458378229594021014657922326704
3.2355555555555555555555555555555556,1.2648789695786694549888748574185077e-11,0.99978530568548513103230930437994665
3.2511111111111111111111111111111111,1.0700076919957291688339200511563647e-11,0.99980431451008949495151193848766839
3.2666666666666666666666666666666667,9.0462623766424183550374956250519469e-12,0.99982174140833133122089635495480084
3.2822222222222222222222222222222222,7.6435617539110206722775735849105615e-12,0.99983770843813571911119740380764858
3.2977777777777777777777777777777778,6.4545603109553562604462306390969748e-12,0.99985232911185788228936261019600064
3.3133333333333333333333333333333333,5.4473063536075413364501318332704272e-12,0.99986570891869720986647230156574717
3.3288888888888888888888888888888889,4.5945307022226000820877991898727563e-12,0.99987794582150809356416964837694696
3.3444444444444444444444444444444444,3.8729750881869863366544961998934292e-12,0.99988913072874612107416092381736742
3.36,3.2635405365219521903694669182273698e-12,0.9998993352992059395026246380847648
3.3755555555555555555555555555555556,2.7477750069728434438010196712908614e-12,0.99990866404326200825279340160305337
3.3911111111111111111111111111111111,2.3121575295716050339082516078538798e-12,0.99991717546319341110069616413983815
3.4066666666666666666666666666666667,1.9444542638953406430157396288884443e-12,0.99992493650578703226268782922206847
3.4222222222222222222222222222222222,1.6342634823702930473124730435342506e-12,0.99993200907692825612588586792368809
3.4377777777777777777777777777777778,1.3727467411721166969112654177208633e-12,0.99993845038085067772324122473840533
3.4533333333333333333333333333333333,1.1523986394859649959151741510265784e-12,0.99994431324007702222739799175591435
3.4688888888888888888888888888888889,9.6684975840100414704495718687704758e-13,0.99994964639685228575919175486134239
3.4844444444444444444444444444444444,8.1069810936812313428193752874493383e-13,0.99995449479686225544079367302187977
3.5,6.7952086962542884956976827108632058e-13,0.99995889985602023512510316506663675
3.5155555555555555555555555555555556,5.691032063946299159515157799817334e-13,0.99996289477659407287967376822689658
3.5311111111111111111111111111111111,4.7634662132040276142663233302842015e-13,0.99996652497837765066730942543891628
3.5466666666666666666666666666666667,3.9847303793136831239962145839845517e-13,0.99996981729831341948310540279721027
3.5622222222222222222222222222222222,3.3313369296016410351104773994386634e-13,0.99997280139236191468740738058106847
3.5777777777777777777777777777777778,2.7834403338186253073461596793022467e-13,0.99997550449284436983607239449121782
3.5933333333333333333333333333333333,2.3242828824751536211389645745912519e-13,0.99997795158926840421314602424026787
3.6088888888888888888888888888888889,1.9397230854774942474989827811338103e-13,0.99998016559725682837323747855621173
3.6244444444444444444444444444444444,1.617834681182655703540441833652846e-13,0.99998216751622019196584605502315715
3.64,1.3485659072800207734033659577060979e-13,0.99998397657639162251064639801292742
3.6555555555555555555555555555555556,1.1237164097277479453431031702127149e-13,0.99998560836577361140024458403499195
3.6711111111111111111111111111111111,9.35582882097294314485260769720842e-14,0.99998708319422398981359945845423149
3.6866666666666666666666666666666667,7.7848699176670008753540000542534854e-14,0.9999884135444563297082528682011298
3.7022222222222222222222222222222222,6.4738700200747800147538023437660927e-14,0.99998961284955927521644683016348597
3.7177777777777777777777777777777778,5.3804684318642073835676156667192386e-14,0.99999069336899259007722569871268897
3.7333333333333333333333333333333333,4.4690958649854366549282136695087639e-14,0.99999166628352730398975223080554777
3.7488888888888888888888888888888889,3.7099042339525638455220909660017236e-14,0.99999254178324361742225021985279011
3.7644444444444444444444444444444444,3.0778620268493831013092570473122906e-14,0.99999332914902514872596806435012977
3.78,2.5519901342813633614729615160199198e-14,0.99999403682796667406240262895753768
3.7955555555555555555555555555555556,2.1147167484415464348858775061373103e-14,0.99999467250309155368675254474793128
3.8111111111111111111111111111111111,1.751761579294509191515578702384545e-14,0.99999524245782284429038396065026294
3.8266666666666666666666666666666667,1.4498905188309663937148820770372269e-14,0.99999575450731644058750271781278674
3.8422222222222222222222222222222222,1.1993300626085834015499020440775678e-14,0.99999621363010527299387368901526703
3.8577777777777777777777777777777778,9.9148352671886554758169349139309334e-15,0.9999966250496955659041482031975543
3.8733333333333333333333333333333333,8.1917282186612632634747856578241439e-15,0.9999969935011657406070080013011206
3.8888888888888888888888888888888889,6.7640808932773112255373663371726802e-15,0.99999732327396363631116408009764495
3.9044444444444444444444444444444444,5.5819411406109009365657937904899388e-15,0.99999761825124791776788430368338677
3.92,4.603677490352132872450258482802181e-15,0.99999788194602367027651951547062547
3.9355555555555555555555555555555556,3.7946147148342158274510465588329785e-15,0.99999811753430687218300857136636839
3.9511111111111111111111111111111111,3.1258894487301406362733741673705228e-15,0.99999832788553780219047562558055802
3.9666666666666666666666666666666667,2.5741402876360275500765844544209253e-15,0.99999851536092360866757106179799227
3.9822222222222222222222222222222222,2.1179937356467615352656464278453762e-15,0.999998682781954215027365903875117
3.9977777777777777777777777777777778,1.741647243187396810447522434409002e-15,0.99999883199931201124343801475332029
4.0133333333333333333333333333333333,1.4313266777295578116048842269757919e-15,0.99999896491244312191103646764376422
4.0288888888888888888888888888888889,1.1756021107335528261220268205868659e-15,0.99999908323175664474751435033871781
4.0444444444444444444444444444444444,9.6499474566384023754023444023085409e-16,0.99999918849641912337127338606246714
4.06,7.9164872908653249913334459178016465e-16,0.99999928209058369260883084730383388
4.0755555555555555555555555555555556,6.4905731153615625627321343911816877e-16,0.99999936525818017732956512611802385
4.0911111111111111111111111111111111,5.3183450483743866414855175564561159e-16,0.99999943911638338678507825248114389
4.1066666666666666666666666666666667,4.3552479964130051445146769621135443e-16,0.99999950466786834210716996839382134
4.1222222222222222222222222222222222,3.5653736517989321693153226949750047e-16,0.99999956274107151835704454972813278
4.1377777777777777777777777777777778,2.9162686635317107250566058600173834e-16,0.99999961429190802464561692383874336
4.1533333333333333333333333333333333,2.3839265204020436147544383649654219e-16,0.99999965996258795789481978691456251
4.1688888888888888888888888888888889,1.9476056775868447290673494667936353e-16,0.99999970039954312639120760511368662
4.1844444444444444444444444444444444,1.5902009613132994562312076763141034e-16,0.99999973618104986950504618610596549
4.2,1.2976147822080951436158621630640365e-16,0.99999976782407610978683581392794334
4.2155555555555555555555555555555556,1.0582355086593446371640677256471451e-16,0.9999997957904788129465665812809996
4.2311111111111111111111111111111111,8.6250501536817043141713320773284282e-17,0.99999982049260929448418866442379165
4.2466666666666666666666666666666667,7.0256039208295869355208963837138836e-17,0.99999984229837917659027880952679119
4.2622222222222222222222222222222222,5.7208991948431909759468839417580171e-17,0.99999986151244819371594748642460648
4.2777777777777777777777777777777778,4.6544896781126517709213218819655866e-17,0.99999987847667542485281245855867375
4.2933333333333333333333333333333333,3.7846221260915001980061576812028532e-17,0.99999989342488088479059510115539358
4.3088888888888888888888888888888889,3.075499310620929554236416926096582e-17,0.99999990658874057801902569035480528
4.3244444444444444444444444444444444,2.4977638894051554465849511491747888e-17,0.99999991817429014852459882250586349
4.34,2.0273547613818605427030352758346434e-17,0.99999992836464350222308328616549869
4.3555555555555555555555555555555556,1.6445637824354413293587748485654018e-17,0.9999999373224371992635520721404111
4.3711111111111111111111111111111111,1.3332582368777545861930228861221551e-17,0.99999994519202667517965262551278008
4.3866666666666666666666666666666667,1.0802403473924335377322204613632861e-17,0.99999995210145805121148385077595567
4.4022222222222222222222222222222222,8.7472000765606425709098575588559493e-18,0.99999995816423717915035038405248647
4.4177777777777777777777777777777778,7.0807534897545772471280278278627957e-18,0.99999996347447181245695002692578711
4.4333333333333333333333333333333333,5.7268197689308233841455348791707376e-18,0.99999996813486579183892299734056284
4.4488888888888888888888888888888889,4.6290305804175425410357445499564854e-18,0.99999997221683792691833103320474677
4.4644444444444444444444444444444445,3.7394614522098278475157942982865212e-18,0.99999997579003235226382701585389722
4.48,3.0190515648274732106073640253852677e-18,0.99999997891598552957721901574286209
4.4955555555555555555555555555555556,2.4359840635707156229715344791136891e-18,0.99999998164903503352093739369717097
4.5111111111111111111111111111111111,1.9643586324202122379033707004921863e-18,0.99999998403713078825174434567278862
4.5266666666666666666666666666666667,1.5831042858476353869985601532315019e-18,0.9999999861225587089101788802867085
4.5422222222222222222222222222222222,1.2750894743907054270461426082073086e-18,0.99999998794258574664571096097052014
4.5577777777777777777777777777777778,1.0263941577564531549542226740726861e-18,0.99999998953003446505453275898213234
4.5733333333333333333333333333333333,8.2594778983618568701057197523836908e-19,0.99999999091212250106192184250226126
4.5888888888888888888888888888888889,6.6406583826788208755742235818181682e-19,0.99999999211782127569808200705068109
4.6044444444444444444444444444444445,5.3359531580048276644299947775582645e-19,0.9999999931675537883726107281197816
4.62,4.285043022967346598013245259502138e-19,0.99999999408094680383427478235415428
4.6355555555555555555555555555555556,3.4390671678022823142614055963163035e-19,0.99999999487523102086004394713862898
4.6511111111111111111111111111111111,2.7584708978968362391792360227760681e-19,0.99999999556552389194285929676777727
4.6666666666666666666666666666666667,2.2112529037962621382764954531954804e-19,0.99999999616508030467511252242510557
4.6822222222222222222222222222222222,1.7715388121419540638208004731630706e-19,0.99999999668551462118790360771855205
4.6977777777777777777777777777777778,1.4184210149648403937984832505619964e-19,0.99999999713699721059645322964776479
4.7133333333333333333333333333333333,1.1350156690306769572538890336476943e-19,0.99999999752842828310450833425896722
4.7288888888888888888888888888888889,9.0795986143625383961999921002571917e-20,0.99999999786718298842130705121038223
4.7444444444444444444444444444444444,7.2568486785732465971173300185210356e-20,0.99999999816093621255493922609505461
4.76,5.7965775883833977668062885793348502e-20,0.99999999841515924613017710677711513
4.7755555555555555555555555555555556,4.6274037423027125153440083429724669e-20,0.99999999863503956610708476079713554
4.7911111111111111111111111111111111,3.6918604159998196332273977657177089e-20,0.9999999988251023265695265256931502
4.8066666666666666666666666666666667,2.9437117134360804113752941214646644e-20,0.99999999898929240631509098500388162
4.8222222222222222222222222222222222,2.3457805926294624053531431089998231e-20,0.99999999913104662863402605678814313
4.8377777777777777777777777777777778,1.8681923820688859292917297997967892e-20,0.99999999925335728660703636765866843
4.8533333333333333333333333333333333,1.4869552042783157530210060374772927e-20,0.99999999935882798214140214448818851
4.8688888888888888888888888888888889,1.1828134104714886154180362947536888e-20,0.99999999944972267497320613981527074
4.8844444444444444444444444444444444,9.4060196120749407483235178316061529e-21,0.99999999952791472454552158742760098
4.9,7.473235329269743595123926974684571e-21,0.99999999959531382492198136154414141
4.9155555555555555555555555555555556,5.9340808640129577535278224894903373e-21,0.99999999965329390091779946962421784
4.9311111111111111111111111111111111,4.7091255765119000239673091827355588e-21,0.99999999970314131914271063615471861
4.9466666666666666666666666666666667,3.7348148687817990939440126215541576e-21,0.99999999974597109165588445408169024
4.9622222222222222222222222222222222,2.9603282420054870826313513746600086e-21,0.99999999978274908878689542678833018
4.9777777777777777777777777777777778,2.345052802256386202362078431093134e-21,0.99999999981431145759503121415016717
4.9933333333333333333333333333333333,1.8565529410685011961917692802852414e-21,0.99999999984138158593487795907035399
5.0088888888888888888888888888888889,1.4689397765589652308211402854569872e-21,0.99999999986458491226989464875002008
5.0244444444444444444444444444444444,1.1619162155878122281052350942262789e-21,0.99999999988443804191176060566797583
5.04,9.1823880317632927093948576309308712e-22,0.99999999990145865875369043634231947
5.0555555555555555555555555555555556,7.2523435765202523898372212975645491e-22,0.9999999999160217373275236066834282
5.0711111111111111111111111111111111,5.724571531198849516849644487895246e-22,0.99999999992847463154599251283460903
5.0866666666666666666666666666666667,4.5159536512324885602862408665190479e-22,0.99999999993911671386679304981638053
5.1022222222222222222222222222222222,3.5603920727551675574915819624932697e-22,0.99999999994820584015833151738549795
5.1177777777777777777777777777777778,2.8053562585724449728403825002734367e-22,0.99999999995596396690555486188863823
5.1333333333333333333333333333333333,2.2091237736859167902379052020947572e-22,0.9999999999625820286089400346913912
5.1488888888888888888888888888888889,1.7385768646188658911726568671137273e-22,0.99999999996822416995987331554246532
5.1644444444444444444444444444444444,1.3674439908818207528422767542886329e-22,0.99999999997303141567750946513932499
5.18,1.0752329692619470073354921472702848e-22,0.99999999997711996345808635142634541
5.1955555555555555555555555555555556,8.4469927548493355411276151125191121e-23,0.99999999998060421577560321555936845
5.2111111111111111111111111111111111,6.631983380314667895598129808833801e-23,0.99999999998356754511415207392691946
5.2266666666666666666666666666666667,5.2038704711937694831838060049965027e-23,0.99999999998608632057066047488514593
5.2422222222222222222222222222222222,4.0808558101983025489495702117138556e-23,0.99999999998822594818134654783223297
5.2577777777777777777777777777777778,3.1982891532271892734969840894596038e-23,0.99999999999004240945451400947727744
5.2733333333333333333333333333333333,2.5051046986375659796071827194619061e-23,0.99999999999158358923107227029572303
5.2888888888888888888888888888888889,1.9609914231957196743403322405304213e-23,0.99999999999289042095525427542282234
5.3044444444444444444444444444444444,1.5341475635060951120182844015608726e-23,0.99999999999399787380408693914851214
5.32,1.199499771948279338980743345728908e-23,0.99999999999493580294514860817563105
5.3355555555555555555555555555555556,9.3759156315492136454665172141272308e-24,0.99999999999572873652114796225742094
5.3511111111111111111111111111111111,7.3220067328977322613793008584834572e-24,0.99999999999640043062319446769090641
5.3666666666666666666666666666666667,5.7146285636322945731033361023224123e-24,0.99999999999696828147793845523254036
5.3822222222222222222222222222222222,4.4574581159002149755550578675708725e-24,0.99999999999744805496164841608865578
5.3977777777777777777777777777777778,3.4747841052247111308359644498307224e-24,0.99999999999785316910735331233467932
5.4133333333333333333333333333333333,2.707132812511739933224028576836845e-24,0.99999999999819503658159743775940292
5.4288888888888888888888888888888889,2.1078142767407017462440409599385405e-24,0.99999999999848335830647467884848683
5.4444444444444444444444444444444444,1.6401968983662926237004995616779622e-24,0.9999999999987263750295266936086904
5.46,1.2755581773820669040005930603107663e-24,0.99999999999893108272162187971496233
5.4755555555555555555555555555555556,9.9139085505250668574551806266945458e-25,0.99999999999910341688195478545911214
5.4911111111111111111111111111111111,7.7032113686283007637305946451722604e-25,0.99999999999924823809139132160567793
5.5066666666666666666666666666666667,5.9799324432675720965287358067609435e-25,0.99999999999937018227964485010082748
5.5222222222222222222222222222222222,4.6393766571219255891805057775981086e-25,0.99999999999947265689143082122423567
5.5377777777777777777777777777777778,3.5971710271313525587120290650227399e-25,0.99999999999955871873897954697924014
5.5533333333333333333333333333333333,2.7874020267890527727028722797914132e-25,0.9999999999996309531701825938561561
5.5688888888888888888888888888888889,2.1586084626254609949745990000953396e-25,0.99999999999969154541721333338122856
5.5844444444444444444444444444444444,1.6706372099096252754428375774986364e-25,0.99999999999974234136500687334614908
5.6,1.2921775488385548419830594579141474e-25,0.99999999999978489927451205630695305
5.6155555555555555555555555555555556,9.9882885195496757483373584293117617e-26,0.99999999999982053377817862426900332
5.6311111111111111111111111111111111,7.7184555766271396530453387086150962e-26,0.99999999999985031799327727416617644
5.6466666666666666666666666666666667,5.9586079025008565794741761254077112e-26,0.99999999999987526221294502306257721
5.6622222222222222222222222222222222,4.5969826102339428848431703828429542e-26,0.99999999999989611088096407038396045
5.6777777777777777777777777777777778,3.5441014612837758565691259843126721e-26,0.99999999999991352597862700932700272
5.6933333333333333333333333333333333,2.7304464591286720786496143633408234e-26,0.99999999999992806424840121307064166
5.7088888888888888888888888888888889,2.1020402661410620001446308777288027e-26,0.99999999999994019363228635849580786
5.7244444444444444444444444444444444,1.616997733475394349143002578670615e-26,0.9999999999999503071902539055976485
5.74,1.2428368365542155464150013793950556e-26,0.9999999999999587348773657705231573
5.7555555555555555555555555555555556,9.5438309130444891269697843527427185e-27,0.99999999999996575350250802771091797
5.7711111111111111111111111111111111,7.3213748971566285975960687020651427e-27,0.9999999999999715951440072364665996
5.7866666666666666666666666666666667,5.612001756117129283648306944290697e-27,0.99999999999997644852470896441841599
5.8022222222222222222222222222222222,4.2946179569379188387780750540903556e-27,0.99999999999998048890587685013456689
5.8177777777777777777777777777777778,3.2814363981529357461098792648966638e-27,0.99999999999998384568801385722347866
5.8333333333333333333333333333333333,2.5026803331888947175505794303532593e-27,0.9999999999999866328562340918702749
5.8488888888888888888888888888888889,1.904468749773831876639982027791148e-27,0.99999999999998894567933373740038875
5.8644444444444444444444444444444444,1.4452206117699344738627987040588733e-27,0.99999999999999086373346588228448036
5.88,1.0928666178885599265854836447433663e-27,0.99999999999999245344568439228226226
5.8955555555555555555555555555555555,8.2268847889212847526769079842109938e-28,0.99999999999999377023220861303719829
5.9111111111111111111111111111111111,6.1564553655721420934552431572152981e-28,0.99999999999999486029481881705074194
5.9266666666666666666666666666666667,4.5707961067561698352585164067281229e-28,0.99999999999999576212906276789011282
5.9422222222222222222222222222222222,3.3585031661235870643184165904707725e-28,0.99999999999999650691280739079014028
5.9577777777777777777777777777777778,2.4297990975597734987202009183475026e-28,0.99999999999999712322731161003149667
5.9733333333333333333333333333333333,1.7198211421750563468618814187227148e-28,0.99999999999999763220135096479224932
5.9888888888888888888888888888888889,1.1773812012218827867091325929249033e-28,0.99999999999999805227755711373027638
6.0044444444444444444444444444444444,7.6319287849064245414538400714975471e-29,0.99999999999999839877476830181235281
6.02,4.4712269353454393706869831332834963e-29,0.99999999999999868440923593139592038
6.0355555555555555555555555555555556,2.0607169122369583301049041531653651e-29,0.99999999999999891973023893376094193
6.0511111111111111111111111111111111,2.2344043533018431172960792932630089e-30,0.99999999999999911348392684438874692
6.0666666666666666666666666666666667,-1.1760851342261384287649610194892864e-29,0.99999999999999927291702048530738725
6.0822222222222222222222222222222222,-2.2415257784345272061349245497491654e-29,0.99999999999999940403014819389460651
6.0977777777777777777777777777777778,-3.051241320245182810552818391850683e-29,0.99999999999999951166270341974566356
6.1133333333333333333333333333333333,-3.6678602370542070025717690522585954e-29,0.99999999999999960019670071746341603
6.1288888888888888888888888888888889,-4.1364715689985658236739968232851643e-29,0.99999999999999967287349146732646036
6.1444444444444444444444444444444444,-4.49241064070527312397484480918501e-29,0.99999999999999973249742428742708669
6.16,-4.7626358152626265983362776369888975e-29,0.9999999999999997813834469780712405
6.1755555555555555555555555555555556,-4.9677055337773480121640682841344075e-29,0.99999999999999982144133054764755538
6.1911111111111111111111111111111111,-5.1232904548505600805460239495851073e-29,0.99999999999999985424561005331940567
6.2066666666666666666666666666666667,-5.241333133239865617292678825002033e-29,0.99999999999999988109362717277471804
6.2222222222222222222222222222222222,-5.3309349679628621771752567614605931e-29,0.99999999999999990305366770289280245
6.2377777777777777777777777777777778,-5.3990369545855902590672861241540046e-29,0.99999999999999992100485868387181442
6.2533333333333333333333333333333333,-5.4508793199706257318722406799416582e-29,0.99999999999999993565307493488300859
6.2688888888888888888888888888888889,-5.4906507830718695085828159696007224e-29,0.9999999999999999476300016366759693
6.2844444444444444444444444444444444,-5.521399541800325879381675883220599e-29,0.9999999999999999574029023335374631
6.3,-5.5455538559787907223540942187720069e-29,0.99999999999999996537258059007899751
6.3155555555555555555555555555555556,-5.5650307511819437945252540910182613e-29,0.9999999999999999718678519627470152
6.3311111111111111111111111111111111,-5.5813843978617699767455163012221586e-29,0.99999999999999997715830691992411508
6.3466666666666666666666666666666667,-5.5959250702003681383639382653148057e-29,0.9999999999999999814648416157595014
6.3622222222222222222222222222222222,-5.6098224955732754327459746252119732e-29,0.99999999999999998496834134756356908
6.3777777777777777777777777777777778,-5.624195561225355949322360374974197e-29,0.99999999999999998781683617699516125
6.3933333333333333333333333333333333,-5.6401781772192772863581823491149585e-29,0.99999999999999999012869624680256325
6.4088888888888888888888888888888889,-5.6590938961213252017621879784132892e-29,0.99999999999999999200877929394711856
6.4244444444444444444444444444444444,-5.6824333199999808087208821307975254e-29,0.99999999999999999353461700546616948
6.44,-5.7120506665912650786156096434690621e-29,0.99999999999999999477221291199292199
6.4555555555555555555555555555555556,-5.7502863569026086940976113505608743e-29,0.99999999999999999577541538209815726
6.4711111111111111111111111111111111,-5.8001469481331324166368688576392691e-29,0.99999999999999999658812898746435511
6.4866666666666666666666666666666667,-5.8655336380205034309907785843993567e-29,0.99999999999999999724612865828375629
6.5022222222222222222222222222222222,-5.9515379369349976751810311409662577e-29,0.99999999999999999777854702801902842
6.5177777777777777777777777777777778,-6.0648264589022754113756198459881437e-29,0.9999999999999999982090930639426269
6.5333333333333333333333333333333333,-6.2141397261742317520808221484234959e-29,0.99999999999999999855704989543692754
6.5488888888888888888888888888888889,-6.4106549644014796443793590346360612e-29,0.99999999999999999883776479990364442
6.5644444444444444444444444444444444,-6.6699124534047147001623788591451175e-29,0.99999999999999999906468606405530825
6.58,-7.0114274118539154998183762909455057e-29,0.99999999999999999924774837096697232
6.5955555555555555555555555555555556,-7.4610837363485388722012195935924602e-29,0.99999999999999999939534005100996786
6.6111111111111111111111111111111111,-8.052809823779871374014711111008642e-29,0.99999999999999999951426255105350769
6.6266666666666666666666666666666667,-8.8310564334889468159638348222305187e-29,0.99999999999999999961002723805406634
6.6422222222222222222222222222222222,-9.8540251025674638194798419344337605e-29,0.9999999999999999996870973456511244
6.6577777777777777777777777777777778,-1.1197879236820171579488798084704186e-28,0.99999999999999999974908507752417468
6.6733333333333333333333333333333333,-1.2962227509792811638287255583487134e-28,0.99999999999999999979891207698857575
6.6888888888888888888888888888888889,-1.5277261624337542527121740666589646e-28,0.99999999999999999983893998870339521
6.7044444444444444444444444444444444,-1.8308557327766274395587749823320093e-28,0.99999999999999999987103939725148003
6.72,-2.228570695278472138549605126106355e-28,0.99999999999999999989683234562836232
6.7355555555555555555555555555555556,-2.7494832820925404370541482882899782e-28,0.99999999999999999991751551799142286
6.7511111111111111111111111111111111,-3.4313464183446435243110134860037355e-28,0.99999999999999999993409124257991098
6.7666666666666666666666666666666667,-4.3233547391593495900151636757031269e-28,0.99999999999999999994736723824582155
6.7822222222222222222222222222222222,-5.4895730830331684006262426857247251e-28,0.99999999999999999995799399868999085
6.7977777777777777777777777777777778,-7.0133802897711964664480949505794591e-28,0.99999999999999999996649507447573103
6.8133333333333333333333333333333333,-9.0032259654283199417535659159586641e-28,0.99999999999999999997329158656879619
6.8288888888888888888888888888888889,-1.160008320912238277238127945631651e-27,0.99999999999999999997872205769468688
6.8444444444444444444444444444444444,-1.4987088634848076790536973077526634e-27,0.99999999999999999998305844568073485
6.86,-1.9395501984425299912139823438940005e-27,0.99999999999999999998651510213718488
6.8755555555555555555555555555555556,-2.5144876562551924934327068794380858e-27,0.99999999999999999998927602591526852
6.8911111111111111111111111111111111,-3.263012860663387857834011658655196e-27,0.99999999999999999999147673686786579
6.9066666666666666666666666666666667,-4.2369511502515787665527558117779902e-27,0.99999999999999999999322985346553087
6.9222222222222222222222222222222222,-5.5034233734335964229237845152242231e-27,0.99999999999999999999462557187484197
6.9377777777777777777777777777777778,-7.1493069440099292366959192161861291e-27,0.99999999999999999999573608583130458
6.9533333333333333333333333333333333,-9.2869823329465763738244193953416294e-27,0.99999999999999999999661914426746604
6.9688888888888888888888888888888889,-1.2061730745988430737784606303085981e-26,0.99999999999999999999732091309907517
6.9844444444444444444444444444444444,-1.5661251451322491252766002412243612e-26,0.99999999999999999999787827581785156
7.0,-2.0321037327422294658965171032808947e-26,0.99999999999999999999832068177393962
