zeta,trade_off_alpha,trade_off_beta
-7.0,0.99999999999999999999832068177393961,-2.0321037334475260763898896080621366e-26
-6.9844444444444444444444444444444444,0.99999999999999999999787827581785154,-1.5661251457999299165436595457506036e-26
-6.9688888888888888888888888888888889,0.99999999999999999999732091309907516,-1.2061730752524179328356524847392156e-26
-6.9533333333333333333333333333333333,0.99999999999999999999661914426746602,-9.2869823393412656422976634386915562e-27
-6.9377777777777777777777777777777778,0.99999999999999999999573608583130456,-7.1493069502635591830704887585798075e-27
-6.9222222222222222222222222222222222,0.99999999999999999999462557187484196,-5.5034233795461670471996795566616531e-27
-6.9066666666666666666666666666666667,0.99999999999999999999322985346553085,-4.2369511564581889388944338538529191e-27
-6.8911111111111111111111111111111111,0.99999999999999999999147673686786578,-3.2630128666348991600112321991363776e-27
-6.8755555555555555555555555555555556,0.9999999999999999999892760259152685,-2.5144876621796840215770359196005179e-27
-6.86,0.99999999999999999998651510213718486,-1.9395502042729819712925283834189337e-27
-6.8444444444444444444444444444444444,0.99999999999999999998305844568073484,-1.4987088690331410149348943453650999e-27
-6.8288888888888888888888888888888889,0.99999999999999999997872205769468686,-1.160008326319512291020650482287839e-27
-6.8133333333333333333333333333333333,0.99999999999999999997329158656879617,-9.0032260190308623392498762793330502e-28
-6.7977777777777777777777777777777778,0.99999999999999999996649507447573101,-7.0133803433737388639444053139538452e-28
-6.7822222222222222222222222222222222,0.99999999999999999995799399868999083,-5.489573135695315317464723042724122e-28
-6.7666666666666666666666666666666667,0.99999999999999999994736723824582153,-4.3233547899407055455379840199525453e-28
-6.7511111111111111111111111111111111,0.99999999999999999993409124257991096,-3.4313464663048130378603438111281863e-28
-6.7355555555555555555555555555555556,0.99999999999999999991751551799142284,-2.7494833314633031715902236229769128e-28
-6.72,0.9999999999999999998968323456283623,-2.2285707441790371327567654576057949e-28
-6.7044444444444444444444444444444444,0.99999999999999999987103939725148001,-1.83085578073679695310810530745646e-28
-6.6888888888888888888888888888888889,0.99999999999999999983893998870339519,-1.5277262066323418436301843662834584e-28
-6.6733333333333333333333333333333333,0.99999999999999999979891207698857573,-1.2962227918864845724443308356607449e-28
-6.6577777777777777777777777777777778,0.99999999999999999974908507752417466,-1.1197879659998137875512300953449339e-28
-6.6422222222222222222222222222222222,0.99999999999999999968709734565112438,-9.8540255210434527122141947713039677e-29
-6.6266666666666666666666666666666667,0.99999999999999999961002723805406632,-8.8310568425609809021198875953508336e-29
-6.6111111111111111111111111111111111,0.99999999999999999951426255105350767,-8.0528102093420184437250137247542263e-29
-6.5955555555555555555555555555555556,0.99999999999999999939534005100996784,-7.461084107804753732044072111713206e-29
-6.58,0.9999999999999999992477483709669723,-7.0114277786081529563720787771913053e-29
-6.5644444444444444444444444444444444,0.99999999999999999906468606405530823,-6.6699128060530199468486312497660786e-29
-6.5488888888888888888888888888888889,0.9999999999999999988377647999036444,-6.4106553123478074877764613933820762e-29
-6.5333333333333333333333333333333333,0.99999999999999999855704989543692752,-6.2141400600146273856104744115446725e-29
-6.5177777777777777777777777777777778,0.99999999999999999820909306394262688,-6.0648267786367388350378220134844818e-29
-6.5022222222222222222222222222222222,0.9999999999999999977785470280190284,-5.951538261371438502132383340337542e-29
-6.4866666666666666666666666666666667,0.99999999999999999724612865828375626,-5.8655339412980459431409556403333833e-29
-6.4711111111111111111111111111111111,0.99999999999999999658812898746435509,-5.8001472490596862271424708976358227e-29
-6.4555555555555555555555555555555556,0.99999999999999999577541538209815724,-5.7502866366702641898020382471201702e-29
-6.44,0.99999999999999999477221291199292196,-5.7120509322529883644525864444035195e-29
-6.4244444444444444444444444444444444,0.99999999999999999353461700546616946,-5.6824335809597266912687088998570366e-29
-6.4088888888888888888888888888888889,0.99999999999999999200877929394711853,-5.6590941476771162777317146837229082e-29
-6.3933333333333333333333333333333333,0.99999999999999999012869624680256323,-5.6401784123181474508156839428622659e-29
-6.3777777777777777777777777777777778,0.99999999999999998781683617699516123,-5.624195784569282605556986889034139e-29
-6.3622222222222222222222222222222222,0.99999999999999998496834134756356906,-5.609822709513247282402301075522023e-29
-6.3466666666666666666666666666666667,0.99999999999999998146484161575950137,-5.5959252888423173913094147474998016e-29
-6.3311111111111111111111111111111111,0.99999999999999997715830691992411505,-5.581384600046798318178967671844843e-29
-6.3155555555555555555555555555555556,0.99999999999999997186785196274701518,-5.565030929857085119512955302266215e-29
-6.3,0.99999999999999996537258059007899748,-5.5455540346539320473417954300199605e-29
-6.2844444444444444444444444444444444,0.99999999999999995740290233353746307,-5.5213997016675575912127769669687681e-29
-6.2688888888888888888888888888888889,0.99999999999999994763000163667596927,-5.4906509335351464138356169895989992e-29
-6.2533333333333333333333333333333333,0.99999999999999993565307493488300857,-5.4508794633809365321913166521275157e-29
-6.2377777777777777777777777777777778,0.99999999999999992100485868387181439,-5.3990370874164519019857745246212333e-29
-6.2222222222222222222222222222222222,0.99999999999999990305366770289280242,-5.3309350866877916102262950663029834e-29
-6.2066666666666666666666666666666667,0.99999999999999988109362717277471802,-5.2413332390343571912985545421883213e-29
-6.1911111111111111111111111111111111,0.99999999999999985424561005331940565,-5.1232905559430742512627496348964495e-29
-6.1755555555555555555555555555555556,0.99999999999999982144133054764755536,-4.9677056195884356221910563658521747e-29
-6.16,0.99999999999999978138344697807124047,-4.762635892845253752607253162925509e-29
-6.1444444444444444444444444444444444,0.99999999999999973249742428742708666,-4.4924107053574624192006577474655195e-29
-6.1288888888888888888888888888888889,0.99999999999999967287349146732646034,-4.1364716218958116106769346818783085e-29
-6.1133333333333333333333333333333333,0.999999999999999600196700717463416,-3.6678602805474979829964068471018473e-29
-6.0977777777777777777777777777777778,0.99999999999999951166270341974566353,-3.0512413525712774581657248609909377e-29
-6.0822222222222222222222222222222222,0.99999999999999940403014819389460649,-2.2415257990056783455249559392020548e-29
-6.0666666666666666666666666666666667,0.99999999999999927291702048530738723,-1.1760851437035616322696540524872247e-29
-6.0511111111111111111111111111111111,0.99999999999999911348392684438874689,2.2344043690975484564705676815929062e-30
-6.0355555555555555555555555555555556,0.99999999999999891973023893376094191,2.0607169248735226014444948638292829e-29
-6.02,0.99999999999999868440923593139592035,4.471226958855326387132733292658227e-29
-6.0044444444444444444444444444444444,0.99999999999999839877476830181235278,7.6319288201712550661224653105596432e-29
-5.9888888888888888888888888888888889,0.99999999999999805227755711373027635,1.1773812058063107549160538740029758e-28
-5.9733333333333333333333333333333333,0.99999999999999763220135096479224929,1.7198211478174292308088614569726502e-28
-5.9577777777777777777777777777777778,0.99999999999999712322731161003149664,2.429799104553964886112811590761485e-28
-5.9422222222222222222222222222222222,0.99999999999999650691280739079014025,3.3585031740581739323688572692597441e-28
-5.9266666666666666666666666666666667,0.99999999999999576212906276789011279,4.5707961159250257716723589688842679e-28
-5.9111111111111111111111111111111111,0.99999999999999486029481881705074191,6.1564553759164923806913732273401796e-28
-5.8955555555555555555555555555555556,0.99999999999999377023220861303719826,8.2268848004411293907353255623046119e-28
-5.88,0.99999999999999245344568439228226222,1.0928666192051135995064456536683513e-27
-5.8644444444444444444444444444444444,0.99999999999999086373346588228448033,1.4452206131335079208166522133026077e-27
-5.8488888888888888888888888888888889,0.99999999999998894567933373740038872,1.9044687512902195892007329130708181e-27
-5.8333333333333333333333333333333333,0.99999999999998663285623409187027487,2.5026803348228318651935590664298031e-27
-5.8177777777777777777777777777777778,0.99999999999998384568801385722347863,3.2814363999161772723433105268497686e-27
-5.8022222222222222222222222222222222,0.99999999999998048890587685013456685,4.2946179588422196871101808169997088e-27
-5.7866666666666666666666666666666667,0.99999999999997644852470896441841594,5.6120017581154696800461957078375492e-27
-5.7711111111111111111111111111111111,0.99999999999997159514400723646659955,7.3213748993430480901255234668869927e-27
-5.7555555555555555555555555555555556,0.99999999999996575350250802771091792,9.5438309153014382805485763680426926e-27
-5.74,0.99999999999995873487736577052315725,1.2428368367916654052811034560047404e-26
-5.7244444444444444444444444444444444,0.99999999999995030719025390559764845,1.6169977337222481628156829553440497e-26
-5.7088888888888888888888888888888889,0.9999999999999401936322863584958078,2.1020402663926177912206004044341123e-26
-5.6933333333333333333333333333333333,0.99999999999992806424840121307064159,2.7304464594037377567420296402055078e-26
-5.6777777777777777777777777777777778,0.99999999999991352597862700932700264,3.5441014615682454894681195612411064e-26
-5.6622222222222222222222222222222222,0.99999999999989611088096407038396037,4.5969826105301674612503868348510758e-26
-5.6466666666666666666666666666666667,0.99999999999987526221294502306257713,5.9586079028182400541961937525592701e-26
-5.6311111111111111111111111111111111,0.99999999999985031799327727416617635,7.7184555769562780712755792108463424e-26
-5.6155555555555555555555555555555556,0.99999999999982053377817862426900322,9.9882885198905691100758218066226953e-26
-5.6,0.99999999999978489927451205630695294,1.2921775488738196725077280831532095e-25
-5.5844444444444444444444444444444444,0.99999999999974234136500687334614895,1.6706372099467708969288218627504485e-25
-5.5688888888888888888888888888888889,0.99999999999969154541721333338122843,2.1586084626640172096815700303567141e-25
-5.5533333333333333333333333333333333,0.99999999999963095317018259385615596,2.7874020268294897783711589700655377e-25
-5.5377777777777777777777777777777778,0.99999999999955871873897954697923998,3.5971710271736703553416314153096144e-25
-5.5222222222222222222222222222222222,0.99999999999947265689143082122423551,4.6393766571656539790310948728945456e-25
-5.5066666666666666666666666666666667,0.99999999999937018227964485010082731,5.979932443312711079600311647066943e-25
-5.4911111111111111111111111111111111,0.99999999999924823809139132160567774,7.7032113686748503400231572304878223e-25
-5.4755555555555555555555555555555556,0.99999999999910341688195478545911194,9.9139085505739674224493877870260452e-25
-5.46,0.99999999999893108272162187971496213,1.27555817738719205937017823384551e-24
-5.4444444444444444444444444444444444,0.99999999999872637502952669360869021,1.6401968983714177790700847352127059e-24
-5.4288888888888888888888888888888889,0.99999999999848335830647467884848664,2.1078142767461090202578234824751967e-24
-5.4133333333333333333333333333333333,0.99999999999819503658159743775940275,2.7071328125171472072378110993735012e-24
-5.3977777777777777777777777777777778,0.99999999999785316910735331233467918,3.4747841052302124443978127553680161e-24
-5.3822222222222222222222222222222222,0.99999999999744805496164841608865568,4.4574581159060924473091693051107161e-24
-5.3666666666666666666666666666666667,0.99999999999696828147793845523254033,5.7146285636382190646314804313625748e-24
-5.3511111111111111111111111111111111,0.99999999999640043062319446769090647,7.3220067329038448320035767535248947e-24
-5.3355555555555555555555555555555556,0.99999999999572873652114796225742113,9.3759156315556083347349904581705807e-24
-5.32,0.99999999999493580294514860817563141,1.1994997719489376158172038267333705e-23
-5.3044444444444444444444444444444444,0.99999999999399787380408693914851272,1.5341475635067721967643580391654626e-23
-5.2888888888888888888888888888888889,0.9999999999928904209552542754228232,1.9609914231964108650186157455851069e-23
-5.2733333333333333333333333333333333,0.99999999999158358923107227029572425,2.5051046986382806801724826702667511e-23
-5.2577777777777777777777777777777778,0.99999999999004240945451400947727912,3.1982891532279180799944939077145444e-23
-5.2422222222222222222222222222222222,0.99999999998822594818134654783223523,4.0808558101990595673114997648689875e-23
-5.2266666666666666666666666666666667,0.99999999998608632057066047488514891,5.2038704711945359055005421364516983e-23
-5.2111111111111111111111111111111111,0.99999999998356754511415207392692334,6.6319833803154484238470758077390922e-23
-5.1955555555555555555555555555555556,0.99999999998060421577560321555937343,8.4469927548501536851957874246246584e-23
-5.18,0.99999999997711996345808635142635174,1.075232969262030232335530365225849e-22
-5.1644444444444444444444444444444444,0.99999999997303141567750946513933297,1.3674439908819053884355359589892066e-22
-5.1488888888888888888888888888888889,0.99999999996822416995987331554247529,1.7385768646189519373591370585593106e-22
-5.1333333333333333333333333333333333,0.99999999996258202860894003469140359,2.2091237736860051874130870381153564e-22
-5.1177777777777777777777777777777778,0.99999999995596396690555486188865352,2.8053562585725352508065256519540487e-22
-5.1022222222222222222222222222222222,0.99999999994820584015833151738551673,3.5603920727552606566441670876639008e-22
-5.0866666666666666666666666666666667,0.99999999993911671386679304981640346,4.5159536512325835402297873073496918e-22
-5.0711111111111111111111111111111111,0.9999999999284746315459925128346369,5.7245715311989463775841522443859026e-22
-5.0555555555555555555555555555555556,0.99999999991602173732752360668346194,7.2523435765203511313626903697152185e-22
-5.04,0.99999999990145865875369043634236014,9.182388031763395212502249334401566e-22
-5.0244444444444444444444444444444444,0.99999999988443804191176060566802466,1.1619162155878226664950703961393497e-21
-5.0088888888888888888888888888888889,0.99999999986458491226989464875007845,1.4689397765589759513296197847190599e-21
-4.9933333333333333333333333333333333,0.99999999984138158593487795907042355,1.8565529410685121047793449111133154e-21
-4.9777777777777777777777777777777778,0.99999999981431145759503121415024975,2.3450528022563971109496540619212079e-21
-4.9622222222222222222222222222222222,0.99999999978274908878689542678842789,2.9603282420054984614166673344030857e-21
-4.9466666666666666666666666666666667,0.99999999974597109165588445408180546,3.7348148687818108488875208444292373e-21
-4.9311111111111111111111111111111111,0.99999999970314131914271063615485402,4.7091255765119118729503654713936391e-21
-4.9155555555555555555555555555555556,0.99999999965329390091779946962437646,5.9340808640129696965504268439314182e-21
-4.9,0.99999999959531382492198136154432662,7.4732353292697559143047235922576545e-21
-4.8844444444444444444444444444444444,0.99999999952791472454552158742781652,9.406019612074953161543862514962237e-21
-4.8688888888888888888888888888888889,0.99999999944972267497320613981552071,1.1828134104714898943558899894024974e-20
-4.8533333333333333333333333333333333,0.99999999935882798214140214448847751,1.4869552042783170319588597321261013e-20
-4.8377777777777777777777777777777778,0.99999999925335728660703636765900143,1.868192382068887236441447914180498e-20
-4.8222222222222222222222222222222222,0.99999999913104662863402605678852553,2.345780592629463721906816029961832e-20
-4.8066666666666666666666666666666667,0.99999999898929240631509098500431923,2.9437117134360817843526958818964737e-20
-4.7911111111111111111111111111111111,0.9999999988251023265695265256936492,3.6918604159998210156087543327278183e-20
-4.7755555555555555555555555555555556,0.99999999863503956610708476079770244,4.6274037423027139165332745231391764e-20
-4.76,0.99999999841515924613017710677775669,5.7965775883833991773995095660798598e-20
-4.7444444444444444444444444444444444,0.99999999816093621255493922609577773,7.2568486785732480359224154250009454e-20
-4.7288888888888888888888888888888889,0.99999999786718298842130705121119383,9.0795986143625398726208967330503017e-20
-4.7133333333333333333333333333333333,0.9999999975284282831045083342598739,1.1350156690306771020747930549535153e-19
-4.6977777777777777777777777777777778,0.99999999713699721059645322964877297,1.4184210149648405423809691944991374e-19
-4.6822222222222222222222222222222222,0.99999999668551462118790360771966729,1.7715388121419542161648683397315316e-19
-4.6666666666666666666666666666666667,0.99999999616508030467511252242633228,2.2112529037962622925013542810796014e-19
-4.6511111111111111111111111111111111,0.99999999556552389194285929676911822,2.7584708978968363943444903313180191e-19
-4.6355555555555555555555555555555556,0.99999999487523102086004394714008472,3.4390671678022824741286373081474046e-19
-4.62,0.99999999408094680383427478235572235,4.2850430229673467616420588939645591e-19
-4.6044444444444444444444444444444444,0.99999999316755378837261072812145567,5.3359531580048278289992038926785157e-19
-4.5888888888888888888888888888888889,0.99999999211782127569808200705244988,6.6406583826788210401434326969384194e-19
-4.5733333333333333333333333333333333,0.99999999091212250106192184250410722,8.2594778983618570393769062707930919e-19
-4.5577777777777777777777777777777778,0.99999998953003446505453275898403006,1.0263941577564531715992226817162772e-18
-4.5422222222222222222222222222222222,0.99999998794258574664571096097243475,1.2750894743907054441613403561798148e-18
-4.5266666666666666666666666666666667,0.99999998612255870891017888028859325,1.583104285847635404583955641532923e-18
-4.5111111111111111111111111111111111,0.99999998403713078825174434567458248,1.9643586324202122554887661887936074e-18
-4.4955555555555555555555555555555556,0.99999998164903503352093739369879561,2.4359840635707156405569299674151102e-18
-4.48,0.99999997891598552957721901574421853,3.0190515648274732286629572540156038e-18
-4.4644444444444444444444444444444444,0.99999997579003235226382701585486182,3.7394614522098278655713875269168573e-18
-4.4488888888888888888888888888888889,0.99999997221683792691833103320516658,4.6290305804175425595615355189157366e-18
-4.4333333333333333333333333333333333,0.99999996813486579183892299734025039,5.7268197689308234030474840403931207e-18
-4.4177777777777777777777777777777778,0.99999996347447181245695002692451428,7.0807534897545772657478583448878299e-18
-4.4022222222222222222222222222222222,0.99999995816423717915035038404997941,8.7472000765606425899058462681441154e-18
-4.3866666666666666666666666666666667,0.99999995210145805121148385077188194,1.0802403473924335396600311967118376e-17
-4.3711111111111111111111111111111111,0.99999994519202667517965262550674427,1.3332582368777545881114296666641284e-17
-4.3555555555555555555555555555555556,0.99999993732243719926355207213194328,1.6445637824354413313147974483336882e-17
-4.34,0.99999992836464350222308328615404297,2.0273547613818605446778657852160864e-17
-4.3244444444444444444444444444444444,0.99999991817429014852459882249076521,2.4977638894051554485691856133628101e-17
-4.3088888888888888888888888888888889,0.99999990658874057801902569033529663,3.0754993106209295562206513902846033e-17
-4.2933333333333333333333333333333333,0.99999989342488088479059510113057753,3.784622126091500200037411919423766e-17
-4.2777777777777777777777777777777778,0.9999998784766754248528124585275062,4.6544896781126517729525761201864994e-17
-4.2622222222222222222222222222222222,0.99999986151244819371594748638587647,5.7208991948431909779969460895920866e-17
-4.2466666666666666666666666666666667,0.99999984229837917659027880947911162,7.025603920829586937570958531547953e-17
-4.2311111111111111111111111111111111,0.99999982049260929448418866436553964,8.6250501536817043162590100443888108e-17
-4.2155555555555555555555555555555556,0.99999979579047881294656658121032369,1.0582355086593446373709547313918677e-16
-4.2,0.999999767824076109786835813842724,1.2976147822080951438265107507313904e-16
-4.1844444444444444444444444444444444,0.99999973618104986950504618600378374,1.590200961313299456443737054942773e-16
-4.1688888888888888888888888888888889,0.99999970039954312639120760499178991,1.9476056775868447292855212183062519e-16
-4.1533333333333333333333333333333333,0.99999965996258795789481978676982805,2.3839265204020436149707293255167228e-16
-4.1377777777777777777777777777777778,0.99999961429190802464561692366763861,2.9162686635317107252747776115299999e-16
-4.1222222222222222222222222222222222,0.99999956274107151835704454952667332,3.5653736517989321695391368193715683e-16
-4.1066666666666666666666666666666667,0.99999950466786834210716996815757426,4.3552479964130051447403718774714235e-16
-4.0911111111111111111111111111111111,0.99999943911638338678507825220504255,5.3183450483743866417112124718139951e-16
-4.0755555555555555555555555555555556,0.99999936525818017732956512579644991,6.4905731153615625629615908884621982e-16
-4.06,0.99999928209058369260883084693052332,7.9164872908653249915647832060434727e-16
-4.0444444444444444444444444444444444,0.99999918849641912337127338563045658,9.6499474566384023756374432724729984e-16
-4.0288888888888888888888888888888889,0.9999990832317566447475143498402895,1.1756021107335528261457247866994432e-15
-4.0133333333333333333333333333333333,0.99999896491244312191103646707039019,1.4313266777295578116291464303767639e-15
-3.9977777777777777777777777777777778,0.99999883199931201124343801409560645,1.7416472431873968104721607960022371e-15
-3.9822222222222222222222222222222222,0.99999868278195421502736590312274793,2.1179937356467615352904728685347429e-15
-3.9666666666666666666666666666666667,0.99999851536092360866757106093967774,2.5741402876360275501019751323986867e-15
-3.9511111111111111111111111111111111,0.9999983278855378021904756246041441,3.1258894487301406362991410035405473e-15
-3.9355555555555555555555555555555556,0.99999811753430687218300857025832445,3.7946147148342158274777537904836609e-15
-3.92,0.99999788194602367027651951421645416,4.6036774903521328724771537935489949e-15
-3.9044444444444444444444444444444444,0.99999761825124791776788430226744664,5.5819411406109009365938175758135421e-15
-3.8888888888888888888888888888888889,0.99999732327396363631116407850312811,6.7640808932773112255663305179769413e-15
-3.8733333333333333333333333333333333,0.99999699350116574060700799951004283,8.1917282186612632635048783132051944e-15
-3.8577777777777777777777777777777778,0.99999662504969556590414820119076047,9.9148352671886554758481560438887733e-15
-3.8422222222222222222222222222222222,0.99999621363010527299387368677245489,1.1993300626085834015531370045310308e-14
-3.8266666666666666666666666666666667,0.99999575450731644058750271531255271,1.4498905188309663937183051165868214e-14
-3.8111111111111111111111111111111111,0.9999952424578228442903839578701737,1.7517615792945091915191710131206579e-14
-3.7955555555555555555555555555555556,0.99999467250309155368675254166503383,2.1147167484415464348896578959695548e-14
-3.78,0.99999403682796667406240262554730307,2.5519901342813633614770052165867485e-14
-3.7644444444444444444444444444444444,0.99999332914902514872596806058779201,3.0778620268493831013135828665233167e-14
-3.7488888888888888888888888888888889,0.9999925417832436174222502157131915,3.7099042339525638455267553275857864e-14
-3.7333333333333333333333333333333333,0.99999166628352730398975222626341377,4.4690958649854366549332541892850898e-14
-3.7177777777777777777777777777777778,0.99999069336899259007722569374296187,5.380468431864207383573069960507054e-14
-3.7022222222222222222222222222222222,0.99998961284955927521644682474172445,6.473870020074780014759726835294237e-14
-3.6866666666666666666666666666666667,0.99998841354445632970825286230398214,7.7848699176670008753604699751604112e-14
-3.6711111111111111111111111111111111,0.99998708319422398981359945205999055,9.3558288209729431448596794712229668e-14
-3.6555555555555555555555555555555556,0.99998560836577361140024457712424049,1.123716409727747945343878056088777e-13
-3.64,0.99998397657639162251064639056998215,1.3485659072800207734042160752206126e-13
-3.6244444444444444444444444444444444,0.99998216751622019196584604703483762,1.6178346811826557035413747059696586e-13
-3.6088888888888888888888888888888889,0.99998016559725682837323747001487688,1.93972308547749424750001157378965e-13
-3.5933333333333333333333333333333333,0.99997795158926840421314601514423615,2.3242828824751536211400892875861187e-13
-3.5777777777777777777777777777777778,0.99997550449284436983607238484600657,2.7834403338186253073473915973819084e-13
-3.5622222222222222222222222222222222,0.99997280139236191468740737040078234,3.3313369296016410351118202841850427e-13
-3.5466666666666666666666666666666667,0.99996981729831341948310539210608905,3.9847303793136831239976721969795714e-13
-3.5311111111111111111111111111111111,0.99996652497837765066730941427305233,4.7634662132040276142678956715278614e-13
-3.5155555555555555555555555555555556,0.99996289477659407287967375663613152,5.6910320639462991595168392269367502e-13
-3.5,0.99995889441997810702746135307893471,6.7952086962542884956994638199035717e-13
-3.4844444444444444444444444444444444,0.99995449479686225544079366079675322,8.1069810936812313428212429128739248e-13
-3.4688888888888888888888888888888889,0.99994964639685228575919174246503518,9.668497584010041470451497798714863e-13
-3.4533333333333333333333333333333333,0.99994431324007702222739797931610011,1.1523986394859649959153684367328823e-12
-3.4377777777777777777777777777777778,0.99993845038085067772324121240897696,1.3727467411721166969114559418452445e-12
-3.4222222222222222222222222222222222,0.99993200907692825612588585588789569,1.6342634823702930473126519067546717e-12
-3.4066666666666666666666666666666667,0.99992493650578703226268781769587984,1.9444542638953406430158966749337141e-12
-3.3911111111111111111111111111111111,0.99991717546319341110069615337552115,2.3121575295716050339083721665545001e-12
-3.3755555555555555555555555555555556,0.99990866404326200825279339189297682,2.7477750069728434438010866274490842e-12
-3.36,0.99989933529920593950262462976541156,3.2635405365219521903694577023516594e-12
-3.3444444444444444444444444444444444,0.99988913072874612107416091727097869,3.8729750881869863366543807193284044e-12
-3.3288888888888888888888888888888889,0.9998779458215080935641696440430365,4.594530702222600082087541521511056e-12
-3.3133333333333333333333333333333333,0.99986570891869720986647229993909093,5.447306353607541336449685521575307e-12
-3.2977777777777777777777777777777778,0.99985232911185788228936261183339804,6.4545603109553562604455385080232107e-12
-3.2822222222222222222222222222222222,0.99983770843813571911119740933276389,7.6435617539110206722765656690343924e-12
-3.2666666666666666666666666666666667,0.99982174140833133122089636506309039,9.0462623766424183550360850318309601e-12
-3.2511111111111111111111111111111111,0.99980431451008949495151195395135356,1.0700076919957291688337281916704009e-11
-3.2355555555555555555555555555555556,0.99978530568548513103230932605298604,1.2648789695786694549886193707743226e-11
-3.22,0.99976458378229594021014660804627407,1.4943606740359918978297619907794625e-11
-3.2044444444444444444444444444444444,0.99974200797828563759802832253215821,1.7644376176593962440918914153702388e-11
-3.1888888888888888888888888888888889,0.99971746038376177256397288384340965,2.0816546347163296074504534999706271e-11
-3.1733333333333333333333333333333333,0.9996907155031079550615243829462781,2.4549849319341013708794073823098291e-11
-3.1577777777777777777777777777777778,0.99966163029241172470776680202598855,2.8935667702122183965204911825004712e-11
-3.1422222222222222222222222222222222,0.99963001894752824656168477144876667,3.4084956617156235779423932907026088e-11
-3.1266666666666666666666666666666667,0.99959568269134414294137849594226103,4.0126989504621870459161562306851376e-11
-3.1111111111111111111111111111111111,0.99955840902468450179531929622286401,4.7212287468449853570748249776573213e-11
-3.0955555555555555555555555555555556,0.9995179709470065287580288953604756,5.551600106200342449486710199573808e-11
-3.08,0.99947412614672353013746598697289045,6.5241811771826590367045243757754074e-11
-3.0644444444444444444444444444444444,0.99942661616110350756825577893712272,7.6626430038079719737460075353183929e-11
-3.0488888888888888888888888888888889,0.99937516550579605212246780566963608,8.9944777531819359186704516006588751e-11
-3.0333333333333333333333333333333333,0.99931955577583627409115291479335997,0.00000000010549417312864987070961497828456776
-3.0177777777777777777777777777777778,0.99925933080781314703110132519455014,0.00000000012368465890554929604144787154549746
-3.0022222222222222222222222222222222,0.99919422787493541657972767284602234,0.00000000014492659658066014393938629642100579
-2.9866666666666666666666666666666667,0.99912389413057994527195547564683032,0.00000000016971697591595849322912113564007941
-2.9711111111111111111111111111111111,0.99904795491058543627646666507577592,0.00000000019863119205096429550281371596975785
-2.9555555555555555555555555555555556,0.9989660126889915496070317622964426,0.00000000023233499311080410671821996784709409
-2.94,0.99887764600761720512880517916618478,0.00000000027159818034467898407721239740978036
-2.9244444444444444444444444444444444,0.99878240838074008633457594897798166,0.00000000031731030719736020280189036635130318
-2.9088888888888888888888888888888889,0.99867982717633223867399117893221125,0.00000000037049865674113657730891036369081144
-2.8933333333333333333333333333333333,0.99856940247550836676861144415272515,0.00000000043234881410913938766681090828536502
-2.8777777777777777777777777777777778,0.99845076544596821410673566338623252,0.00000000050412794246863758299175177841202387
-2.8622222222222222222222222222222222,0.9983230509692771563510196306634885,0.00000000058759651631471598242076951135421282
-2.8466666666666666666666666666666667,0.998185818609945997105143263905969,0.00000000068448345908266262944189754363078795
-2.8311111111111111111111111111111111,0.99803844757264496921150182521876503,0.00000000079687838874627663263251574964783626
-2.8155555555555555555555555555555556,0.99788028382033958570907212414605954,0.0000000009271852837586792277368312651611957
-2.8,0.99771063885012493706253086435803771,0.0000000010781680165220681425412615056326022
-2.7844444444444444444444444444444444,0.99752878846516948808963425762784853,0.0000000012530022105880289879978690378079461
-2.7688888888888888888888888888888889,0.99733397154630269198015373394465223,0.0000000014553342592271880995258583825156649
-2.7533333333333333333333333333333333,0.99712538882703854610712522248897004,0.0000000016893484480922712006840255678975322
-2.7377777777777777777777777777777778,0.99690250059962036604863732047121133,0.0000000019594669753907526139553182490612888
-2.7222222222222222222222222222222222,0.99666385045828305237072115099468352,0.0000000022718833932960945690308693247616966
-2.7066666666666666666666666666666667,0.9964087969423647093160058901460022,0.0000000026325694256493031091544328246003616
-2.6911111111111111111111111111111111,0.99613637621872133699090862859860714,0.0000000030487329466001684959333695088711999
-2.6755555555555555555555555555555556,0.99584558038595032758528910630149325,0.0000000035286187505178578756209019170028122
-2.66,0.99553535636417430835886496819185854,0.0000000040816516972971756768395937108244706
-2.6444444444444444444444444444444444,0.99520460482204141921320026081957572,0.0000000047185987262082371878764486862679146
-2.6288888888888888888888888888888889,0.99485217914676650233613444970375634,0.0000000054517520976833508736803234768380392
-2.6133333333333333333333333333333333,0.99447688446326660292647948134026742,0.0000000062951364998328984116932871037830337
-2.5977777777777777777777777777777778,0.99407747670866205500757265259629377,0.0000000072647429641535593146317724376006201
-2.5822222222222222222222222222222222,0.99365322905521943400152479524260794,0.0000000083772477274971031126731258863253969
-2.5666666666666666666666666666666667,0.99320169751395228115132488436068288,0.0000000096562619961275564629584579046432643
-2.5511111111111111111111111111111111,0.99272201914158543339329869569457383,0.000000011124049855530999527970522085928505
-2.5355555555555555555555555555555556,0.99221274527491941545414700544301689,0.000000012807461789637682959251426611718594
-2.52,0.99167237449956451409101281142803018,0.000000014737014829188052261015481538768798
-2.5044444444444444444444444444444444,0.99109935219854605202130753665459101,0.00000001694737094239897756174489349175528
-2.4888888888888888888888888888888889,0.99049207020494687521135677632964717,0.00000001947787469643770753606911041792275
-2.4733333333333333333333333333333333,0.98984886656597862577540068649373978,0.000000022373157104912412523486568293216415
-2.4577777777777777777777777777777778,0.98916802542590665314365917402634673,0.00000002568381332736506705645775786632227
-2.4422222222222222222222222222222222,0.98844777703525658175250692613384943,0.000000029467162712005749856691517477730071
-2.4266666666666666666666666666666667,0.98768731173802840072789725990342869,0.000000033782125126100052315223774935621378
-2.4111111111111111111111111111111111,0.98688278195429744983745290239080691,0.000000038713233709442877820699528698083629
-2.3955555555555555555555555555555556,0.9860332169844005047581434483999925,0.000000044338264360859405602087783758281793
-2.38,0.98513663444650443415339499063585955,0.000000050751016136254970626205864545268098
-2.3644444444444444444444444444444444,0.98419100026025045919696052787454477,0.000000058057411594193638493471270986968707
-2.3488888888888888888888888888888889,0.98319422956535761121412295390953941,0.00000006637698635127699820562083567159332
-2.3333333333333333333333333333333333,0.98214418781569422935108589300809387,0.000000075844551258127887445020910335388388
-2.3177777777777777777777777777777778,0.98103869205498768343364585838566605,0.000000086612045858967626331555677555178856
-2.3022222222222222222222222222222222,0.97987551238000453276571900114167165,0.000000098850603649501655183197192379358414
-2.2866666666666666666666666666666667,0.97865237359665204468072139413596814,0.00000011275285166360843337771806328940794
-2.2711111111111111111111111111111111,0.97736866341711364743990118604881235,0.00000012851370716013648118213231342963327
-2.2555555555555555555555555555555556,0.97601869441535061939988641536410876,0.00000014641734885441621921304061661468503
-2.24,0.97460169166677500094006441913326388,0.00000016671819458786480193090649627725506
-2.2244444444444444444444444444444444,0.97311521944482421682911418634327584,0.00000018972339881680515610280858648252876
-2.2088888888888888888888888888888889,0.97155680806135663104812312301298116,0.00000021577757010106032272217882221059021
-2.1933333333333333333333333333333333,0.96992395676759918145030801033747805,0.00000024526708602651416449958484949852923
-2.1777777777777777777777777777777778,0.96821413687182345364607400266629961,0.0000002786248730897361896851277202159905
-2.1622222222222222222222222222222222,0.96642479507458940866298882983947879,0.00000031633569772165489201647834007158378
-2.1466666666666666666666666666666667,0.96455335702163411586878347276803959,0.00000035894201875472738074157570235808014
-2.1311111111111111111111111111111111,0.96259723107368450807471338088120357,0.00000040705045608323710127854601294177055
-2.1155555555555555555555555555555556,0.9605565167965312781066739842266327,0.00000046126429856649794400945947494428619
-2.1,0.95842330929263444737473942135378292,0.00000052248042217539089978744788594419975
-2.0844444444444444444444444444444444,0.95619757957235963475089352714622666,0.00000059147754870055415560911881454503418
-2.0688888888888888888888888888888889,0.95387670881730768494958985923453158,0.00000066919801404371909475090849528243763
-2.0533333333333333333333333333333333,0.95145808293541581319668893262156836,0.00000075669215851075186797839241694410752
-2.0377777777777777777777777777777778,0.94893909756824092692708050042663433,0.00000085512993478800219614703373260910665
-2.0222222222222222222222222222222222,0.94631716328524867289511196585899147,0.00000096581367048784035864425287665060736
-2.0066666666666666666666666666666667,0.94358971095701376035751970257051337,0.000001090192089374995458746978464210855
-1.9911111111111111111111111111111111,0.94075419729824387713202107611014458,0.0000012298757035934736117127478265016991
-1.9755555555555555555555555555555556,0.93781199933769080994911854378348859,0.0000013864387270306440079612095304678433
-1.96,0.93475301321789574327434407049487139,0.0000015622713734002048907547115537997867
-1.9444444444444444444444444444444444,0.93157855185362028280203601154913916,0.000001759385571965072124543972012620206
-1.9288888888888888888888888888888889,0.92828623372101799918724896103517513,0.0000019802244405481756466621013287185666
-1.9133333333333333333333333333333333,0.92487373300729541003691966119176311,0.0000022274949520124125399860972102550638
-1.8977777777777777777777777777777778,0.92133878592647659487939769614601269,0.0000025041944362554762746762791168878444
-1.8822222222222222222222222222222222,0.91767919711405000075636005475424309,0.0000028136395154495092131583951579910942
-1.8666666666666666666666666666666667,0.91389284608381739908492999875613585,0.0000031594976709474464531044851455194328
-1.8511111111111111111111111111111111,0.90997769372943866924770371149907531,0.0000035458216538568923356551329217643714
-1.8355555555555555555555555555555556,0.90593178885238524967749634329690198,0.0000039770869655299896572242751395620365
-1.82,0.9017587738239262705387204479753226,0.0000044575748498568798166928807273153786
-1.8044444444444444444444444444444444,0.89744606973971002270760346996200765,0.000004993972424900944522751743889965893
-1.7888888888888888888888888888888889,0.8929973543186110798401648453786285,0.0000055916922046096166745979475583817922
-1.7733333333333333333333333333333333,0.88841109297007658983037954818590073,0.0000062573448440745269508898414735467783
-1.7577777777777777777777777777777778,0.88368587135122158794097378818206248,0.0000069982061245847752682423892966910635
-1.7422222222222222222222222222222222,0.87882040163268479222291609382904174,0.0000078222784815643019951469527500160426
-1.7266666666666666666666666666666667,0.87381352864597314569335124487281645,0.0000087383576413654648006219406693978914
-1.7111111111111111111111111111111111,0.86866423589001962035104773074158105,0.0000097561047312584895925853410612387498
-1.6955555555555555555555555555555556,0.8633716513745322501049134613678653,0.000010886124247071292494930501682277979
-1.68,0.85793505327765706415906541352844148,0.000012140048283597070016543607338605451
-1.6644444444444444444444444444444444,0.85236119861137361192495861569155281,0.000013528731912013337107364423415577729
-1.6488888888888888888888888888888889,0.84663522357304858639009592128142843,0.000015069728705548260655032192857176635
-1.6333333333333333333333333333333333,0.84076402402059468117442291339478477,0.000016776616538947015117876742752740686
-1.6177777777777777777777777777777778,0.83474753066325019788491597651351699,0.00001866611890165395255187563631934616
-1.6022222222222222222222222222222222,0.82858584909770021032196880089653418,0.000020756517495809047779365769197768994
-1.5866666666666666666666666666666667,0.82227926388906515862922502091326177,0.000023067783752063048962235112589448758
-1.5711111111111111111111111111111111,0.81582824231550354153068127867907108,0.000025621720056662237636111718309821492
-1.5555555555555555555555555555555556,0.8092334377570464270025475196216377,0.000028442111272958169980645053623675743
-1.54,0.80249569271012181487760638691465187,0.000031554887163102321934479678877285581
-1.5244444444444444444444444444444444,0.79561604141016547641173719104942396,0.000034988296337994000476136156343274105
-1.5088888888888888888888888888888889,0.78860489613893350851945323064772419,0.000038767948399420895605007051251048721
-1.4933333333333333333333333333333333,0.78144549201711133916554547527615814,0.000042937067484142347769266909088192687
-1.4777777777777777777777777777777778,0.77414845256235396606904534818909034,0.000047527355899693724249581984904631379
-1.4622222222222222222222222222222222,0.76671559654150531448955883731266892,0.000052578326680874788381377560846942224
-1.4466666666666666666666666666666667,0.75914894115591740288525550006607403,0.000058132877536591679800052680338348696
-1.4311111111111111111111111111111111,0.75145070200777001407114184540794409,0.000064237548310983051802148829023631476
-1.4155555555555555555555555555555556,0.74362329258517110438797139740267821,0.000070942794934652401580196193884833218
-1.4,0.73566932325908344874898544457858436,0.000078303280641923797317154768060921516
-1.3844444444444444444444444444444444,0.72759159978677508108875345933304104,0.000086378185241662895868084218958233039
-1.3688888888888888888888888888888889,0.71940381786253269052599210152846947,0.000095219532406165281501857290263456622
-1.3533333333333333333333333333333333,0.7110879245892002120180833314582165,0.0001049193956432287833511856744142193
-1.3377777777777777777777777777777778,0.70265783983261908874549703247848656,0.00011554159631148413340992848238876046
-1.3222222222222222222222222222222222,0.69411712573476053045705229074564667,0.00012716685433850716365980828700001908
-1.3066666666666666666666666666666667,0.68546952488029679887234502598896786,0.00013988225089788005886191958525214141
-1.2911111111111111111111111111111111,0.67671895582641223076575572992729864,0.00015378166283244470373339950671021008
-1.2755555555555555555555555555555556,0.66786950815155214985147284261217431,0.0001689662207372345650386997424088924
-1.26,0.65892543703218520174989776640002748,0.00018554479147450708185537443729900837
-1.2444444444444444444444444444444444,0.64989115735847221677225412757960542,0.00020363448587319684216902685628058414
-1.2288888888888888888888888888888889,0.6407712374015273390195109451396814,0.00022336119233983924609068717118569223
-1.2133333333333333333333333333333333,0.63158236050774932239313051535751587,0.00024483108092557367703783350429834849
-1.1977777777777777777777777777777778,0.62230553941028047591710115495391741,0.00026824483339080363146109258899241347
-1.1822222222222222222222222222222222,0.6129576268497870884112723590872239,0.00029373145898297677329027508919177486
-1.1666666666666666666666666666666667,0.60354373271172178912823020603870962,0.0003214578193964077719974461051330488
-1.1511111111111111111111111111111111,0.5940690824481660599381731400092787,0.000351602632692061124678381568646993
-1.1355555555555555555555555555555556,0.58453900841648553283457993642728585,0.00038435717545214570086984992929046658
-1.12,0.57495894090460177106589821831970253,0.00041992601471981013822780528266907242
-1.1044444444444444444444444444444444,0.56533439886796741820127928502609534,0.00045852777002106905385493657007176122
-1.0888888888888888888888888888888889,0.55567098040451938485305373791791319,0.00050039590567886846468320518421285666
-1.0733333333333333333333333333333333,0.54597435299496844805571736313534049,0.00054577955353353823172253965736914086
-1.0577777777777777777777777777777778,0.53626285482513062003319405537835487,0.00059487811527594135311079725300603691
-1.0422222222222222222222222222222222,0.52651706385155931658164655177006846,0.00064810169369350451892968760708871437
-1.0266666666666666666666666666666667,0.51675537460114769095360597298719585,0.0007056904650068261709157737150010044
-1.0111111111111111111111111111111111,0.50698363077390479418077736858536268,0.00076796503879043290408965369835768442
-0.99555555555555555555555555555555555,0.49720769416688917306994776475150652,0.00083526625674687091259507255539074763
-0.98,0.48743343412733703378873258822649139,0.00090795619375209548001851984514190663
-0.96444444444444444444444444444444444,0.47766671698313488029812171039497872,0.00098641918667687009429142187212659968
-0.94888888888888888888888888888888889,0.46791339548235297556210374996882303,0.0010710628900068179009218548746384957
-0.93333333333333333333333333333333333,0.45817929827351791397240518409975554,0.0011623193571052329020588810781946935
-0.91777777777777777777777777777777778,0.44847021945813152480748115809500199,0.001260646145775037126072486678798711
-0.90222222222222222222222222222222222,0.43880442255738242300022798350364025,0.0013663851905971471976762378441184392
-0.88666666666666666666666666666666667,0.42916252217305304315491417160502984,0.0014803221838718310459612759402595024
-0.87111111111111111111111111111111111,0.41956270522053866187608281785347338,0.0016028658651656432806933713683834235
-0.85555555555555555555555555555555556,0.41001052576892703876803736681471886,0.0017345872535508150657701241839738248
-0.84,0.40051145327318457205735445519624027,0.0018760887020011706256819293729079885
-0.82444444444444444444444444444444444,0.391070863195504524936848463503385,0.0020280051089163976408994854436815557
-0.80888888888888888888888888888888889,0.38169402790382597609693170065485147,0.002191005138577291993409024986169937
-0.79333333333333333333333333333333333,0.37238610787313200355332347995440799,0.0023657924473959416761873113921998581
-0.77777777777777777777777777777777778,0.36315214321389116078609857695187892,0.0025531069125724403183464402335283465
-0.76222222222222222222222222222222222,0.3539970455506678783081456829573296,0.0027537258595136064048262379309105382
-0.74666666666666666666666666666666667,0.34493728474790683334164038511127962,0.0029681776262405981104518137515213885
-0.73111111111111111111111111111111111,0.33595398637393427030319895467821502,0.0031978734372298946666435928278990313
-0.71555555555555555555555555555555556,0.32706343773138217737968242789596254,0.0034434413783144141725161244682253146
-0.7,0.31826996322206997213793007379037313,0.0037058206195645596988798415146357099
-0.68444444444444444444444444444444445,0.30957772411697145865187992135043742,0.0039859937505622805965920122363074903
-0.66888888888888888888888888888888889,0.3009907129338411339987255129790628,0.0042849879093542537102139164668001224
-0.65333333333333333333333333333333334,0.29251274828237791704558308218739151,0.0046038758774094450431347183820037655
-0.63777777777777777777777777777777778,0.28414747018678360772417570346311208,0.0049437771348916240569266693026337931
-0.62222222222222222222222222222222222,0.27589833589374559359342244886816247,0.005305858870322962698085342335574684
-0.60666666666666666666666666666666667,0.26777906830778969702852776063129324,0.0056908219412125666955225648941140543
-0.59111111111111111111111111111111111,0.25977168366040236743941874129381267,0.0061009289775339723959514882952170544
-0.57555555555555555555555555555555556,0.25188967975247904543075266808447007,0.0065370118520647093579563950912654027
-0.56,0.24413575094032473347925266956474029,0.0070004374849251341952595718331452595
-0.54444444444444444444444444444444445,0.23651239527836328761361165426669606,0.0074926246456139269242972586491212009
-0.52888888888888888888888888888888889,0.22902191330503406402912637547430638,0.0080150445530965015157065977378770851
-0.51333333333333333333333333333333334,0.22166640731934122102602741622287037,0.008569221383335673131496832599595736
-0.49777777777777777777777777777777778,0.21444778114180284215510378236214078,0.0091567326769816217657611097222290174
-0.48222222222222222222222222222222222,0.20736774035192709973016690256849869,0.0097792096398613886161731543382753697
-0.46666666666666666666666666666666667,0.20042779299278420862401068378884447,0.010438337328858494695285699439054912
-0.45111111111111111111111111111111111,0.19363796516645963285513519388447339,0.011134925597434474567220677447459628
-0.43555555555555555555555555555555556,0.18698175964668596936525621023355817,0.011872572270587784171580524999479328
-0.42,0.18046899920774042986967683717245677,0.012652245504205850927268849906711303
-0.40444444444444444444444444444444445,0.17410041796783418349621758696609624,0.013475844997640405225819503106523816
-0.38888888888888888888888888888888889,0.16787656260392088587440696151337636,0.014345323253304351748321058062898122
-0.37333333333333333333333333333333334,0.16179779558226146644731501854889673,0.015262684920611697718911712828593869
-0.35777777777777777777777777777777778,0.15586429875281577007672473532931885,0.016229985974724690739155073646838875
-0.34222222222222222222222222222222222,0.15007607728842690346977457890132759,0.0172493327234928260479484646197054
-0.32666666666666666666666666666666667,0.14443296394898077786768400440465904,0.018322880636239671755633925173776099
-0.31111111111111111111111111111111111,0.1389346236500407185909239003586159,0.019452832988366968022714652627497815
-0.29555555555555555555555555555555556,0.13358740057736079678749091936966594,0.020639860747561088692175731818603426
-0.28,0.12837676870643546836715598442710964,0.02188933465690920995659836606411066
-0.26444444444444444444444444444444445,0.12330894850781722124136822730702927,0.023202090181928936426069034331069365
-0.24888888888888888888888888888888889,0.11838298473509529607921236897693801,0.024580504343935129031209892039518255
-0.23333333333333333333333333333333333,0.11359778094776154852309274342933537,0.026026992250113741130352635512724609
-0.21777777777777777777777777777777778,0.10895210545054263664843755383783212,0.027544004529686072159230484533452748
-0.20222222222222222222222222222222222,0.10444459738311984215449330275641275,0.029134024556109313032068602291419674
-0.18666666666666666666666666666666667,0.10007377293788723623202346741491032,0.030799565453355264879335012491409613
-0.17111111111111111111111111111111111,0.095838031683596109875466481425967185,0.032543166885009921946515976908982281
-0.15555555555555555555555555555555556,0.09173566297301666052931774769821899,0.03436739162567676220907367598093361
-0.14,0.087769911668152684377451509140986088,0.036272296212431071183944732693993299
-0.12444444444444444444444444444444445,0.083928580972087567382250040857526794,0.038265417062408970616630492953568715
-0.10888888888888888888888888888888889,0.080214897120165568007184520276123165,0.040346947285461832498691699222060222
-0.093333333333333333333333333333333331,0.076626773720168779915096872724105041,0.042519503480289849639728918760305248
-0.077777777777777777777777777777777779,0.073162046718410875018579240925023677,0.044785704992405868319754652940039035
-0.062222222222222222222222222222222221,0.069818480877940190604536216292959843,0.047148169214665522621469499032812202
-0.046666666666666666666666666666666669,0.066593776201947952453017974824336289,0.049609506690062433152042203915575875
-0.03111111111111111111111111111111111,0.063485574285342103534249330309633801,0.052172316023337194151333842379911476
-0.015555555555555555555555555555555558,0.060491464578297003324351902423277367,0.054839178608929865353964425356568035
0.0,0.057608990546475901287582186503321929,0.057608990546475901287582186503321929
0.015555555555555555555555555555555558,0.054839178608929865353964425356568035,0.060491464578297003324351902423277367
0.03111111111111111111111111111111111,0.052172316023337194151333842379911476,0.063485574285342103534249330309633801
0.046666666666666666666666666666666669,0.049609506690062433152042203915575875,0.066593776201947952453017974824336289
0.062222222222222222222222222222222221,0.047148169214665522621469499032812202,0.069818480877940190604536216292959843
0.077777777777777777777777777777777779,0.044785704992405868319754652940039035,0.073162046718410875018579240925023677
0.093333333333333333333333333333333331,0.042519503480289849639728918760305248,0.076626773720168779915096872724105041
0.10888888888888888888888888888888889,0.040346947285461832498691699222060222,0.080214897120165568007184520276123165
0.12444444444444444444444444444444445,0.038265417062408970616630492953568715,0.083928580972087567382250040857526794
0.14,0.036272296212431071183944732693993299,0.087769911668152684377451509140986088
0.15555555555555555555555555555555556,0.03436739162567676220907367598093361,0.09173566297301666052931774769821899
0.17111111111111111111111111111111111,0.032543166885009921946515976908982281,0.095838031683596109875466481425967185
0.18666666666666666666666666666666667,0.030799565453355264879335012491409613,0.10007377293788723623202346741491032
0.20222222222222222222222222222222222,0.029134024556109313032068602291419674,0.10444459738311984215449330275641275
0.21777777777777777777777777777777778,0.027544004529686072159230484533452748,0.10895210545054263664843755383783212
0.23333333333333333333333333333333333,0.026026992250113741130352635512724609,0.11359778094776154852309274342933537
0.24888888888888888888888888888888889,0.024580504343935129031209892039518255,0.11838298473509529607921236897693801
0.26444444444444444444444444444444445,0.023202090181928936426069034331069365,0.12330894850781722124136822730702927
0.28,0.02188933465690920995659836606411066,0.12837676870643546836715598442710964
0.29555555555555555555555555555555556,0.020639860747561088692175731818603426,0.13358740057736079678749091936966594
0.31111111111111111111111111111111111,0.019452832988366968022714652627497815,0.1389346236500407185909239003586159
0.32666666666666666666666666666666667,0.018322880636239671755633925173776099,0.14443296394898077786768400440465904
0.34222222222222222222222222222222222,0.0172493327234928260479484646197054,0.15007607728842690346977457890132759
0.35777777777777777777777777777777778,0.016229985974724690739155073646838875,0.15586429875281577007672473532931885
0.37333333333333333333333333333333334,0.015262684920611697718911712828593869,0.16179779558226146644731501854889673
0.38888888888888888888888888888888889,0.014345323253304351748321058062898122,0.16787656260392088587440696151337636
0.40444444444444444444444444444444445,0.013475844997640405225819503106523816,0.17410041796783418349621758696609624
0.42,0.012652245504205850927268849906711303,0.18046899920774042986967683717245677
0.43555555555555555555555555555555556,0.011872572270587784171580524999479328,0.18698175964668596936525621023355817
0.45111111111111111111111111111111111,0.011134925597434474567220677447459628,0.19363796516645963285513519388447339
0.46666666666666666666666666666666667,0.010438337328858494695285699439054912,0.20042779299278420862401068378884447
0.48222222222222222222222222222222223,0.0097792096398613886161731543382753697,0.20736774035192709973016690256849869
0.49777777777777777777777777777777778,0.0091567326769816217657611097222290174,0.21444778114180284215510378236214078
0.51333333333333333333333333333333334,0.008569221383335673131496832599595736,0.22166640731934122102602741622287037
0.52888888888888888888888888888888889,0.0080150445530965015157065977378770851,0.22902191330503406402912637547430638
0.54444444444444444444444444444444445,0.0074926246456139269242972586491212009,0.23651239527836328761361165426669606
0.56,0.0070004374849251341952595718331452595,0.24413575094032473347925266956474029
0.57555555555555555555555555555555556,0.0065370118520647093579563950912654027,0.25188967975247904543075266808447007
0.59111111111111111111111111111111111,0.0061009289775339723959514882952170544,0.25977168366040236743941874129381267
0.60666666666666666666666666666666667,0.0056908219412125666955225648941140543,0.26777906830778969702852776063129324
0.62222222222222222222222222222222222,0.005305858870322962698085342335574684,0.27589833589374559359342244886816247
0.63777777777777777777777777777777778,0.0049437771348916240569266693026337931,0.28414747018678360772417570346311208
0.65333333333333333333333333333333334,0.0046038758774094450431347183820037655,0.29251274828237791704558308218739151
0.66888888888888888888888888888888889,0.0042849879093542537102139164668001224,0.3009907129338411339987255129790628
0.68444444444444444444444444444444445,0.0039859937505622805965920122363074903,0.30957772411697145865187992135043742
0.7,0.0037058206195645596988798415146357099,0.31826996322206997213793007379037313
0.71555555555555555555555555555555556,0.0034434413783144141725161244682253146,0.32706343773138217737968242789596254
0.73111111111111111111111111111111111,0.0031978734372298946666435928278990313,0.33595398637393427030319895467821502
0.74666666666666666666666666666666667,0.0029681776262405981104518137515213885,0.34493728474790683334164038511127962
0.76222222222222222222222222222222222,0.0027537258595136064048262379309105382,0.3539970455506678783081456829573296
0.77777777777777777777777777777777778,0.0025531069125724403183464402335283465,0.36315214321389116078609857695187892
0.79333333333333333333333333333333333,0.0023657924473959416761873113921998581,0.37238610787313200355332347995440799
0.80888888888888888888888888888888889,0.002191005138577291993409024986169937,0.38169402790382597609693170065485147
0.82444444444444444444444444444444444,0.0020280051089163976408994854436815557,0.391070863195504524936848463503385
0.84,0.0018760887020011706256819293729079885,0.40051145327318457205735445519624027
0.85555555555555555555555555555555556,0.0017345872535508150657701241839738248,0.41001052576892703876803736681471886
0.87111111111111111111111111111111111,0.0016028658651656432806933713683834235,0.41956270522053866187608281785347338
0.88666666666666666666666666666666667,0.0014803221838718310459612759402595024,0.42916252217305304315491417160502984
0.90222222222222222222222222222222222,0.0013663851905971471976762378441184392,0.43880442255738242300022798350364025
0.91777777777777777777777777777777778,0.001260646145775037126072486678798711,0.44847021945813152480748115809500199
0.93333333333333333333333333333333333,0.0011623193571052329020588810781946935,0.45817929827351791397240518409975554
0.94888888888888888888888888888888889,0.0010710628900068179009218548746384957,0.46791339548235297556210374996882303
0.96444444444444444444444444444444444,0.00098641918667687009429142187212659968,0.47766671698313488029812171039497872
0.98,0.00090795619375209548001851984514190663,0.48743343412733703378873258822649139
0.99555555555555555555555555555555555,0.00083526625674687091259507255539074763,0.49720769416688917306994776475150652
1.0111111111111111111111111111111111,0.00076796503879043290408965369835768442,0.50698363077390479418077736858536268
1.0266666666666666666666666666666667,0.0007056904650068261709157737150010044,0.51675537460114769095360597298719585
1.0422222222222222222222222222222222,0.00064810169369350451892968760708871437,0.52651706385155931658164655177006846
1.0577777777777777777777777777777778,0.00059487811527594135311079725300603691,0.53626285482513062003319405537835487
1.0733333333333333333333333333333333,0.00054577955353353823172253965736914086,0.54597435299496844805571736313534049
1.0888888888888888888888888888888889,0.00050039590567886846468320518421285666,0.55567098040451938485305373791791319
1.1044444444444444444444444444444445,0.00045852777002106905385493657007176122,0.56533439886796741820127928502609534
1.12,0.00041992601471981013822780528266907242,0.57495894090460177106589821831970253
1.1355555555555555555555555555555556,0.00038435717545214570086984992929046658,0.58453900841648553283457993642728585
1.1511111111111111111111111111111111,0.000351602632692061124678381568646993,0.5940690824481660599381731400092787
1.1666666666666666666666666666666667,0.0003214578193964077719974461051330488,0.60354373271172178912823020603870962
1.1822222222222222222222222222222222,0.00029373145898297677329027508919177486,0.6129576268497870884112723590872239
1.1977777777777777777777777777777778,0.00026824483339080363146109258899241347,0.62230553941028047591710115495391741
1.2133333333333333333333333333333333,0.00024483108092557367703783350429834849,0.63158236050774932239313051535751587
1.2288888888888888888888888888888889,0.00022336119233983924609068717118569223,0.6407712374015273390195109451396814
1.2444444444444444444444444444444444,0.00020363448587319684216902685628058414,0.64989115735847221677225412757960542
1.26,0.00018554479147450708185537443729900837,0.65892543703218520174989776640002748
1.2755555555555555555555555555555556,0.0001689662207372345650386997424088924,0.66786950815155214985147284261217431
1.2911111111111111111111111111111111,0.00015378166283244470373339950671021008,0.67671895582641223076575572992729864
1.3066666666666666666666666666666667,0.00013988225089788005886191958525214141,0.68546952488029679887234502598896786
1.3222222222222222222222222222222222,0.00012716685433850716365980828700001908,0.69411712573476053045705229074564667
1.3377777777777777777777777777777778,0.00011554159631148413340992848238876046,0.70265783983261908874549703247848656
1.3533333333333333333333333333333333,0.0001049193956432287833511856744142193,0.7110879245892002120180833314582165
1.3688888888888888888888888888888889,0.000095219532406165281501857290263456622,0.71940381786253269052599210152846947
1.3844444444444444444444444444444444,0.000086378185241662895868084218958233039,0.72759159978677508108875345933304104
1.4,0.000078303280641923797317154768060921516,0.73566932325908344874898544457858436
1.4155555555555555555555555555555556,0.000070942794934652401580196193884833218,0.74362329258517110438797139740267821
1.4311111111111111111111111111111111,0.000064237548310983051802148829023631476,0.75145070200777001407114184540794409
1.4466666666666666666666666666666667,0.000058132877536591679800052680338348696,0.75914894115591740288525550006607403
1.4622222222222222222222222222222222,0.000052578326680874788381377560846942224,0.76671559654150531448955883731266892
1.4777777777777777777777777777777778,0.000047527355899693724249581984904631379,0.77414845256235396606904534818909034
1.4933333333333333333333333333333333,0.000042937067484142347769266909088192687,0.78144549201711133916554547527615814
1.5088888888888888888888888888888889,0.000038767948399420895605007051251048721,0.78860489613893350851945323064772419
1.5244444444444444444444444444444444,0.000034988296337994000476136156343274105,0.79561604141016547641173719104942396
1.54,0.000031554887163102321934479678877285581,0.80249569271012181487760638691465187
1.5555555555555555555555555555555556,0.000028442111272958169980645053623675743,0.8092334377570464270025475196216377
1.5711111111111111111111111111111111,0.000025621720056662237636111718309821492,0.81582824231550354153068127867907108
1.5866666666666666666666666666666667,0.000023067783752063048962235112589448758,0.82227926388906515862922502091326177
1.6022222222222222222222222222222222,0.000020756517495809047779365769197768994,0.82858584909770021032196880089653418
1.6177777777777777777777777777777778,0.00001866611890165395255187563631934616,0.83474753066325019788491597651351699
1.6333333333333333333333333333333333,0.000016776616538947015117876742752740686,0.84076402402059468117442291339478477
1.6488888888888888888888888888888889,0.000015069728705548260655032192857176635,0.84663522357304858639009592128142843
1.6644444444444444444444444444444444,0.000013528731912013337107364423415577729,0.85236119861137361192495861569155281
1.68,0.000012140048283597070016543607338605451,0.85793505327765706415906541352844148
1.6955555555555555555555555555555556,0.000010886124247071292494930501682277979,0.8633716513745322501049134613678653
1.7111111111111111111111111111111111,0.0000097561047312584895925853410612387498,0.86866423589001962035104773074158105
1.7266666666666666666666666666666667,0.0000087383576413654648006219406693978914,0.87381352864597314569335124487281645
1.7422222222222222222222222222222222,0.0000078222784815643019951469527500160426,0.87882040163268479222291609382904174
1.7577777777777777777777777777777778,0.0000069982061245847752682423892966910635,0.88368587135122158794097378818206248
1.7733333333333333333333333333333333,0.0000062573448440745269508898414735467783,0.88841109297007658983037954818590073
1.7888888888888888888888888888888889,0.0000055916922046096166745979475583817922,0.8929973543186110798401648453786285
1.8044444444444444444444444444444444,0.000004993972424900944522751743889965893,0.89744606973971002270760346996200765
1.82,0.0000044575748498568798166928807273153786,0.9017587738239262705387204479753226
1.8355555555555555555555555555555556,0.0000039770869655299896572242751395620365,0.90593178885238524967749634329690198
1.8511111111111111111111111111111111,0.0000035458216538568923356551329217643714,0.90997769372943866924770371149907531
1.8666666666666666666666666666666667,0.0000031594976709474464531044851455194328,0.91389284608381739908492999875613585
1.8822222222222222222222222222222222,0.0000028136395154495092131583951579910942,0.91767919711405000075636005475424309
1.8977777777777777777777777777777778,0.0000025041944362554762746762791168878444,0.92133878592647659487939769614601269
1.9133333333333333333333333333333333,0.0000022274949520124125399860972102550638,0.92487373300729541003691966119176311
1.9288888888888888888888888888888889,0.0000019802244405481756466621013287185666,0.92828623372101799918724896103517513
1.9444444444444444444444444444444444,0.000001759385571965072124543972012620206,0.93157855185362028280203601154913916
1.96,0.0000015622713734002048907547115537997867,0.93475301321789574327434407049487139
1.9755555555555555555555555555555556,0.0000013864387270306440079612095304678433,0.93781199933769080994911854378348859
1.9911111111111111111111111111111111,0.0000012298757035934736117127478265016991,0.94075419729824387713202107611014458
2.0066666666666666666666666666666667,0.000001090192089374995458746978464210855,0.94358971095701376035751970257051337
2.0222222222222222222222222222222222,0.00000096581367048784035864425287665060736,0.94631716328524867289511196585899147
2.0377777777777777777777777777777778,0.00000085512993478800219614703373260910665,0.94893909756824092692708050042663433
2.0533333333333333333333333333333333,0.00000075669215851075186797839241694410752,0.95145808293541581319668893262156836
2.0688888888888888888888888888888889,0.00000066919801404371909475090849528243763,0.95387670881730768494958985923453158
2.0844444444444444444444444444444444,0.00000059147754870055415560911881454503418,0.95619757957235963475089352714622666
2.1,0.00000052248042217539089978744788594419975,0.95842330929263444737473942135378292
2.1155555555555555555555555555555556,0.00000046126429856649794400945947494428619,0.9605565167965312781066739842266327
2.1311111111111111111111111111111111,0.00000040705045608323710127854601294177055,0.96259723107368450807471338088120357
2.1466666666666666666666666666666667,0.00000035894201875472738074157570235808014,0.96455335702163411586878347276803959
2.1622222222222222222222222222222222,0.00000031633569772165489201647834007158378,0.96642479507458940866298882983947879
2.1777777777777777777777777777777778,0.0000002786248730897361896851277202159905,0.96821413687182345364607400266629961
2.1933333333333333333333333333333333,0.00000024526708602651416449958484949852923,0.96992395676759918145030801033747805
2.2088888888888888888888888888888889,0.00000021577757010106032272217882221059021,0.97155680806135663104812312301298116
2.2244444444444444444444444444444444,0.00000018972339881680515610280858648252876,0.97311521944482421682911418634327584
2.24,0.00000016671819458786480193090649627725506,0.97460169166677500094006441913326388
2.2555555555555555555555555555555556,0.00000014641734885441621921304061661468503,0.97601869441535061939988641536410876
2.2711111111111111111111111111111111,0.00000012851370716013648118213231342963327,0.97736866341711364743990118604881235
2.2866666666666666666666666666666667,0.00000011275285166360843337771806328940794,0.97865237359665204468072139413596814
2.3022222222222222222222222222222222,0.000000098850603649501655183197192379358414,0.97987551238000453276571900114167165
2.3177777777777777777777777777777778,0.000000086612045858967626331555677555178856,0.98103869205498768343364585838566605
2.3333333333333333333333333333333333,0.000000075844551258127887445020910335388388,0.98214418781569422935108589300809387
2.3488888888888888888888888888888889,0.00000006637698635127699820562083567159332,0.98319422956535761121412295390953941
2.3644444444444444444444444444444444,0.000000058057411594193638493471270986968707,0.98419100026025045919696052787454477
2.38,0.000000050751016136254970626205864545268098,0.98513663444650443415339499063585955
2.3955555555555555555555555555555555,0.000000044338264360859405602087783758281793,0.9860332169844005047581434483999925
2.4111111111111111111111111111111111,0.000000038713233709442877820699528698083629,0.98688278195429744983745290239080691
2.4266666666666666666666666666666667,0.000000033782125126100052315223774935621378,0.98768731173802840072789725990342869
2.4422222222222222222222222222222222,0.000000029467162712005749856691517477730071,0.98844777703525658175250692613384943
2.4577777777777777777777777777777778,0.00000002568381332736506705645775786632227,0.98916802542590665314365917402634673
2.4733333333333333333333333333333333,0.000000022373157104912412523486568293216415,0.98984886656597862577540068649373978
2.4888888888888888888888888888888889,0.00000001947787469643770753606911041792275,0.99049207020494687521135677632964717
2.5044444444444444444444444444444444,0.00000001694737094239897756174489349175528,0.99109935219854605202130753665459101
2.52,0.000000014737014829188052261015481538768798,0.99167237449956451409101281142803018
2.5355555555555555555555555555555556,0.000000012807461789637682959251426611718594,0.99221274527491941545414700544301689
2.5511111111111111111111111111111111,0.000000011124049855530999527970522085928505,0.99272201914158543339329869569457383
2.5666666666666666666666666666666667,0.0000000096562619961275564629584579046432643,0.99320169751395228115132488436068288
2.5822222222222222222222222222222222,0.0000000083772477274971031126731258863253969,0.99365322905521943400152479524260794
2.5977777777777777777777777777777778,0.0000000072647429641535593146317724376006201,0.99407747670866205500757265259629377
2.6133333333333333333333333333333333,0.0000000062951364998328984116932871037830337,0.99447688446326660292647948134026742
2.6288888888888888888888888888888889,0.0000000054517520976833508736803234768380392,0.99485217914676650233613444970375634
2.6444444444444444444444444444444444,0.0000000047185987262082371878764486862679146,0.99520460482204141921320026081957572
2.66,0.0000000040816516972971756768395937108244706,0.99553535636417430835886496819185854
2.6755555555555555555555555555555556,0.0000000035286187505178578756209019170028122,0.99584558038595032758528910630149325
2.6911111111111111111111111111111111,0.0000000030487329466001684959333695088711999,0.99613637621872133699090862859860714
2.7066666666666666666666666666666667,0.0000000026325694256493031091544328246003616,0.9964087969423647093160058901460022
2.7222222222222222222222222222222222,0.0000000022718833932960945690308693247616966,0.99666385045828305237072115099468352
2.7377777777777777777777777777777778,0.0000000019594669753907526139553182490612888,0.99690250059962036604863732047121133
2.7533333333333333333333333333333333,0.0000000016893484480922712006840255678975322,0.99712538882703854610712522248897004
2.7688888888888888888888888888888889,0.0000000014553342592271880995258583825156649,0.99733397154630269198015373394465223
2.7844444444444444444444444444444444,0.0000000012530022105880289879978690378079461,0.99752878846516948808963425762784853
2.8,0.0000000010781680165220681425412615056326022,0.99771063885012493706253086435803771
2.8155555555555555555555555555555556,0.0000000009271852837586792277368312651611957,0.99788028382033958570907212414605954
2.8311111111111111111111111111111111,0.00000000079687838874627663263251574964783626,0.99803844757264496921150182521876503
2.8466666666666666666666666666666667,0.00000000068448345908266262944189754363078795,0.998185818609945997105143263905969
2.8622222222222222222222222222222222,0.00000000058759651631471598242076951135421282,0.9983230509692771563510196306634885
2.8777777777777777777777777777777778,0.00000000050412794246863758299175177841202387,0.99845076544596821410673566338623252
2.8933333333333333333333333333333333,0.00000000043234881410913938766681090828536502,0.99856940247550836676861144415272515
2.9088888888888888888888888888888889,0.00000000037049865674113657730891036369081144,0.99867982717633223867399117893221125
2.9244444444444444444444444444444444,0.00000000031731030719736020280189036635130318,0.99878240838074008633457594897798166
2.94,0.00000000027159818034467898407721239740978036,0.99887764600761720512880517916618478
2.9555555555555555555555555555555556,0.00000000023233499311080410671821996784709409,0.9989660126889915496070317622964426
2.9711111111111111111111111111111111,0.00000000019863119205096429550281371596975785,0.99904795491058543627646666507577592
2.9866666666666666666666666666666667,0.00000000016971697591595849322912113564007941,0.99912389413057994527195547564683032
3.0022222222222222222222222222222222,0.00000000014492659658066014393938629642100579,0.99919422787493541657972767284602234
3.0177777777777777777777777777777778,0.00000000012368465890554929604144787154549746,0.99925933080781314703110132519455014
3.0333333333333333333333333333333333,0.00000000010549417312864987070961497828456776,0.99931955577583627409115291479335997
3.0488888888888888888888888888888889,8.9944777531819359186704516006588751e-11,0.99937516550579605212246780566963608
3.0644444444444444444444444444444444,7.6626430038079719737460075353183929e-11,0.99942661616110350756825577893712272
3.08,6.5241811771826590367045243757754074e-11,0.99947412614672353013746598697289045
3.0955555555555555555555555555555556,5.551600106200342449486710199573808e-11,0.9995179709470065287580288953604756
3.1111111111111111111111111111111111,4.7212287468449853570748249776573213e-11,0.99955840902468450179531929622286401
3.1266666666666666666666666666666667,4.0126989504621870459161562306851376e-11,0.99959568269134414294137849594226103
3.1422222222222222222222222222222222,3.4084956617156235779423932907026088e-11,0.99963001894752824656168477144876667
3.1577777777777777777777777777777778,2.8935667702122183965204911825004712e-11,0.99966163029241172470776680202598855
3.1733333333333333333333333333333333,2.4549849319341013708794073823098291e-11,0.9996907155031079550615243829462781
3.1888888888888888888888888888888889,2.0816546347163296074504534999706271e-11,0.99971746038376177256397288384340965
3.2044444444444444444444444444444444,1.7644376176593962440918914153702388e-11,0.99974200797828563759802832253215821
3.22,1.4943606740359918978297619907794625e-11,0.99976458378229594021014660804627407
3.2355555555555555555555555555555556,1.2648789695786694549886193707743226e-11,0.99978530568548513103230932605298604
3.2511111111111111111111111111111111,1.0700076919957291688337281916704009e-11,0.99980431451008949495151195395135356
3.2666666666666666666666666666666667,9.0462623766424183550360850318309601e-12,0.99982174140833133122089636506309039
3.2822222222222222222222222222222222,7.6435617539110206722765656690343924e-12,0.99983770843813571911119740933276389
3.2977777777777777777777777777777778,6.4545603109553562604455385080232107e-12,0.99985232911185788228936261183339804
3.3133333333333333333333333333333333,5.447306353607541336449685521575307e-12,0.99986570891869720986647229993909093
3.3288888888888888888888888888888889,4.594530702222600082087541521511056e-12,0.9998779458215080935641696440430365
3.3444444444444444444444444444444444,3.8729750881869863366543807193284044e-12,0.99988913072874612107416091727097869
3.36,3.2635405365219521903694577023516594e-12,0.99989933529920593950262462976541156
3.3755555555555555555555555555555556,2.7477750069728434438010866274490842e-12,0.99990866404326200825279339189297682
3.3911111111111111111111111111111111,2.3121575295716050339083721665545001e-12,0.99991717546319341110069615337552115
3.4066666666666666666666666666666667,1.9444542638953406430158966749337141e-12,0.99992493650578703226268781769587984
3.4222222222222222222222222222222222,1.6342634823702930473126519067546717e-12,0.99993200907692825612588585588789569
3.4377777777777777777777777777777778,1.3727467411721166969114559418452445e-12,0.99993845038085067772324121240897696
3.4533333333333333333333333333333333,1.1523986394859649959153684367328823e-12,0.99994431324007702222739797931610011
3.4688888888888888888888888888888889,9.668497584010041470451497798714863e-13,0.99994964639685228575919174246503518
3.4844444444444444444444444444444444,8.1069810936812313428212429128739248e-13,0.99995449479686225544079366079675322
3.5,6.7952086962542884956994638199035717e-13,0.99995889441997810702746135307893471
3.5155555555555555555555555555555556,5.6910320639462991595168392269367502e-13,0.99996289477659407287967375663613152
3.5311111111111111111111111111111111,4.7634662132040276142678956715278614e-13,0.99996652497837765066730941427305233
3.5466666666666666666666666666666667,3.9847303793136831239976721969795714e-13,0.99996981729831341948310539210608905
3.5622222222222222222222222222222222,3.3313369296016410351118202841850427e-13,0.99997280139236191468740737040078234
3.5777777777777777777777777777777778,2.7834403338186253073473915973819084e-13,0.99997550449284436983607238484600657
3.5933333333333333333333333333333333,2.3242828824751536211400892875861187e-13,0.99997795158926840421314601514423615
3.6088888888888888888888888888888889,1.93972308547749424750001157378965e-13,0.99998016559725682837323747001487688
3.6244444444444444444444444444444444,1.6178346811826557035413747059696586e-13,0.99998216751622019196584604703483762
3.64,1.3485659072800207734042160752206126e-13,0.99998397657639162251064639056998215
3.6555555555555555555555555555555556,1.123716409727747945343878056088777e-13,0.99998560836577361140024457712424049
3.6711111111111111111111111111111111,9.3558288209729431448596794712229668e-14,0.99998708319422398981359945205999055
3.6866666666666666666666666666666667,7.7848699176670008753604699751604112e-14,0.99998841354445632970825286230398214
3.7022222222222222222222222222222222,6.473870020074780014759726835294237e-14,0.99998961284955927521644682474172445
3.7177777777777777777777777777777778,5.380468431864207383573069960507054e-14,0.99999069336899259007722569374296187
3.7333333333333333333333333333333333,4.4690958649854366549332541892850898e-14,0.99999166628352730398975222626341377
3.7488888888888888888888888888888889,3.7099042339525638455267553275857864e-14,0.9999925417832436174222502157131915
3.7644444444444444444444444444444444,3.0778620268493831013135828665233167e-14,0.99999332914902514872596806058779201
3.78,2.5519901342813633614770052165867485e-14,0.99999403682796667406240262554730307
3.7955555555555555555555555555555556,2.1147167484415464348896578959695548e-14,0.99999467250309155368675254166503383
3.8111111111111111111111111111111111,1.7517615792945091915191710131206579e-14,0.9999952424578228442903839578701737
3.8266666666666666666666666666666667,1.4498905188309663937183051165868214e-14,0.99999575450731644058750271531255271
3.8422222222222222222222222222222222,1.1993300626085834015531370045310308e-14,0.99999621363010527299387368677245489
3.8577777777777777777777777777777778,9.9148352671886554758481560438887733e-15,0.99999662504969556590414820119076047
3.8733333333333333333333333333333333,8.1917282186612632635048783132051944e-15,0.99999699350116574060700799951004283
3.8888888888888888888888888888888889,6.7640808932773112255663305179769413e-15,0.99999732327396363631116407850312811
3.9044444444444444444444444444444444,5.5819411406109009365938175758135421e-15,0.99999761825124791776788430226744664
3.92,4.6036774903521328724771537935489949e-15,0.99999788194602367027651951421645416
3.9355555555555555555555555555555556,3.7946147148342158274777537904836609e-15,0.99999811753430687218300857025832445
3.9511111111111111111111111111111111,3.1258894487301406362991410035405473e-15,0.9999983278855378021904756246041441
3.9666666666666666666666666666666667,2.5741402876360275501019751323986867e-15,0.99999851536092360866757106093967774
3.9822222222222222222222222222222222,2.1179937356467615352904728685347429e-15,0.99999868278195421502736590312274793
3.9977777777777777777777777777777778,1.7416472431873968104721607960022371e-15,0.99999883199931201124343801409560645
4.0133333333333333333333333333333333,1.4313266777295578116291464303767639e-15,0.99999896491244312191103646707039019
4.0288888888888888888888888888888889,1.1756021107335528261457247866994432e-15,0.9999990832317566447475143498402895
4.0444444444444444444444444444444444,9.6499474566384023756374432724729984e-16,0.99999918849641912337127338563045658
4.06,7.9164872908653249915647832060434727e-16,0.99999928209058369260883084693052332
4.0755555555555555555555555555555556,6.4905731153615625629615908884621982e-16,0.99999936525818017732956512579644991
4.0911111111111111111111111111111111,5.3183450483743866417112124718139951e-16,0.99999943911638338678507825220504255
4.1066666666666666666666666666666667,4.3552479964130051447403718774714235e-16,0.99999950466786834210716996815757426
4.1222222222222222222222222222222222,3.5653736517989321695391368193715683e-16,0.99999956274107151835704454952667332
4.1377777777777777777777777777777778,2.9162686635317107252747776115299999e-16,0.99999961429190802464561692366763861
4.1533333333333333333333333333333333,2.3839265204020436149707293255167228e-16,0.99999965996258795789481978676982805
4.1688888888888888888888888888888889,1.9476056775868447292855212183062519e-16,0.99999970039954312639120760499178991
4.1844444444444444444444444444444444,1.590200961313299456443737054942773e-16,0.99999973618104986950504618600378374
4.2,1.2976147822080951438265107507313904e-16,0.999999767824076109786835813842724
4.2155555555555555555555555555555556,1.0582355086593446373709547313918677e-16,0.99999979579047881294656658121032369
4.2311111111111111111111111111111111,8.6250501536817043162590100443888108e-17,0.99999982049260929448418866436553964
4.2466666666666666666666666666666667,7.025603920829586937570958531547953e-17,0.99999984229837917659027880947911162
4.2622222222222222222222222222222222,5.7208991948431909779969460895920866e-17,0.99999986151244819371594748638587647
4.2777777777777777777777777777777778,4.6544896781126517729525761201864994e-17,0.9999998784766754248528124585275062
4.2933333333333333333333333333333333,3.784622126091500200037411919423766e-17,0.99999989342488088479059510113057753
4.3088888888888888888888888888888889,3.0754993106209295562206513902846033e-17,0.99999990658874057801902569033529663
4.3244444444444444444444444444444444,2.4977638894051554485691856133628101e-17,0.99999991817429014852459882249076521
4.34,2.0273547613818605446778657852160864e-17,0.99999992836464350222308328615404297
4.3555555555555555555555555555555556,1.6445637824354413313147974483336882e-17,0.99999993732243719926355207213194328
4.3711111111111111111111111111111111,1.3332582368777545881114296666641284e-17,0.99999994519202667517965262550674427
4.3866666666666666666666666666666667,1.0802403473924335396600311967118376e-17,0.99999995210145805121148385077188194
4.4022222222222222222222222222222222,8.7472000765606425899058462681441154e-18,0.99999995816423717915035038404997941
4.4177777777777777777777777777777778,7.0807534897545772657478583448878299e-18,0.99999996347447181245695002692451428
4.4333333333333333333333333333333333,5.7268197689308234030474840403931207e-18,0.99999996813486579183892299734025039
4.4488888888888888888888888888888889,4.6290305804175425595615355189157366e-18,0.99999997221683792691833103320516658
4.4644444444444444444444444444444445,3.7394614522098278655713875269168573e-18,0.99999997579003235226382701585486182
4.48,3.0190515648274732286629572540156038e-18,0.99999997891598552957721901574421853
4.4955555555555555555555555555555556,2.4359840635707156405569299674151102e-18,0.99999998164903503352093739369879561
4.5111111111111111111111111111111111,1.9643586324202122554887661887936074e-18,0.99999998403713078825174434567458248
4.5266666666666666666666666666666667,1.583104285847635404583955641532923e-18,0.99999998612255870891017888028859325
4.5422222222222222222222222222222222,1.2750894743907054441613403561798148e-18,0.99999998794258574664571096097243475
4.5577777777777777777777777777777778,1.0263941577564531715992226817162772e-18,0.99999998953003446505453275898403006
4.5733333333333333333333333333333333,8.2594778983618570393769062707930919e-19,0.99999999091212250106192184250410722
4.5888888888888888888888888888888889,6.6406583826788210401434326969384194e-19,0.99999999211782127569808200705244988
4.6044444444444444444444444444444445,5.3359531580048278289992038926785157e-19,0.99999999316755378837261072812145567
4.62,4.2850430229673467616420588939645591e-19,0.99999999408094680383427478235572235
4.6355555555555555555555555555555556,3.4390671678022824741286373081474046e-19,0.99999999487523102086004394714008472
4.6511111111111111111111111111111111,2.7584708978968363943444903313180191e-19,0.99999999556552389194285929676911822
4.6666666666666666666666666666666667,2.2112529037962622925013542810796014e-19,0.99999999616508030467511252242633228
4.6822222222222222222222222222222222,1.7715388121419542161648683397315316e-19,0.99999999668551462118790360771966729
4.6977777777777777777777777777777778,1.4184210149648405423809691944991374e-19,0.99999999713699721059645322964877297
4.7133333333333333333333333333333333,1.1350156690306771020747930549535153e-19,0.9999999975284282831045083342598739
4.7288888888888888888888888888888889,9.0795986143625398726208967330503017e-20,0.99999999786718298842130705121119383
4.7444444444444444444444444444444444,7.2568486785732480359224154250009454e-20,0.99999999816093621255493922609577773
4.76,5.7965775883833991773995095660798598e-20,0.99999999841515924613017710677775669
4.7755555555555555555555555555555556,4.6274037423027139165332745231391764e-20,0.99999999863503956610708476079770244
4.7911111111111111111111111111111111,3.6918604159998210156087543327278183e-20,0.9999999988251023265695265256936492
4.8066666666666666666666666666666667,2.9437117134360817843526958818964737e-20,0.99999999898929240631509098500431923
4.8222222222222222222222222222222222,2.345780592629463721906816029961832e-20,0.99999999913104662863402605678852553
4.8377777777777777777777777777777778,1.868192382068887236441447914180498e-20,0.99999999925335728660703636765900143
4.8533333333333333333333333333333333,1.4869552042783170319588597321261013e-20,0.99999999935882798214140214448847751
4.8688888888888888888888888888888889,1.1828134104714898943558899894024974e-20,0.99999999944972267497320613981552071
4.8844444444444444444444444444444444,9.406019612074953161543862514962237e-21,0.99999999952791472454552158742781652
4.9,7.4732353292697559143047235922576545e-21,0.99999999959531382492198136154432662
4.9155555555555555555555555555555556,5.9340808640129696965504268439314182e-21,0.99999999965329390091779946962437646
4.9311111111111111111111111111111111,4.7091255765119118729503654713936391e-21,0.99999999970314131914271063615485402
4.9466666666666666666666666666666667,3.7348148687818108488875208444292373e-21,0.99999999974597109165588445408180546
4.9622222222222222222222222222222222,2.9603282420054984614166673344030857e-21,0.99999999978274908878689542678842789
4.9777777777777777777777777777777778,2.3450528022563971109496540619212079e-21,0.99999999981431145759503121415024975
4.9933333333333333333333333333333333,1.8565529410685121047793449111133154e-21,0.99999999984138158593487795907042355
5.0088888888888888888888888888888889,1.4689397765589759513296197847190599e-21,0.99999999986458491226989464875007845
5.0244444444444444444444444444444444,1.1619162155878226664950703961393497e-21,0.99999999988443804191176060566802466
5.04,9.182388031763395212502249334401566e-22,0.99999999990145865875369043634236014
5.0555555555555555555555555555555556,7.2523435765203511313626903697152185e-22,0.99999999991602173732752360668346194
5.0711111111111111111111111111111111,5.7245715311989463775841522443859026e-22,0.9999999999284746315459925128346369
5.0866666666666666666666666666666667,4.5159536512325835402297873073496918e-22,0.99999999993911671386679304981640346
5.1022222222222222222222222222222222,3.5603920727552606566441670876639008e-22,0.99999999994820584015833151738551673
5.1177777777777777777777777777777778,2.8053562585725352508065256519540487e-22,0.99999999995596396690555486188865352
5.1333333333333333333333333333333333,2.2091237736860051874130870381153564e-22,0.99999999996258202860894003469140359
5.1488888888888888888888888888888889,1.7385768646189519373591370585593106e-22,0.99999999996822416995987331554247529
5.1644444444444444444444444444444444,1.3674439908819053884355359589892066e-22,0.99999999997303141567750946513933297
5.18,1.075232969262030232335530365225849e-22,0.99999999997711996345808635142635174
5.1955555555555555555555555555555556,8.4469927548501536851957874246246584e-23,0.99999999998060421577560321555937343
5.2111111111111111111111111111111111,6.6319833803154484238470758077390922e-23,0.99999999998356754511415207392692334
5.2266666666666666666666666666666667,5.2038704711945359055005421364516983e-23,0.99999999998608632057066047488514891
5.2422222222222222222222222222222222,4.0808558101990595673114997648689875e-23,0.99999999998822594818134654783223523
5.2577777777777777777777777777777778,3.1982891532279180799944939077145444e-23,0.99999999999004240945451400947727912
5.2733333333333333333333333333333333,2.5051046986382806801724826702667511e-23,0.99999999999158358923107227029572425
5.2888888888888888888888888888888889,1.9609914231964108650186157455851069e-23,0.9999999999928904209552542754228232
5.3044444444444444444444444444444444,1.5341475635067721967643580391654626e-23,0.99999999999399787380408693914851272
5.32,1.1994997719489376158172038267333705e-23,0.99999999999493580294514860817563141
5.3355555555555555555555555555555556,9.3759156315556083347349904581705807e-24,0.99999999999572873652114796225742113
5.3511111111111111111111111111111111,7.3220067329038448320035767535248947e-24,0.99999999999640043062319446769090647
5.3666666666666666666666666666666667,5.7146285636382190646314804313625748e-24,0.99999999999696828147793845523254033
5.3822222222222222222222222222222222,4.4574581159060924473091693051107161e-24,0.99999999999744805496164841608865568
5.3977777777777777777777777777777778,3.4747841052302124443978127553680161e-24,0.99999999999785316910735331233467918
5.4133333333333333333333333333333333,2.7071328125171472072378110993735012e-24,0.99999999999819503658159743775940275
5.4288888888888888888888888888888889,2.1078142767461090202578234824751967e-24,0.99999999999848335830647467884848664
5.4444444444444444444444444444444444,1.6401968983714177790700847352127059e-24,0.99999999999872637502952669360869021
5.46,1.27555817738719205937017823384551e-24,0.99999999999893108272162187971496213
5.4755555555555555555555555555555556,9.9139085505739674224493877870260452e-25,0.99999999999910341688195478545911194
5.4911111111111111111111111111111111,7.7032113686748503400231572304878223e-25,0.99999999999924823809139132160567774
5.5066666666666666666666666666666667,5.979932443312711079600311647066943e-25,0.99999999999937018227964485010082731
5.5222222222222222222222222222222222,4.6393766571656539790310948728945456e-25,0.99999999999947265689143082122423551
5.5377777777777777777777777777777778,3.5971710271736703553416314153096144e-25,0.99999999999955871873897954697923998
5.5533333333333333333333333333333333,2.7874020268294897783711589700655377e-25,0.99999999999963095317018259385615596
5.5688888888888888888888888888888889,2.1586084626640172096815700303567141e-25,0.99999999999969154541721333338122843
5.5844444444444444444444444444444444,1.6706372099467708969288218627504485e-25,0.99999999999974234136500687334614895
5.6,1.2921775488738196725077280831532095e-25,0.99999999999978489927451205630695294
5.6155555555555555555555555555555556,9.9882885198905691100758218066226953e-26,0.99999999999982053377817862426900322
5.6311111111111111111111111111111111,7.7184555769562780712755792108463424e-26,0.99999999999985031799327727416617635
5.6466666666666666666666666666666667,5.9586079028182400541961937525592701e-26,0.99999999999987526221294502306257713
5.6622222222222222222222222222222222,4.5969826105301674612503868348510758e-26,0.99999999999989611088096407038396037
5.6777777777777777777777777777777778,3.5441014615682454894681195612411064e-26,0.99999999999991352597862700932700264
5.6933333333333333333333333333333333,2.7304464594037377567420296402055078e-26,0.99999999999992806424840121307064159
5.7088888888888888888888888888888889,2.1020402663926177912206004044341123e-26,0.9999999999999401936322863584958078
5.7244444444444444444444444444444444,1.6169977337222481628156829553440497e-26,0.99999999999995030719025390559764845
5.74,1.2428368367916654052811034560047404e-26,0.99999999999995873487736577052315725
5.7555555555555555555555555555555556,9.5438309153014382805485763680426926e-27,0.99999999999996575350250802771091792
5.7711111111111111111111111111111111,7.3213748993430480901255234668869927e-27,0.99999999999997159514400723646659955
5.7866666666666666666666666666666667,5.6120017581154696800461957078375492e-27,0.99999999999997644852470896441841594
5.8022222222222222222222222222222222,4.2946179588422196871101808169997088e-27,0.99999999999998048890587685013456685
5.8177777777777777777777777777777778,3.2814363999161772723433105268497686e-27,0.99999999999998384568801385722347863
5.8333333333333333333333333333333333,2.5026803348228318651935590664298031e-27,0.99999999999998663285623409187027487
5.8488888888888888888888888888888889,1.9044687512902195892007329130708181e-27,0.99999999999998894567933373740038872
5.8644444444444444444444444444444444,1.4452206131335079208166522133026077e-27,0.99999999999999086373346588228448033
5.88,1.0928666192051135995064456536683513e-27,0.99999999999999245344568439228226222
5.8955555555555555555555555555555555,8.2268848004411293907353255623046119e-28,0.99999999999999377023220861303719826
5.9111111111111111111111111111111111,6.1564553759164923806913732273401796e-28,0.99999999999999486029481881705074191
5.9266666666666666666666666666666667,4.5707961159250257716723589688842679e-28,0.99999999999999576212906276789011279
5.9422222222222222222222222222222222,3.3585031740581739323688572692597441e-28,0.99999999999999650691280739079014025
5.9577777777777777777777777777777778,2.429799104553964886112811590761485e-28,0.99999999999999712322731161003149664
5.9733333333333333333333333333333333,1.7198211478174292308088614569726502e-28,0.99999999999999763220135096479224929
5.9888888888888888888888888888888889,1.1773812058063107549160538740029758e-28,0.99999999999999805227755711373027635
6.0044444444444444444444444444444444,7.6319288201712550661224653105596432e-29,0.99999999999999839877476830181235278
6.02,4.471226958855326387132733292658227e-29,0.99999999999999868440923593139592035
6.0355555555555555555555555555555556,2.0607169248735226014444948638292829e-29,0.99999999999999891973023893376094191
6.0511111111111111111111111111111111,2.2344043690975484564705676815929062e-30,0.99999999999999911348392684438874689
6.0666666666666666666666666666666667,-1.1760851437035616322696540524872247e-29,0.99999999999999927291702048530738723
6.0822222222222222222222222222222222,-2.2415257990056783455249559392020548e-29,0.99999999999999940403014819389460649
6.0977777777777777777777777777777778,-3.0512413525712774581657248609909377e-29,0.99999999999999951166270341974566353
6.1133333333333333333333333333333333,-3.6678602805474979829964068471018473e-29,0.999999999999999600196700717463416
6.1288888888888888888888888888888889,-4.1364716218958116106769346818783085e-29,0.99999999999999967287349146732646034
6.1444444444444444444444444444444444,-4.4924107053574624192006577474655195e-29,0.99999999999999973249742428742708666
6.16,-4.762635892845253752607253162925509e-29,0.99999999999999978138344697807124047
6.1755555555555555555555555555555556,-4.9677056195884356221910563658521747e-29,0.99999999999999982144133054764755536
6.1911111111111111111111111111111111,-5.1232905559430742512627496348964495e-29,0.99999999999999985424561005331940565
6.2066666666666666666666666666666667,-5.2413332390343571912985545421883213e-29,0.99999999999999988109362717277471802
6.2222222222222222222222222222222222,-5.3309350866877916102262950663029834e-29,0.99999999999999990305366770289280242
6.2377777777777777777777777777777778,-5.3990370874164519019857745246212333e-29,0.99999999999999992100485868387181439
6.2533333333333333333333333333333333,-5.4508794633809365321913166521275157e-29,0.99999999999999993565307493488300857
6.2688888888888888888888888888888889,-5.4906509335351464138356169895989992e-29,0.99999999999999994763000163667596927
6.2844444444444444444444444444444444,-5.5213997016675575912127769669687681e-29,0.99999999999999995740290233353746307
6.3,-5.5455540346539320473417954300199605e-29,0.99999999999999996537258059007899748
6.3155555555555555555555555555555556,-5.565030929857085119512955302266215e-29,0.99999999999999997186785196274701518
6.3311111111111111111111111111111111,-5.581384600046798318178967671844843e-29,0.99999999999999997715830691992411505
6.3466666666666666666666666666666667,-5.5959252888423173913094147474998016e-29,0.99999999999999998146484161575950137
6.3622222222222222222222222222222222,-5.609822709513247282402301075522023e-29,0.99999999999999998496834134756356906
6.3777777777777777777777777777777778,-5.624195784569282605556986889034139e-29,0.99999999999999998781683617699516123
6.3933333333333333333333333333333333,-5.6401784123181474508156839428622659e-29,0.99999999999999999012869624680256323
6.4088888888888888888888888888888889,-5.6590941476771162777317146837229082e-29,0.99999999999999999200877929394711853
6.4244444444444444444444444444444444,-5.6824335809597266912687088998570366e-29,0.99999999999999999353461700546616946
6.44,-5.7120509322529883644525864444035195e-29,0.99999999999999999477221291199292196
6.4555555555555555555555555555555556,-5.7502866366702641898020382471201702e-29,0.99999999999999999577541538209815724
6.4711111111111111111111111111111111,-5.8001472490596862271424708976358227e-29,0.99999999999999999658812898746435509
6.4866666666666666666666666666666667,-5.8655339412980459431409556403333833e-29,0.99999999999999999724612865828375626
6.5022222222222222222222222222222222,-5.951538261371438502132383340337542e-29,0.9999999999999999977785470280190284
6.5177777777777777777777777777777778,-6.0648267786367388350378220134844818e-29,0.99999999999999999820909306394262688
6.5333333333333333333333333333333333,-6.2141400600146273856104744115446725e-29,0.99999999999999999855704989543692752
6.5488888888888888888888888888888889,-6.4106553123478074877764613933820762e-29,0.9999999999999999988377647999036444
6.5644444444444444444444444444444444,-6.6699128060530199468486312497660786e-29,0.99999999999999999906468606405530823
6.58,-7.0114277786081529563720787771913053e-29,0.9999999999999999992477483709669723
6.5955555555555555555555555555555556,-7.461084107804753732044072111713206e-29,0.99999999999999999939534005100996784
6.6111111111111111111111111111111111,-8.0528102093420184437250137247542263e-29,0.99999999999999999951426255105350767
6.6266666666666666666666666666666667,-8.8310568425609809021198875953508336e-29,0.99999999999999999961002723805406632
6.6422222222222222222222222222222222,-9.8540255210434527122141947713039677e-29,0.99999999999999999968709734565112438
6.6577777777777777777777777777777778,-1.1197879659998137875512300953449339e-28,0.99999999999999999974908507752417466
6.6733333333333333333333333333333333,-1.2962227918864845724443308356607449e-28,0.99999999999999999979891207698857573
6.6888888888888888888888888888888889,-1.5277262066323418436301843662834584e-28,0.99999999999999999983893998870339519
6.7044444444444444444444444444444444,-1.83085578073679695310810530745646e-28,0.99999999999999999987103939725148001
6.72,-2.2285707441790371327567654576057949e-28,0.9999999999999999998968323456283623
6.7355555555555555555555555555555556,-2.7494833314633031715902236229769128e-28,0.99999999999999999991751551799142284
6.7511111111111111111111111111111111,-3.4313464663048130378603438111281863e-28,0.99999999999999999993409124257991096
6.7666666666666666666666666666666667,-4.3233547899407055455379840199525453e-28,0.99999999999999999994736723824582153
6.7822222222222222222222222222222222,-5.489573135695315317464723042724122e-28,0.99999999999999999995799399868999083
6.7977777777777777777777777777777778,-7.0133803433737388639444053139538452e-28,0.99999999999999999996649507447573101
6.8133333333333333333333333333333333,-9.0032260190308623392498762793330502e-28,0.99999999999999999997329158656879617
6.8288888888888888888888888888888889,-1.160008326319512291020650482287839e-27,0.99999999999999999997872205769468686
6.8444444444444444444444444444444444,-1.4987088690331410149348943453650999e-27,0.99999999999999999998305844568073484
6.86,-1.9395502042729819712925283834189337e-27,0.99999999999999999998651510213718486
6.8755555555555555555555555555555556,-2.5144876621796840215770359196005179e-27,0.9999999999999999999892760259152685
6.8911111111111111111111111111111111,-3.2630128666348991600112321991363776e-27,0.99999999999999999999147673686786578
6.9066666666666666666666666666666667,-4.2369511564581889388944338538529191e-27,0.99999999999999999999322985346553085
6.9222222222222222222222222222222222,-5.5034233795461670471996795566616531e-27,0.99999999999999999999462557187484196
6.9377777777777777777777777777777778,-7.1493069502635591830704887585798075e-27,0.99999999999999999999573608583130456
6.9533333333333333333333333333333333,-9.2869823393412656422976634386915562e-27,0.99999999999999999999661914426746602
6.9688888888888888888888888888888889,-1.2061730752524179328356524847392156e-26,0.99999999999999999999732091309907516
6.9844444444444444444444444444444444,-1.5661251457999299165436595457506036e-26,0.99999999999999999999787827581785154
7.0,-2.0321037334475260763898896080621366e-26,0.99999999999999999999832068177393961
