zeta,trade_off_alpha,trade_off_beta
-7.0,0.99999999999999999999832068177393962,-2.0321037330619639293201793054483911e-26
-6.9844444444444444444444444444444444,0.99999999999999999999787827581785156,-1.5661251454237717242805275432006079e-26
-6.9688888888888888888888888888888889,0.99999999999999999999732091309907517,-1.2061730749044716049922553823804696e-26
-6.9533333333333333333333333333333333,0.99999999999999999999661914426746604,-9.2869823360028616859623669160603444e-27
-6.9377777777777777777777777777777778,0.99999999999999999999573608583130458,-7.1493069469251552267351922359485958e-27
-6.9222222222222222222222222222222222,0.99999999999999999999462557187484197,-5.5034233762077630908643830340304414e-27
-6.9066666666666666666666666666666667,0.99999999999999999999322985346553087,-4.2369511533548838527235948328154547e-27
-6.8911111111111111111111111111111111,0.99999999999999999999147673686786579,-3.2630128637666929440048506796926604e-27
-6.8755555555555555555555555555555556,0.99999999999999999998927602591526852,-2.5144876591704184834719798992005524e-27
-6.86,0.99999999999999999998651510213718488,-1.9395502014047757552861468639752165e-27
-6.8444444444444444444444444444444444,0.99999999999999999998305844568073485,-1.4987088663059941210271873268776311e-27
-6.8288888888888888888888888888888889,0.99999999999999999997872205769468688,-1.1600083237804444932445094650753681e-27
-6.8133333333333333333333333333333333,0.99999999999999999997329158656879619,-9.0032259969315685437908711295208033e-28
-6.7977777777777777777777777777777778,0.99999999999999999996649507447573103,-7.0133803193936541071697401513916199e-28
-6.7822222222222222222222222222222222,0.99999999999999999995799399868999085,-5.4895731126556260413478878865368859e-28
-6.7666666666666666666666666666666667,0.99999999999999999994736723824582155,-4.3233547683116094904078938733277931e-28
-6.7511111111111111111111111111111111,0.99999999999999999993409124257991098,-3.4313464460863102037169986740659178e-28
-6.7355555555555555555555555555555556,0.99999999999999999991751551799142286,-2.7494833107746025971179634827271497e-28
-6.72,0.99999999999999999989683234562836232,-2.2285707225499410776266753109810426e-28
-6.7044444444444444444444444444444444,0.99999999999999999987103939725148003,-1.8308557595778986383069301640192023e-28
-6.6888888888888888888888888888888889,0.99999999999999999983893998870339521,-1.5277261887648277111314142451586631e-28
-6.6733333333333333333333333333333333,0.99999999999999999979891207698857575,-1.2962227740189704399455607145359495e-28
-6.6577777777777777777777777777777778,0.99999999999999999974908507752417468,-1.1197879490726951357102899805951278e-28
-6.6422222222222222222222222222222222,0.9999999999999999996870973456511244,-9.8540253376663339839373435281810679e-29
-6.6266666666666666666666666666666667,0.99999999999999999961002723805406634,-8.8310566779917717869996364797277184e-29
-6.6111111111111111111111111111111111,0.99999999999999999951426255105350769,-8.0528100400708319253156125772561649e-29
-6.5955555555555555555555555555555556,0.99999999999999999939534005100996786,-7.4610839714474090366587211873397677e-29
-6.58,0.99999999999999999924774837096697232,-7.0114276281448760511192777571930285e-29
-6.5644444444444444444444444444444444,0.99999999999999999906468606405530825,-6.6699126743976526547524303572675865e-29
-6.5488888888888888888888888888888889,0.99999999999999999883776479990364442,-6.4106551759904627923911104690086379e-29
-6.5333333333333333333333333333333333,0.99999999999999999855704989543692755,-6.214139918955305286935973455296288e-29
-6.5177777777777777777777777777777778,0.9999999999999999982090930639426269,-6.0648266610873037528090712166108281e-29
-6.5022222222222222222222222222222222,0.99999999999999999777854702801902842,-5.951538134418048613325332479713996e-29
-6.4866666666666666666666666666666667,0.99999999999999999724612865828375629,-5.8655338166956447559784797956473104e-29
-6.4711111111111111111111111111111111,0.99999999999999999658812898746435511,-5.8001471291592624432691450848246959e-29
-6.4555555555555555555555555555555556,0.99999999999999999577541538209815726,-5.7502865238228065108624374821214626e-29
-6.44,0.99999999999999999477221291199292199,-5.7120508311604741937358607590921773e-29
-6.4244444444444444444444444444444444,0.99999999999999999353461700546616948,-5.6824334704632577139736831507958021e-29
-6.4088888888888888888888888888888889,0.99999999999999999200877929394711856,-5.6590940395316360020812639505991467e-29
-6.3933333333333333333333333333333333,0.99999999999999999012869624680256325,-5.6401783088746445784543832416134506e-29
-6.3777777777777777777777777777777778,0.99999999999999998781683617699516125,-5.6241956928807232414185612674726891e-29
-6.3622222222222222222222222222222222,0.99999999999999998496834134756356908,-5.6098226248776540231976005017729923e-29
-6.3466666666666666666666666666666667,0.9999999999999999814648416157595014,-5.5959251971537580271709891259383517e-29
-6.3311111111111111111111111111111111,0.99999999999999997715830691992411508,-5.5813845036562615507513920184084469e-29
-6.3155555555555555555555555555555556,0.9999999999999999718678519627470152,-5.5650308522744579652419797763296035e-29
-6.3,0.99999999999999996537258059007899751,-5.5455539570713048930708199040833491e-29
-6.2844444444444444444444444444444444,0.9999999999999999574029023335374631,-5.5213996264359191385863764569696297e-29
-6.2688888888888888888888888888888889,0.9999999999999999476300016366759693,-5.4906508677074627677875165433497531e-29
-6.2533333333333333333333333333333333,0.99999999999999993565307493488300859,-5.4508794022552302894323662377532158e-29
-6.2377777777777777777777777777777778,0.99999999999999992100485868387181442,-5.3990370262907456592268241102469334e-29
-6.2222222222222222222222222222222222,0.99999999999999990305366770289280245,-5.3309350326150514724010696997411027e-29
-6.2066666666666666666666666666666667,0.99999999999999988109362717277471804,-5.2413331896635944567624792075013868e-29
-6.1911111111111111111111111111111111,0.99999999999999985424561005331940567,-5.1232905042213228150820992842720418e-29
-6.1755555555555555555555555555555556,0.99999999999999982144133054764755539,-4.9677055796216276942332810949151325e-29
-6.16,0.9999999999999997813834469780712405,-4.7626358546416873508829091539415715e-29
-6.1444444444444444444444444444444444,0.99999999999999973249742428742708669,-4.4924106747946092978211825402783696e-29
-6.1288888888888888888888888888888889,0.99999999999999967287349146732646036,-4.1364715948594415417643219985973681e-29
-6.1133333333333333333333333333333333,0.99999999999999960019670071746341603,-3.6678602588008524927840879496802214e-29
-6.0977777777777777777777777777777778,0.99999999999999951166270341974566356,-3.0512413367021037220648435034129945e-29
-6.0822222222222222222222222222222222,0.99999999999999940403014819389460651,-2.2415257878384820127132246134990577e-29
-6.0666666666666666666666666666666667,0.99999999999999927291702048530738725,-1.1760851387077106412749321436200945e-29
-6.0511111111111111111111111111111111,0.99999999999999911348392684438874692,2.2344043606486828099353762180676123e-30
-6.0355555555555555555555555555555556,0.99999999999999891973023893376094193,2.0607169178205564965107698160168637e-29
-6.02,0.99999999999999868440923593139592038,4.4712269450432677649708550740255727e-29
-6.0044444444444444444444444444444444,0.99999999999999839877476830181235281,7.6319287996001039267324339211067538e-29
-5.9888888888888888888888888888888889,0.99999999999999805227755711373027638,1.1773812029851243129425638548780081e-28
-5.9733333333333333333333333333333333,0.99999999999999763220135096479224932,1.7198211445848197660475708100586247e-28
-5.9577777777777777777777777777777778,0.99999999999999712322731161003149667,2.4297991003221852231525765620740334e-28
-5.9422222222222222222222222222222222,0.99999999999999650691280739079014028,3.3585031692974218115385928619863611e-28
-5.9266666666666666666666666666666667,0.99999999999999576212906276789011282,4.5707961104002023228076076814312062e-28
-5.9111111111111111111111111111111111,0.99999999999999486029481881705074193,6.1564553692161745810043344319183814e-28
-5.8955555555555555555555555555555556,0.99999999999999377023220861303719829,8.2268847926828666753082280097109507e-28
-5.88,0.99999999999999245344568439228226225,1.0928666183234928363897300226917989e-27
-5.8644444444444444444444444444444444,0.99999999999999086373346588228448036,1.4452206121813574966505993318479311e-27
-5.8488888888888888888888888888888889,0.99999999999998894567933373740038875,1.9044687502675395039853427811380173e-27
-5.8333333333333333333333333333333333,0.99999999999998663285623409187027489,2.5026803337061122319123859338595034e-27
-5.8177777777777777777777777777777778,0.99999999999998384568801385722347865,3.2814363986466433734552400182435332e-27
-5.8022222222222222222222222222222222,0.99999999999998048890587685013456688,4.2946179574786462401563273077559744e-27
-5.7866666666666666666666666666666667,0.99999999999997644852470896441841597,5.6120017567048764590594506982750653e-27
-5.7711111111111111111111111111111111,0.99999999999997159514400723646659958,7.3213748977678856600236582062088857e-27
-5.7555555555555555555555555555555556,0.99999999999996575350250802771091795,9.543830913608726415364482356567712e-27
-5.74,0.99999999999995873487736577052315727,1.2428368365988843317462483046978676e-26
-5.7244444444444444444444444444444444,0.99999999999995030719025390559764848,1.6169977335341690666841169540690519e-26
-5.7088888888888888888888888888888889,0.99999999999994019363228635849580783,2.1020402661904327628791669530634896e-26
-5.6933333333333333333333333333333333,0.99999999999992806424840121307064162,2.7304464591780428413841504386755104e-26
-5.6777777777777777777777777777777778,0.99999999999991352597862700932700267,3.5441014613307956306020174846314216e-26
-5.6622222222222222222222222222222222,0.9999999999998961108809640703839604,4.5969826102856646362793510331935786e-26
-5.6466666666666666666666666666666667,0.99999999999987526221294502306257716,5.9586079025549293196120013507742731e-26
-5.6311111111111111111111111111111111,0.99999999999985031799327727416617638,7.7184555766835633818848085089975956e-26
-5.6155555555555555555555555555555556,0.99999999999982053377817862426900325,9.9882885195990465110718945046464487e-26
-5.6,0.99999999999978489927451205630695297,1.2921775488430217205161841504444286e-25
-5.5844444444444444444444444444444444,0.99999999999974234136500687334614898,1.6706372099138570551057978125273239e-25
-5.5688888888888888888888888888888889,0.99999999999969154541721333338122846,2.158608462630633170118217065130402e-25
-5.5533333333333333333333333333333333,0.99999999999963095317018259385615599,2.7874020267928143546255035998169131e-25
-5.5377777777777777777777777777777778,0.99999999999955871873897954697924001,3.5971710271351141406346603850482398e-25
-5.5222222222222222222222222222222222,0.99999999999947265689143082122423554,4.6393766571247467756224792676172336e-25
-5.5066666666666666666666666666666667,0.99999999999937018227964485010082734,5.979932443270863480711038211783256e-25
-5.4911111111111111111111111111111111,0.99999999999924823809139132160567777,7.7032113686315921479128970501945728e-25
-5.4755555555555555555555555555555556,0.99999999999910341688195478545911197,9.9139085505283582416374830317168583e-25
-5.46,0.99999999999893108272162187971496216,1.2755581773822549830967246263120413e-24
-5.4444444444444444444444444444444444,0.99999999999872637502952669360869024,1.6401968983664807027966311276792372e-24
-5.4288888888888888888888888888888889,0.99999999999848335830647467884848667,2.1078142767408898253401725259398155e-24
-5.4133333333333333333333333333333333,0.99999999999819503658159743775940278,2.7071328125117869529980614683371638e-24
-5.3977777777777777777777777777777778,0.99999999999785316910735331233467921,3.4747841052247111308359644498307224e-24
-5.3822222222222222222222222222222222,0.99999999999744805496164841608865572,4.45745811590030901510312365057151e-24
-5.3666666666666666666666666666666667,0.99999999999696828147793845523254036,5.7146285636321064940072045363211373e-24
-5.3511111111111111111111111111111111,0.9999999999964004306231944676909065,7.3220067328976382218312350754828197e-24
-5.3355555555555555555555555555555556,0.99999999999572873652114796225742116,9.3759156315490725861444185396262746e-24
-5.32,0.99999999999493580294514860817563144,1.1994997719482511271163236108287167e-23
-5.3044444444444444444444444444444444,0.99999999999399787380408693914851275,1.5341475635060669001538646666606813e-23
-5.2888888888888888888888888888888889,0.99999999999289042095525427542282323,1.96099142319569146247591250563023e-23
-5.2733333333333333333333333333333333,0.99999999999158358923107227029572428,2.505104698637533065765359695411683e-23
-5.2577777777777777777777777777777778,0.99999999999004240945451400947727916,3.1982891532271469557003544871093169e-23
-5.2422222222222222222222222222222222,0.99999999998822594818134654783223527,4.080855810198250827198134031063505e-23
-5.2266666666666666666666666666666667,0.99999999998608632057066047488514895,5.2038704711937130594549665351961202e-23
-5.2111111111111111111111111111111111,0.99999999998356754511415207392692337,6.6319833803145973659370804715833228e-23
-5.1955555555555555555555555555555556,0.99999999998060421577560321555937346,8.446992754849265011466565775268634e-23
-5.18,0.99999999997711996345808635142635178,1.0752329692619394841716468846302338e-22
-5.1644444444444444444444444444444444,0.999999999973031415677509465139333,1.3674439908818108786897298470735659e-22
-5.1488888888888888888888888888888889,0.99999999996822416995987331554247533,1.7385768646188569574155906177286667e-22
-5.1333333333333333333333333333333333,0.99999999996258202860894003469140362,2.209123773685906445887617965964687e-22
-5.1177777777777777777777777777777778,0.99999999995596396690555486188865355,2.8053562585724346284900952641433665e-22
-5.1022222222222222222222222222222222,0.99999999994820584015833151738551676,3.5603920727551553323503334107031868e-22
-5.0866666666666666666666666666666667,0.9999999999391167138667930498164035,4.5159536512324763351449923147289651e-22
-5.0711111111111111111111111111111111,0.99999999992847463154599251283463694,5.7245715311988372917083959361051631e-22
-5.0555555555555555555555555555555556,0.99999999991602173732752360668346197,7.2523435765202382839050114301144535e-22
-5.04,0.99999999990145865875369043634236017,9.1823880317632795438581284213107819e-22
-5.0244444444444444444444444444444444,0.99999999988443804191176060566802469,1.1619162155878108175120141074812694e-21
-5.0088888888888888888888888888888889,0.99999999986458491226989464875007848,1.4689397765589638202279192987119777e-21
-4.9933333333333333333333333333333333,0.99999999984138158593487795907042358,1.8565529410684995975194521619742306e-21
-4.9777777777777777777777777777777778,0.99999999981431145759503121415024979,2.3450528022563844156106651812161219e-21
-4.9622222222222222222222222222222222,0.99999999978274908878689542678842792,2.9603282420054854839590342563489978e-21
-4.9466666666666666666666666666666667,0.99999999974597109165588445408180549,3.7348148687817973071925993716771455e-21
-4.9311111111111111111111111111111111,0.99999999970314131914271063615485405,4.709125576511898143176347867075546e-21
-4.9155555555555555555555555555555556,0.99999999965329390091779946962437649,5.9340808640129557786973131080473239e-21
-4.9,0.99999999959531382492198136154432665,7.4732353292697416202934175932415576e-21
-4.8844444444444444444444444444444444,0.99999999952791472454552158742781655,9.4060196120749386794534603843801388e-21
-4.8688888888888888888888888888888889,0.99999999944972267497320613981552074,1.1828134104714884273389401631876875e-20
-4.8533333333333333333333333333333333,0.99999999935882798214140214448847754,1.4869552042783155179221358730197911e-20
-4.8377777777777777777777777777777778,0.99999999925335728660703636765900146,1.8681923820688856847889048287609875e-20
-4.8222222222222222222222222222222222,0.99999999913104662863402605678852557,2.3457805926294621514463633313857213e-20
-4.8066666666666666666666666666666667,0.99999999898929240631509098500431927,2.9437117134360801762764239570071628e-20
-4.7911111111111111111111111111111111,0.99999999882510232656952652569364924,3.6918604159998193793206179881036072e-20
-4.7755555555555555555555555555555556,0.99999999863503956610708476079770248,4.627403742302712233225364145623465e-20
-4.76,0.99999999841515924613017710677775672,5.7965775883833974846876443819858483e-20
-4.7444444444444444444444444444444444,0.99999999816093621255493922609577777,7.2568486785732463244026406277503338e-20
-4.7288888888888888888888888888888889,0.99999999786718298842130705121119386,9.0795986143625381234853027094864898e-20
-4.7133333333333333333333333333333333,0.99999999752842828310450833425987394,1.1350156690306769281016291332549641e-19
-4.6977777777777777777777777777777778,0.99999999713699721059645322964877301,1.4184210149648403646462233501692662e-19
-4.6822222222222222222222222222222222,0.99999999668551462118790360771966732,1.7715388121419540346685405727703404e-19
-4.6666666666666666666666666666666667,0.99999999616508030467511252242633231,2.2112529037962621081838400721449202e-19
-4.6511111111111111111111111111111111,0.99999999556552389194285929676911826,2.7584708978968362090865806417255079e-19
-4.6355555555555555555555555555555556,0.99999999487523102086004394714008475,3.4390671678022822841687502152657433e-19
-4.62,0.99999999408094680383427478235572238,4.2850430229673465660397989171359178e-19
-4.6044444444444444444444444444444444,0.99999999316755378837261072812145571,5.3359531580048276343373393965077043e-19
-4.5888888888888888888888888888888889,0.99999999211782127569808200705244992,6.640658382678820841719986278136288e-19
-4.5733333333333333333333333333333333,0.99999999091212250106192184250410725,8.2594778983618568390726688906753006e-19
-4.5577777777777777777777777777777778,0.9999999895300344650545327589840301,1.0263941577564531513807198475729321e-18
-4.5422222222222222222222222222222222,0.99999998794258574664571096097243478,1.2750894743907054236607188778391206e-18
-4.5266666666666666666666666666666667,0.99999998612255870891017888028859329,1.5831042858476353836131364228633139e-18
-4.5111111111111111111111111111111111,0.99999998403713078825174434567458251,1.9643586324202122345179469701239983e-18
-4.4955555555555555555555555555555556,0.99999998164903503352093739369879565,2.435984063570715619492071200679718e-18
-4.48,0.99999997891598552957721901574421857,3.0190515648274732070338611988855137e-18
-4.4644444444444444444444444444444444,0.99999997579003235226382701585486185,3.7394614522098278438482519237209842e-18
-4.4488888888888888888888888888888889,0.99999997221683792691833103320516661,4.6290305804175425375562812715225144e-18
-4.4333333333333333333333333333333333,0.99999996813486579183892299734025042,5.7268197689308233805720320526709836e-18
-4.4177777777777777777777777777777778,0.99999996347447181245695002692451431,7.0807534897545772434604854532972587e-18
-4.4022222222222222222222222222222222,0.99999995816423717915035038404997944,8.7472000765606425673363547323561953e-18
-4.3866666666666666666666666666666667,0.99999995210145805121148385077188198,1.0802403473924335373748701787133107e-17
-4.3711111111111111111111111111111111,0.9999999451920266751796526255067443,1.3332582368777545858356726034721797e-17
-4.3555555555555555555555555555555556,0.99999993732243719926355207213194331,1.6445637824354413289920206111088481e-17
-4.34,0.999999928364643502223083286154043,2.0273547613818605423174731287649331e-17
-4.3244444444444444444444444444444444,0.99999991817429014852459882249076525,2.4977638894051554462276008665248134e-17
-4.3088888888888888888888888888888889,0.99999990658874057801902569033529666,3.07549931062092955386025873383345e-17
-4.2933333333333333333333333333333333,0.99999989342488088479059510113057756,3.7846221260915001976488073985528778e-17
-4.2777777777777777777777777777777778,0.99999987847667542485281245852750624,4.6544896781126517705545676445090329e-17
-4.2622222222222222222222222222222222,0.9999998615124481937159474863858765,5.7208991948431909755613217946883068e-17
-4.2466666666666666666666666666666667,0.99999984229837917659027880947911165,7.0256039208295869351635461010639082e-17
-4.2311111111111111111111111111111111,0.99999982049260929448418866436553967,8.6250501536817043138139817946784528e-17
-4.2155555555555555555555555555555556,0.99999979579047881294656658121032372,1.0582355086593446371245711154595162e-16
-4.2,0.99999976782407610978683581384272404,1.2976147822080951435801271347990389e-16
-4.1844444444444444444444444444444444,0.99999973618104986950504618600378377,1.5902009613132994561954726480491059e-16
-4.1688888888888888888888888888888889,0.99999970039954312639120760499178995,1.9476056775868447290353760204512691e-16
-4.1533333333333333333333333333333333,0.99999965996258795789481978676982808,2.38392652040204361472058412766174e-16
-4.1377777777777777777777777777777778,0.99999961429190802464561692366763864,2.9162686635317107250227516227137015e-16
-4.1222222222222222222222222222222222,0.99999956274107151835704454952667336,3.5653736517989321692833492486326385e-16
-4.1066666666666666666666666666666667,0.9999995046678683421071699681575743,4.3552479964130051444808227248098624e-16
-4.0911111111111111111111111111111111,0.99999943911638338678507825220504258,5.3183450483743866414535441101137497e-16
-4.0755555555555555555555555555555556,0.99999936525818017732956512579644994,6.4905731153615625627039225267619528e-16
-4.06,0.99999928209058369260883084693052335,7.9164872908653249913071148443432272e-16
-4.0444444444444444444444444444444444,0.99999918849641912337127338563045662,9.6499474566384023753778941198114373e-16
-4.0288888888888888888888888888888889,0.99999908323175664474751434984028953,1.1756021107335528261195817923371555e-15
-4.0133333333333333333333333333333333,0.99999896491244312191103646707039022,1.4313266777295578116028153569183447e-15
-3.9977777777777777777777777777777778,0.99999883199931201124343801409560648,1.7416472431873968104458297225438179e-15
-3.9822222222222222222222222222222222,0.99999868278195421502736590312274796,2.1179937356467615352641417950763237e-15
-3.9666666666666666666666666666666667,0.99999851536092360866757106093967777,2.5741402876360275500756440589402674e-15
-3.9511111111111111111111111111111111,0.99999832788553780219047562460414413,3.1258894487301406362726218509859965e-15
-3.9355555555555555555555555555555556,0.99999811753430687218300857025832448,3.794614714834215827450858479736847e-15
-3.92,0.99999788194602367027651951421645419,4.6036774903521328724504465618983125e-15
-3.9044444444444444444444444444444444,0.99999761825124791776788430226744667,5.5819411406109009365671103441628597e-15
-3.8888888888888888888888888888888889,0.99999732327396363631116407850312815,6.764080893277311225539623286326259e-15
-3.8733333333333333333333333333333333,0.99999699350116574060700799951004286,8.1917282186612632634777949233622489e-15
-3.8577777777777777777777777777777778,0.9999966250496955659041482011907605,9.9148352671886554758208845749496963e-15
-3.8422222222222222222222222222222222,0.99999621363010527299387368677245492,1.1993300626085834015504286655467362e-14
-3.8266666666666666666666666666666667,0.99999575450731644058750271531255274,1.4498905188309663937155779696929137e-14
-3.8111111111111111111111111111111111,0.99999524245782284429038395787017373,1.7517615792945091915164626741363634e-14
-3.7955555555555555555555555555555556,0.99999467250309155368675254166503386,2.1147167484415464348869495569852603e-14
-3.78,0.9999940368279666740624026255473031,2.5519901342813633614742780696928408e-14
-3.7644444444444444444444444444444444,0.99999332914902514872596806058779204,3.0778620268493831013108369117197958e-14
-3.7488888888888888888888888888888889,0.99999254178324361742225021571319153,3.7099042339525638455239905648726524e-14
-3.7333333333333333333333333333333333,0.9999916662835273039897522262634138,4.469095864985436654930508234481569e-14
-3.7177777777777777777777777777777778,0.9999906933689925900772256937429619,5.3804684318642073835702863898843068e-14
-3.7022222222222222222222222222222222,0.99998961284955927521644682474172448,6.473870020074780014756962072581103e-14
-3.6866666666666666666666666666666667,0.99998841354445632970825286230398217,7.7848699176670008753577052124472772e-14
-3.6711111111111111111111111111111111,0.99998708319422398981359945205999058,9.3558288209729431448569147085098328e-14
-3.6555555555555555555555555555555556,0.99998560836577361140024457712424053,1.1237164097277479453435996990265022e-13
-3.64,0.99998397657639162251064639056998218,1.3485659072800207734039377181583378e-13
-3.6244444444444444444444444444444444,0.99998216751622019196584604703483765,1.6178346811826557035410963489073839e-13
-3.6088888888888888888888888888888889,0.99998016559725682837323747001487691,1.9397230854774942474997294551454526e-13
-3.5933333333333333333333333333333333,0.99997795158926840421314601514423618,2.3242828824751536211398090497328827e-13
-3.5777777777777777777777777777777778,0.9999755044928443698360723848460066,2.7834403338186253073471094787377111e-13
-3.5622222222222222222222222222222222,0.99997280139236191468740737040078236,3.3313369296016410351115362847498841e-13
-3.5466666666666666666666666666666667,0.99996981729831341948310539210608908,3.9847303793136831239973919591263353e-13
-3.5311111111111111111111111111111111,0.99996652497837765066730941427305236,4.7634662132040276142676116720927027e-13
-3.5155555555555555555555555555555556,0.99996289477659407287967375663613155,5.6910320639462991595165533467106302e-13
-3.5,0.99995889441997810702746135307893474,6.7952086962542884956991817012593744e-13
-3.4844444444444444444444444444444444,0.99995449479686225544079366079675324,8.1069810936812313428209589134387661e-13
-3.4688888888888888888888888888888889,0.99994964639685228575919174246503521,9.668497584010041470451211918488743e-13
-3.4533333333333333333333333333333333,0.99994431324007702222739797931610014,1.1523986394859649959153398487102703e-12
-3.4377777777777777777777777777777778,0.99993845038085067772324121240897699,1.3727467411721166969114269776644403e-12
-3.4222222222222222222222222222222222,0.99993200907692825612588585588789572,1.6342634823702930473126231306529636e-12
-3.4066666666666666666666666666666667,0.99992493650578703226268781769587987,1.9444542638953406430158675226738137e-12
-3.3911111111111111111111111111111111,0.99991717546319341110069615337552118,2.3121575295716050339083432023736959e-12
-3.3755555555555555555555555555555556,0.99990866404326200825279339189297685,2.7477750069728434438010574751891838e-12
-3.36,0.99989933529920593950262462976541159,3.2635405365219521903694281739335667e-12
-3.3444444444444444444444444444444444,0.99988913072874612107416091727097871,3.8729750881869863366543515670685041e-12
-3.3288888888888888888888888888888889,0.99987794582150809356416964404303652,4.5945307022226000820875119930929634e-12
-3.3133333333333333333333333333333333,0.99986570891869720986647229993909095,5.4473063536075413364496559931572144e-12
-3.2977777777777777777777777777777778,0.99985232911185788228936261183339806,6.454560310955356260445508979605118e-12
-3.2822222222222222222222222222222222,0.99983770843813571911119740933276392,7.6435617539110206722765359525372037e-12
-3.2666666666666666666666666666666667,0.99982174140833133122089636506309042,9.0462623766424183550360553153337714e-12
-3.2511111111111111111111111111111111,0.99980431451008949495151195395135359,1.0700076919957291688337252012127724e-11
-3.2355555555555555555555555555555556,0.99978530568548513103230932605298606,1.2648789695786694549886163803166941e-11
-3.22,0.9997645837822959402101466080462741,1.4943606740359918978297590379376532e-11
-3.2044444444444444444444444444444444,0.99974200797828563759802832253215824,1.7644376176593962440918884249126103e-11
-3.1888888888888888888888888888888889,0.99971746038376177256397288384340968,2.0816546347163296074504504718971794e-11
-3.1733333333333333333333333333333333,0.99969071550310795506152438294627813,2.4549849319341013708794043542363814e-11
-3.1577777777777777777777777777777778,0.99966163029241172470776680202598858,2.8935667702122183965204881356191139e-11
-3.1422222222222222222222222222222222,0.9996300189475282465616847714487667,3.4084956617156235779423902438212515e-11
-3.1266666666666666666666666666666667,0.99959568269134414294137849594226105,4.0126989504621870459161531838037802e-11
-3.1111111111111111111111111111111111,0.99955840902468450179531929622286404,4.7212287468449853570748218743522352e-11
-3.0955555555555555555555555555555556,0.99951797094700652875802889536047562,5.551600106200342449486707133884541e-11
-3.08,0.99947412614672353013746598697289048,6.5241811771826590367045212724703212e-11
-3.0644444444444444444444444444444444,0.99942661616110350756825577893712274,7.6626430038079719737460044508212163e-11
-3.0488888888888888888888888888888889,0.9993751655057960521224678056696361,8.9944777531819359186704484597379697e-11
-3.0333333333333333333333333333333333,0.99931955577583627409115291479335999,0.0000000001054941731286498707096149472515169
-3.0177777777777777777777777777777778,0.99925933080781314703110132519455016,0.00000000012368465890554929604144783994820931
-3.0022222222222222222222222222222222,0.99919422787493541657972767284602237,0.00000000014492659658066014393938626501179674
-2.9866666666666666666666666666666667,0.99912389413057994527195547564683034,0.00000000016971697591595849322912110423087036
-2.9711111111111111111111111111111111,0.99904795491058543627646666507577594,0.0000000001986311920509642955028136845605488
-2.9555555555555555555555555555555556,0.99896601268899154960703176229644262,0.00000000023233499311080410671821993606172685
-2.94,0.99887764600761720512880517916618481,0.00000000027159818034467898407721236524825492
-2.9244444444444444444444444444444444,0.99878240838074008633457594897798169,0.00000000031731030719736020280189033418977774
-2.9088888888888888888888888888888889,0.99867982717633223867399117893221128,0.0000000003704986567411365773089103317173651
-2.8933333333333333333333333333333333,0.99856940247550836676861144415272518,0.00000000043234881410913938766681087574768139
-2.8777777777777777777777777777777778,0.99845076544596821410673566338623254,0.00000000050412794246863758299175174606241934
-2.8622222222222222222222222222222222,0.99832305096927715635101963066348852,0.00000000058759651631471598242076947900460829
-2.8466666666666666666666666666666667,0.99818581860994599710514326390596902,0.00000000068448345908266262944189751128118341
-2.8311111111111111111111111111111111,0.99803844757264496921150182521876506,0.00000000079687838874627663263251571692207353
-2.8155555555555555555555555555555556,0.99788028382033958570907212414605956,0.00000000092718528375867922773683123243543297
-2.8,0.99771063885012493706253086435803773,0.0000000010781680165220681425412614729068395
-2.7844444444444444444444444444444444,0.99752878846516948808963425762784855,0.0000000012530022105880289879978690052702625
-2.7688888888888888888888888888888889,0.99733397154630269198015373394465225,0.0000000014553342592271880995258583494137439
-2.7533333333333333333333333333333333,0.99712538882703854610712522248897006,0.0000000016893484480922712006840255351717695
-2.7377777777777777777777777777777778,0.99690250059962036604863732047121135,0.0000000019594669753907526139553182159593679
-2.7222222222222222222222222222222222,0.99666385045828305237072115099468355,0.0000000022718833932960945690308692918478548
-2.7066666666666666666666666666666667,0.99640879694236470931600589014600222,0.0000000026325694256493031091544327913103616
-2.6911111111111111111111111111111111,0.99613637621872133699090862859860716,0.0000000030487329466001684959333694755811999
-2.6755555555555555555555555555555556,0.99584558038595032758528910630149327,0.0000000035286187505178578756209018835247331
-2.66,0.99553535636417430835886496819185856,0.0000000040816516972971756768395936773463915
-2.6444444444444444444444444444444444,0.99520460482204141921320026081957574,0.0000000047185987262082371878764486526017563
-2.6288888888888888888888888888888889,0.99485217914676650233613444970375636,0.0000000054517520976833508736803234433599601
-2.6133333333333333333333333333333333,0.99447688446326660292647948134026744,0.0000000062951364998328984116932870703049546
-2.5977777777777777777777777777777778,0.99407747670866205500757265259629379,0.000000007264742964153559314631772404122541
-2.5822222222222222222222222222222222,0.99365322905521943400152479524260796,0.0000000083772477274971031126731258528473178
-2.5666666666666666666666666666666667,0.9932016975139522811513248843606829,0.000000009656261996127556462958457870789027
-2.5511111111111111111111111111111111,0.99272201914158543339329869569457385,0.000000011124049855530999527970522052074268
-2.5355555555555555555555555555555556,0.9922127452749194154541470054430169,0.000000012807461789637682959251426577676278
-2.52,0.9916723744995645140910128114280302,0.000000014737014829188052261015481504538402
-2.5044444444444444444444444444444444,0.99109935219854605202130753665459103,0.000000016947370942398977561744893458089122
-2.4888888888888888888888888888888889,0.99049207020494687521135677632964719,0.000000019477874696437707536069110384256592
-2.4733333333333333333333333333333333,0.9898488665659786257754006864937398,0.000000022373157104912412523486568259362178
-2.4577777777777777777777777777777778,0.98916802542590665314365917402634675,0.000000025683813327365067056457757832468033
-2.4422222222222222222222222222222222,0.98844777703525658175250692613384945,0.000000029467162712005749856691517443499676
-2.4266666666666666666666666666666667,0.98768731173802840072789725990342871,0.00000003378212512610005231522377490195522
-2.4111111111111111111111111111111111,0.98688278195429744983745290239080693,0.000000038713233709442877820699528664229392
-2.3955555555555555555555555555555556,0.98603321698440050475814344839999252,0.000000044338264360859405602087783724427555
-2.38,0.98513663444650443415339499063585957,0.000000050751016136254970626205864511225782
-2.3644444444444444444444444444444444,0.98419100026025045919696052787454479,0.000000058057411594193638493471270953114469
-2.3488888888888888888888888888888889,0.98319422956535761121412295390953943,0.000000066376986351276998205620835638115241
-2.3333333333333333333333333333333333,0.98214418781569422935108589300809389,0.000000075844551258127887445020910301534151
-2.3177777777777777777777777777777778,0.98103869205498768343364585838566607,0.000000086612045858967626331555677521324618
-2.3022222222222222222222222222222222,0.97987551238000453276571900114167167,0.000000098850603649501655183197192345504177
-2.2866666666666666666666666666666667,0.97865237359665204468072139413596816,0.00000011275285166360843337771806325592986
-2.2711111111111111111111111111111111,0.97736866341711364743990118604881236,0.00000012851370716013648118213231339577903
-2.2555555555555555555555555555555556,0.97601869441535061939988641536410878,0.00000014641734885441621921304061658120695
-2.24,0.97460169166677500094006441913326389,0.00000016671819458786480193090649624377698
-2.2244444444444444444444444444444444,0.97311521944482421682911418634327586,0.00000018972339881680515610280858644942684
-2.2088888888888888888888888888888889,0.97155680806135663104812312301298118,0.00000021577757010106032272217882217673597
-2.1933333333333333333333333333333333,0.96992395676759918145030801033747807,0.00000024526708602651416449958484946505115
-2.1777777777777777777777777777777778,0.96821413687182345364607400266629962,0.00000027862487308973618968512772018326474
-2.1622222222222222222222222222222222,0.96642479507458940866298882983947881,0.0000003163356977216548920164783400381057
-2.1466666666666666666666666666666667,0.96455335702163411586878347276803961,0.00000035894201875472738074157570232535438
-2.1311111111111111111111111111111111,0.96259723107368450807471338088120359,0.00000040705045608323710127854601290866862
-2.1155555555555555555555555555555556,0.96055651679653127810667398422663271,0.00000046126429856649794400945947491156043
-2.1,0.95842330929263444737473942135378294,0.00000052248042217539089978744788591147399
-2.0844444444444444444444444444444444,0.95619757957235963475089352714622668,0.00000059147754870055415560911881451230842
-2.0688888888888888888888888888888889,0.9538767088173076849495898592345316,0.00000066919801404371909475090849524971187
-2.0533333333333333333333333333333333,0.95145808293541581319668893262156837,0.00000075669215851075186797839241691175792
-2.0377777777777777777777777777777778,0.94893909756824092692708050042663435,0.0000008551299347880021961470337325771332
-2.0222222222222222222222222222222222,0.94631716328524867289511196585899149,0.00000096581367048784035864425287661788159
-2.0066666666666666666666666666666667,0.94358971095701376035751970257051339,0.0000010901920893749954587469784641785054
-1.9911111111111111111111111111111111,0.94075419729824387713202107611014459,0.0000012298757035934736117127478264689733
-1.9755555555555555555555555555555556,0.9378119993376908099491185437834886,0.0000013864387270306440079612095304358699
-1.96,0.9347530132178957432743440704948714,0.0000015622713734002048907547115537678133
-1.9444444444444444444444444444444444,0.93157855185362028280203601154913918,0.0000017593855719650721245439720125886087
-1.9288888888888888888888888888888889,0.92828623372101799918724896103517514,0.0000019802244405481756466621013286865932
-1.9133333333333333333333333333333333,0.92487373300729541003691966119176313,0.0000022274949520124125399860972102234665
-1.8977777777777777777777777777777778,0.9213387859264765948793976961460127,0.0000025041944362554762746762791168566233
-1.8822222222222222222222222222222222,0.91767919711405000075636005475424311,0.000002813639515449509213158395157959873
-1.8666666666666666666666666666666667,0.91389284608381739908492999875613587,0.0000031594976709474464531044851454885878
-1.8511111111111111111111111111111111,0.90997769372943866924770371149907533,0.0000035458216538568923356551329217335264
-1.8355555555555555555555555555555556,0.90593178885238524967749634329690199,0.0000039770869655299896572242751395315677
-1.82,0.90175877382392627053872044797532261,0.0000044575748498568798166928807272849098
-1.8044444444444444444444444444444444,0.89744606973971002270760346996200766,0.0000049939724249009445227517438899354242
-1.7888888888888888888888888888888889,0.89299735431861107984016484537862851,0.0000055916922046096166745979475583513234
-1.7733333333333333333333333333333333,0.88841109297007658983037954818590075,0.0000062573448440745269508898414735166856
-1.7577777777777777777777777777777778,0.8836858713512215879409737881820625,0.0000069982061245847752682423892966609709
-1.7422222222222222222222222222222222,0.87882040163268479222291609382904175,0.0000078222784815643019951469527499859499
-1.7266666666666666666666666666666667,0.87381352864597314569335124487281646,0.000008738357641365464800621940669368551
-1.7111111111111111111111111111111111,0.86866423589001962035104773074158107,0.0000097561047312584895925853410612094095
-1.6955555555555555555555555555555556,0.86337165137453225010491346136786531,0.000010886124247071292494930501682248639
-1.68,0.85793505327765706415906541352844149,0.00001214004828359707001654360733857611
-1.6644444444444444444444444444444444,0.85236119861137361192495861569155282,0.000013528731912013337107364423415548765
-1.6488888888888888888888888888888889,0.84663522357304858639009592128142844,0.00001506972870554826065503219285714767
-1.6333333333333333333333333333333333,0.84076402402059468117442291339478478,0.000016776616538947015117876742752711722
-1.6177777777777777777777777777777778,0.834747530663250197884915976513517,0.000018666118901653952551875636319317949
-1.6022222222222222222222222222222222,0.82858584909770021032196880089653419,0.000020756517495809047779365769197740782
-1.5866666666666666666666666666666667,0.82227926388906515862922502091326178,0.000023067783752063048962235112589420546
-1.5711111111111111111111111111111111,0.81582824231550354153068127867907109,0.000025621720056662237636111718309793281
-1.5555555555555555555555555555555556,0.80923343775704642700254751962163771,0.000028442111272958169980645053623647907
-1.54,0.80249569271012181487760638691465188,0.000031554887163102321934479678877257746
-1.5244444444444444444444444444444444,0.79561604141016547641173719104942397,0.000034988296337994000476136156343246646
-1.5088888888888888888888888888888889,0.7886048961389335085194532306477242,0.000038767948399420895605007051251021262
-1.4933333333333333333333333333333333,0.78144549201711133916554547527615815,0.000042937067484142347769266909088165603
-1.4777777777777777777777777777777778,0.77414845256235396606904534818909035,0.000047527355899693724249581984904604672
-1.4622222222222222222222222222222222,0.76671559654150531448955883731266893,0.000052578326680874788381377560846915516
-1.4466666666666666666666666666666667,0.75914894115591740288525550006607404,0.000058132877536591679800052680338322365
-1.4311111111111111111111111111111111,0.7514507020077700140711418454079441,0.000064237548310983051802148829023605145
-1.4155555555555555555555555555555556,0.74362329258517110438797139740267822,0.000070942794934652401580196193884807263
-1.4,0.73566932325908344874898544457858437,0.000078303280641923797317154768060895561
-1.3844444444444444444444444444444444,0.72759159978677508108875345933304104,0.000086378185241662895868084218958207084
-1.3688888888888888888888888888888889,0.71940381786253269052599210152846948,0.000095219532406165281501857290263430667
-1.3533333333333333333333333333333333,0.71108792458920021201808333145821651,0.00010491939564322878335118567441419372
-1.3377777777777777777777777777777778,0.70265783983261908874549703247848657,0.00011554159631148413340992848238873488
-1.3222222222222222222222222222222222,0.69411712573476053045705229074564667,0.00012716685433850716365980828699999425
-1.3066666666666666666666666666666667,0.68546952488029679887234502598896787,0.00013988225089788005886191958525211696
-1.2911111111111111111111111111111111,0.67671895582641223076575572992729865,0.00015378166283244470373339950671018526
-1.2755555555555555555555555555555556,0.66786950815155214985147284261217431,0.00016896622073723456503869974240886795
-1.26,0.65892543703218520174989776640002749,0.00018554479147450708185537443729898354
-1.2444444444444444444444444444444444,0.64989115735847221677225412757960543,0.00020363448587319684216902685628056007
-1.2288888888888888888888888888888889,0.6407712374015273390195109451396814,0.00022336119233983924609068717118566816
-1.2133333333333333333333333333333333,0.63158236050774932239313051535751587,0.00024483108092557367703783350429832479
-1.1977777777777777777777777777777778,0.62230553941028047591710115495391741,0.00026824483339080363146109258899238978
-1.1822222222222222222222222222222222,0.61295762684978708841127235908722391,0.00029373145898297677329027508919175154
-1.1666666666666666666666666666666667,0.60354373271172178912823020603870963,0.00032145781939640777199744610513302548
-1.1511111111111111111111111111111111,0.5940690824481660599381731400092787,0.00035160263269206112467838156864696968
-1.1355555555555555555555555555555556,0.58453900841648553283457993642728586,0.00038435717545214570086984992929044363
-1.12,0.57495894090460177106589821831970253,0.00041992601471981013822780528266904947
-1.1044444444444444444444444444444444,0.56533439886796741820127928502609534,0.00045852777002106905385493657007173827
-1.0888888888888888888888888888888889,0.5556709804045193848530537379179132,0.00050039590567886846468320518421283409
-1.0733333333333333333333333333333333,0.54597435299496844805571736313534049,0.00054577955353353823172253965736911829
-1.0577777777777777777777777777777778,0.53626285482513062003319405537835487,0.00059487811527594135311079725300601472
-1.0422222222222222222222222222222222,0.52651706385155931658164655177006846,0.00064810169369350451892968760708869218
-1.0266666666666666666666666666666667,0.51675537460114769095360597298719585,0.00070569046500682617091577371500098258
-1.0111111111111111111111111111111111,0.50698363077390479418077736858536268,0.0007679650387904329040896536983576626
-0.99555555555555555555555555555555555,0.49720769416688917306994776475150652,0.00083526625674687091259507255539072619
-0.98,0.4874334341273370337887325882264914,0.00090795619375209548001851984514188557
-0.96444444444444444444444444444444444,0.47766671698313488029812171039497872,0.00098641918667687009429142187212657862
-0.94888888888888888888888888888888889,0.46791339548235297556210374996882303,0.0010710628900068179009218548746384747
-0.93333333333333333333333333333333333,0.45817929827351791397240518409975554,0.0011623193571052329020588810781946732
-0.91777777777777777777777777777777778,0.44847021945813152480748115809500199,0.0012606461457750371260724866787986899
-0.90222222222222222222222222222222222,0.43880442255738242300022798350364025,0.0013663851905971471976762378441184185
-0.88666666666666666666666666666666667,0.42916252217305304315491417160502983,0.0014803221838718310459612759402594821
-0.87111111111111111111111111111111111,0.41956270522053866187608281785347338,0.0016028658651656432806933713683834028
-0.85555555555555555555555555555555556,0.41001052576892703876803736681471886,0.0017345872535508150657701241839738041
-0.84,0.40051145327318457205735445519624026,0.0018760887020011706256819293729079682
-0.82444444444444444444444444444444444,0.39107086319550452493684846350338499,0.0020280051089163976408994854436815361
-0.80888888888888888888888888888888889,0.38169402790382597609693170065485147,0.0021910051385772919934090249861699175
-0.79333333333333333333333333333333333,0.37238610787313200355332347995440798,0.0023657924473959416761873113921998382
-0.77777777777777777777777777777777778,0.36315214321389116078609857695187891,0.0025531069125724403183464402335283273
-0.76222222222222222222222222222222222,0.35399704555066787830814568295732959,0.002753725859513606404826237930910519
-0.74666666666666666666666666666666667,0.34493728474790683334164038511127961,0.0029681776262405981104518137515213697
-0.73111111111111111111111111111111111,0.33595398637393427030319895467821502,0.0031978734372298946666435928278990121
-0.71555555555555555555555555555555556,0.32706343773138217737968242789596253,0.0034434413783144141725161244682252958
-0.7,0.31826996322206997213793007379037312,0.0037058206195645596988798415146356911
-0.68444444444444444444444444444444445,0.30957772411697145865187992135043742,0.0039859937505622805965920122363074719
-0.66888888888888888888888888888888889,0.3009907129338411339987255129790628,0.004284987909354253710213916466800104
-0.65333333333333333333333333333333334,0.2925127482823779170455830821873915,0.0046038758774094450431347183820037471
-0.63777777777777777777777777777777778,0.28414747018678360772417570346311207,0.0049437771348916240569266693026337746
-0.62222222222222222222222222222222222,0.27589833589374559359342244886816247,0.0053058588703229626980853423355746659
-0.60666666666666666666666666666666667,0.26777906830778969702852776063129323,0.0056908219412125666955225648941140366
-0.59111111111111111111111111111111111,0.25977168366040236743941874129381266,0.0061009289775339723959514882952170371
-0.57555555555555555555555555555555556,0.25188967975247904543075266808447006,0.0065370118520647093579563950912653851
-0.56,0.24413575094032473347925266956474028,0.0070004374849251341952595718331452419
-0.54444444444444444444444444444444445,0.23651239527836328761361165426669605,0.0074926246456139269242972586491211836
-0.52888888888888888888888888888888889,0.22902191330503406402912637547430637,0.0080150445530965015157065977378770678
-0.51333333333333333333333333333333334,0.22166640731934122102602741622287037,0.0085692213833356731314968325995957191
-0.49777777777777777777777777777777778,0.21444778114180284215510378236214077,0.0091567326769816217657611097222290005
-0.48222222222222222222222222222222222,0.20736774035192709973016690256849868,0.0097792096398613886161731543382753528
-0.46666666666666666666666666666666667,0.20042779299278420862401068378884446,0.010438337328858494695285699439054895
-0.45111111111111111111111111111111111,0.19363796516645963285513519388447338,0.011134925597434474567220677447459611
-0.43555555555555555555555555555555556,0.18698175964668596936525621023355817,0.011872572270587784171580524999479312
-0.42,0.18046899920774042986967683717245676,0.012652245504205850927268849906711287
-0.40444444444444444444444444444444445,0.17410041796783418349621758696609623,0.0134758449976404052258195031065238
-0.38888888888888888888888888888888889,0.16787656260392088587440696151337635,0.014345323253304351748321058062898105
-0.37333333333333333333333333333333334,0.16179779558226146644731501854889672,0.015262684920611697718911712828593853
-0.35777777777777777777777777777777778,0.15586429875281577007672473532931884,0.016229985974724690739155073646838858
-0.34222222222222222222222222222222222,0.15007607728842690346977457890132758,0.017249332723492826047948464619705384
-0.32666666666666666666666666666666667,0.14443296394898077786768400440465903,0.018322880636239671755633925173776083
-0.31111111111111111111111111111111111,0.13893462365004071859092390035861589,0.019452832988366968022714652627497799
-0.29555555555555555555555555555555556,0.13358740057736079678749091936966593,0.02063986074756108869217573181860341
-0.28,0.12837676870643546836715598442710963,0.021889334656909209956598366064110644
-0.26444444444444444444444444444444445,0.12330894850781722124136822730702925,0.023202090181928936426069034331069349
-0.24888888888888888888888888888888889,0.118382984735095296079212368976938,0.02458050434393512903120989203951824
-0.23333333333333333333333333333333333,0.11359778094776154852309274342933536,0.026026992250113741130352635512724594
-0.21777777777777777777777777777777778,0.10895210545054263664843755383783211,0.027544004529686072159230484533452732
-0.20222222222222222222222222222222222,0.10444459738311984215449330275641274,0.029134024556109313032068602291419658
-0.18666666666666666666666666666666667,0.10007377293788723623202346741491031,0.030799565453355264879335012491409598
-0.17111111111111111111111111111111111,0.095838031683596109875466481425967173,0.032543166885009921946515976908982266
-0.15555555555555555555555555555555556,0.091735662973016660529317747698218976,0.034367391625676762209073675980933595
-0.14,0.087769911668152684377451509140986075,0.036272296212431071183944732693993284
-0.12444444444444444444444444444444445,0.083928580972087567382250040857526781,0.038265417062408970616630492953568701
-0.10888888888888888888888888888888889,0.080214897120165568007184520276123151,0.040346947285461832498691699222060207
-0.093333333333333333333333333333333331,0.076626773720168779915096872724105028,0.042519503480289849639728918760305233
-0.077777777777777777777777777777777779,0.073162046718410875018579240925023664,0.044785704992405868319754652940039021
-0.062222222222222222222222222222222221,0.069818480877940190604536216292959829,0.047148169214665522621469499032812188
-0.046666666666666666666666666666666669,0.066593776201947952453017974824336275,0.049609506690062433152042203915575861
-0.03111111111111111111111111111111111,0.063485574285342103534249330309633787,0.052172316023337194151333842379911461
-0.015555555555555555555555555555555558,0.060491464578297003324351902423277353,0.054839178608929865353964425356568021
0.0,0.057608990546475901287582186503321914,0.057608990546475901287582186503321914
0.015555555555555555555555555555555558,0.054839178608929865353964425356568021,0.060491464578297003324351902423277353
0.03111111111111111111111111111111111,0.052172316023337194151333842379911461,0.063485574285342103534249330309633787
0.046666666666666666666666666666666669,0.049609506690062433152042203915575861,0.066593776201947952453017974824336275
0.062222222222222222222222222222222221,0.047148169214665522621469499032812188,0.069818480877940190604536216292959829
0.077777777777777777777777777777777779,0.044785704992405868319754652940039021,0.073162046718410875018579240925023664
0.093333333333333333333333333333333331,0.042519503480289849639728918760305233,0.076626773720168779915096872724105028
0.10888888888888888888888888888888889,0.040346947285461832498691699222060207,0.080214897120165568007184520276123151
0.12444444444444444444444444444444445,0.038265417062408970616630492953568701,0.083928580972087567382250040857526781
0.14,0.036272296212431071183944732693993284,0.087769911668152684377451509140986075
0.15555555555555555555555555555555556,0.034367391625676762209073675980933595,0.091735662973016660529317747698218976
0.17111111111111111111111111111111111,0.032543166885009921946515976908982266,0.095838031683596109875466481425967173
0.18666666666666666666666666666666667,0.030799565453355264879335012491409598,0.10007377293788723623202346741491031
0.20222222222222222222222222222222222,0.029134024556109313032068602291419658,0.10444459738311984215449330275641274
0.21777777777777777777777777777777778,0.027544004529686072159230484533452732,0.10895210545054263664843755383783211
0.23333333333333333333333333333333333,0.026026992250113741130352635512724594,0.11359778094776154852309274342933536
0.24888888888888888888888888888888889,0.02458050434393512903120989203951824,0.118382984735095296079212368976938
0.26444444444444444444444444444444445,0.023202090181928936426069034331069349,0.12330894850781722124136822730702925
0.28,0.021889334656909209956598366064110644,0.12837676870643546836715598442710963
0.29555555555555555555555555555555556,0.02063986074756108869217573181860341,0.13358740057736079678749091936966593
0.31111111111111111111111111111111111,0.019452832988366968022714652627497799,0.13893462365004071859092390035861589
0.32666666666666666666666666666666667,0.018322880636239671755633925173776083,0.14443296394898077786768400440465903
0.34222222222222222222222222222222222,0.017249332723492826047948464619705384,0.15007607728842690346977457890132758
0.35777777777777777777777777777777778,0.016229985974724690739155073646838858,0.15586429875281577007672473532931884
0.37333333333333333333333333333333334,0.015262684920611697718911712828593853,0.16179779558226146644731501854889672
0.38888888888888888888888888888888889,0.014345323253304351748321058062898105,0.16787656260392088587440696151337635
0.40444444444444444444444444444444445,0.0134758449976404052258195031065238,0.17410041796783418349621758696609623
0.42,0.012652245504205850927268849906711287,0.18046899920774042986967683717245676
0.43555555555555555555555555555555556,0.011872572270587784171580524999479312,0.18698175964668596936525621023355817
0.45111111111111111111111111111111111,0.011134925597434474567220677447459611,0.19363796516645963285513519388447338
0.46666666666666666666666666666666667,0.010438337328858494695285699439054895,0.20042779299278420862401068378884446
0.48222222222222222222222222222222223,0.0097792096398613886161731543382753528,0.20736774035192709973016690256849868
0.49777777777777777777777777777777778,0.0091567326769816217657611097222290005,0.21444778114180284215510378236214077
0.51333333333333333333333333333333334,0.0085692213833356731314968325995957191,0.22166640731934122102602741622287037
0.52888888888888888888888888888888889,0.0080150445530965015157065977378770678,0.22902191330503406402912637547430637
0.54444444444444444444444444444444445,0.0074926246456139269242972586491211836,0.23651239527836328761361165426669605
0.56,0.0070004374849251341952595718331452419,0.24413575094032473347925266956474028
0.57555555555555555555555555555555556,0.0065370118520647093579563950912653851,0.25188967975247904543075266808447006
0.59111111111111111111111111111111111,0.0061009289775339723959514882952170371,0.25977168366040236743941874129381266
0.60666666666666666666666666666666667,0.0056908219412125666955225648941140366,0.26777906830778969702852776063129323
0.62222222222222222222222222222222222,0.0053058588703229626980853423355746659,0.27589833589374559359342244886816247
0.63777777777777777777777777777777778,0.0049437771348916240569266693026337746,0.28414747018678360772417570346311207
0.65333333333333333333333333333333334,0.0046038758774094450431347183820037471,0.2925127482823779170455830821873915
0.66888888888888888888888888888888889,0.004284987909354253710213916466800104,0.3009907129338411339987255129790628
0.68444444444444444444444444444444445,0.0039859937505622805965920122363074719,0.30957772411697145865187992135043742
0.7,0.0037058206195645596988798415146356911,0.31826996322206997213793007379037312
0.71555555555555555555555555555555556,0.0034434413783144141725161244682252958,0.32706343773138217737968242789596253
0.73111111111111111111111111111111111,0.0031978734372298946666435928278990121,0.33595398637393427030319895467821502
0.74666666666666666666666666666666667,0.0029681776262405981104518137515213697,0.34493728474790683334164038511127961
0.76222222222222222222222222222222222,0.002753725859513606404826237930910519,0.35399704555066787830814568295732959
0.77777777777777777777777777777777778,0.0025531069125724403183464402335283273,0.36315214321389116078609857695187891
0.79333333333333333333333333333333333,0.0023657924473959416761873113921998382,0.37238610787313200355332347995440798
0.80888888888888888888888888888888889,0.0021910051385772919934090249861699175,0.38169402790382597609693170065485147
0.82444444444444444444444444444444444,0.0020280051089163976408994854436815361,0.39107086319550452493684846350338499
0.84,0.0018760887020011706256819293729079682,0.40051145327318457205735445519624026
0.85555555555555555555555555555555556,0.0017345872535508150657701241839738041,0.41001052576892703876803736681471886
0.87111111111111111111111111111111111,0.0016028658651656432806933713683834028,0.41956270522053866187608281785347338
0.88666666666666666666666666666666667,0.0014803221838718310459612759402594821,0.42916252217305304315491417160502983
0.90222222222222222222222222222222222,0.0013663851905971471976762378441184185,0.43880442255738242300022798350364025
0.91777777777777777777777777777777778,0.0012606461457750371260724866787986899,0.44847021945813152480748115809500199
0.93333333333333333333333333333333333,0.0011623193571052329020588810781946732,0.45817929827351791397240518409975554
0.94888888888888888888888888888888889,0.0010710628900068179009218548746384747,0.46791339548235297556210374996882303
0.96444444444444444444444444444444444,0.00098641918667687009429142187212657862,0.47766671698313488029812171039497872
0.98,0.00090795619375209548001851984514188557,0.4874334341273370337887325882264914
0.99555555555555555555555555555555555,0.00083526625674687091259507255539072619,0.49720769416688917306994776475150652
1.0111111111111111111111111111111111,0.0007679650387904329040896536983576626,0.50698363077390479418077736858536268
1.0266666666666666666666666666666667,0.00070569046500682617091577371500098258,0.51675537460114769095360597298719585
1.0422222222222222222222222222222222,0.00064810169369350451892968760708869218,0.52651706385155931658164655177006846
1.0577777777777777777777777777777778,0.00059487811527594135311079725300601472,0.53626285482513062003319405537835487
1.0733333333333333333333333333333333,0.00054577955353353823172253965736911829,0.54597435299496844805571736313534049
1.0888888888888888888888888888888889,0.00050039590567886846468320518421283409,0.5556709804045193848530537379179132
1.1044444444444444444444444444444445,0.00045852777002106905385493657007173827,0.56533439886796741820127928502609534
1.12,0.00041992601471981013822780528266904947,0.57495894090460177106589821831970253
1.1355555555555555555555555555555556,0.00038435717545214570086984992929044363,0.58453900841648553283457993642728586
1.1511111111111111111111111111111111,0.00035160263269206112467838156864696968,0.5940690824481660599381731400092787
1.1666666666666666666666666666666667,0.00032145781939640777199744610513302548,0.60354373271172178912823020603870963
1.1822222222222222222222222222222222,0.00029373145898297677329027508919175154,0.61295762684978708841127235908722391
1.1977777777777777777777777777777778,0.00026824483339080363146109258899238978,0.62230553941028047591710115495391741
1.2133333333333333333333333333333333,0.00024483108092557367703783350429832479,0.63158236050774932239313051535751587
1.2288888888888888888888888888888889,0.00022336119233983924609068717118566816,0.6407712374015273390195109451396814
1.2444444444444444444444444444444444,0.00020363448587319684216902685628056007,0.64989115735847221677225412757960543
1.26,0.00018554479147450708185537443729898354,0.65892543703218520174989776640002749
1.2755555555555555555555555555555556,0.00016896622073723456503869974240886795,0.66786950815155214985147284261217431
1.2911111111111111111111111111111111,0.00015378166283244470373339950671018526,0.67671895582641223076575572992729865
1.3066666666666666666666666666666667,0.00013988225089788005886191958525211696,0.68546952488029679887234502598896787
1.3222222222222222222222222222222222,0.00012716685433850716365980828699999425,0.69411712573476053045705229074564667
1.3377777777777777777777777777777778,0.00011554159631148413340992848238873488,0.70265783983261908874549703247848657
1.3533333333333333333333333333333333,0.00010491939564322878335118567441419372,0.71108792458920021201808333145821651
1.3688888888888888888888888888888889,0.000095219532406165281501857290263430667,0.71940381786253269052599210152846948
1.3844444444444444444444444444444444,0.000086378185241662895868084218958207084,0.72759159978677508108875345933304104
1.4,0.000078303280641923797317154768060895561,0.73566932325908344874898544457858437
1.4155555555555555555555555555555556,0.000070942794934652401580196193884807263,0.74362329258517110438797139740267822
1.4311111111111111111111111111111111,0.000064237548310983051802148829023605145,0.7514507020077700140711418454079441
1.4466666666666666666666666666666667,0.000058132877536591679800052680338322365,0.75914894115591740288525550006607404
1.4622222222222222222222222222222222,0.000052578326680874788381377560846915516,0.76671559654150531448955883731266893
1.4777777777777777777777777777777778,0.000047527355899693724249581984904604672,0.77414845256235396606904534818909035
1.4933333333333333333333333333333333,0.000042937067484142347769266909088165603,0.78144549201711133916554547527615815
1.5088888888888888888888888888888889,0.000038767948399420895605007051251021262,0.7886048961389335085194532306477242
1.5244444444444444444444444444444444,0.000034988296337994000476136156343246646,0.79561604141016547641173719104942397
1.54,0.000031554887163102321934479678877257746,0.80249569271012181487760638691465188
1.5555555555555555555555555555555556,0.000028442111272958169980645053623647907,0.80923343775704642700254751962163771
1.5711111111111111111111111111111111,0.000025621720056662237636111718309793281,0.81582824231550354153068127867907109
1.5866666666666666666666666666666667,0.000023067783752063048962235112589420546,0.82227926388906515862922502091326178
1.6022222222222222222222222222222222,0.000020756517495809047779365769197740782,0.82858584909770021032196880089653419
1.6177777777777777777777777777777778,0.000018666118901653952551875636319317949,0.834747530663250197884915976513517
1.6333333333333333333333333333333333,0.000016776616538947015117876742752711722,0.84076402402059468117442291339478478
1.6488888888888888888888888888888889,0.00001506972870554826065503219285714767,0.84663522357304858639009592128142844
1.6644444444444444444444444444444444,0.000013528731912013337107364423415548765,0.85236119861137361192495861569155282
1.68,0.00001214004828359707001654360733857611,0.85793505327765706415906541352844149
1.6955555555555555555555555555555556,0.000010886124247071292494930501682248639,0.86337165137453225010491346136786531
1.7111111111111111111111111111111111,0.0000097561047312584895925853410612094095,0.86866423589001962035104773074158107
1.7266666666666666666666666666666667,0.000008738357641365464800621940669368551,0.87381352864597314569335124487281646
1.7422222222222222222222222222222222,0.0000078222784815643019951469527499859499,0.87882040163268479222291609382904175
1.7577777777777777777777777777777778,0.0000069982061245847752682423892966609709,0.8836858713512215879409737881820625
1.7733333333333333333333333333333333,0.0000062573448440745269508898414735166856,0.88841109297007658983037954818590075
1.7888888888888888888888888888888889,0.0000055916922046096166745979475583513234,0.89299735431861107984016484537862851
1.8044444444444444444444444444444444,0.0000049939724249009445227517438899354242,0.89744606973971002270760346996200766
1.82,0.0000044575748498568798166928807272849098,0.90175877382392627053872044797532261
1.8355555555555555555555555555555556,0.0000039770869655299896572242751395315677,0.90593178885238524967749634329690199
1.8511111111111111111111111111111111,0.0000035458216538568923356551329217335264,0.90997769372943866924770371149907533
1.8666666666666666666666666666666667,0.0000031594976709474464531044851454885878,0.91389284608381739908492999875613587
1.8822222222222222222222222222222222,0.000002813639515449509213158395157959873,0.91767919711405000075636005475424311
1.8977777777777777777777777777777778,0.0000025041944362554762746762791168566233,0.9213387859264765948793976961460127
1.9133333333333333333333333333333333,0.0000022274949520124125399860972102234665,0.92487373300729541003691966119176313
1.9288888888888888888888888888888889,0.0000019802244405481756466621013286865932,0.92828623372101799918724896103517514
1.9444444444444444444444444444444444,0.0000017593855719650721245439720125886087,0.93157855185362028280203601154913918
1.96,0.0000015622713734002048907547115537678133,0.9347530132178957432743440704948714
1.9755555555555555555555555555555556,0.0000013864387270306440079612095304358699,0.9378119993376908099491185437834886
1.9911111111111111111111111111111111,0.0000012298757035934736117127478264689733,0.94075419729824387713202107611014459
2.0066666666666666666666666666666667,0.0000010901920893749954587469784641785054,0.94358971095701376035751970257051339
2.0222222222222222222222222222222222,0.00000096581367048784035864425287661788159,0.94631716328524867289511196585899149
2.0377777777777777777777777777777778,0.0000008551299347880021961470337325771332,0.94893909756824092692708050042663435
2.0533333333333333333333333333333333,0.00000075669215851075186797839241691175792,0.95145808293541581319668893262156837
2.0688888888888888888888888888888889,0.00000066919801404371909475090849524971187,0.9538767088173076849495898592345316
2.0844444444444444444444444444444444,0.00000059147754870055415560911881451230842,0.95619757957235963475089352714622668
2.1,0.00000052248042217539089978744788591147399,0.95842330929263444737473942135378294
2.1155555555555555555555555555555556,0.00000046126429856649794400945947491156043,0.96055651679653127810667398422663271
2.1311111111111111111111111111111111,0.00000040705045608323710127854601290866862,0.96259723107368450807471338088120359
2.1466666666666666666666666666666667,0.00000035894201875472738074157570232535438,0.96455335702163411586878347276803961
2.1622222222222222222222222222222222,0.0000003163356977216548920164783400381057,0.96642479507458940866298882983947881
2.1777777777777777777777777777777778,0.00000027862487308973618968512772018326474,0.96821413687182345364607400266629962
2.1933333333333333333333333333333333,0.00000024526708602651416449958484946505115,0.96992395676759918145030801033747807
2.2088888888888888888888888888888889,0.00000021577757010106032272217882217673597,0.97155680806135663104812312301298118
2.2244444444444444444444444444444444,0.00000018972339881680515610280858644942684,0.97311521944482421682911418634327586
2.24,0.00000016671819458786480193090649624377698,0.97460169166677500094006441913326389
2.2555555555555555555555555555555556,0.00000014641734885441621921304061658120695,0.97601869441535061939988641536410878
2.2711111111111111111111111111111111,0.00000012851370716013648118213231339577903,0.97736866341711364743990118604881236
2.2866666666666666666666666666666667,0.00000011275285166360843337771806325592986,0.97865237359665204468072139413596816
2.3022222222222222222222222222222222,0.000000098850603649501655183197192345504177,0.97987551238000453276571900114167167
2.3177777777777777777777777777777778,0.000000086612045858967626331555677521324618,0.98103869205498768343364585838566607
2.3333333333333333333333333333333333,0.000000075844551258127887445020910301534151,0.98214418781569422935108589300809389
2.3488888888888888888888888888888889,0.000000066376986351276998205620835638115241,0.98319422956535761121412295390953943
2.3644444444444444444444444444444444,0.000000058057411594193638493471270953114469,0.98419100026025045919696052787454479
2.38,0.000000050751016136254970626205864511225782,0.98513663444650443415339499063585957
2.3955555555555555555555555555555555,0.000000044338264360859405602087783724427555,0.98603321698440050475814344839999252
2.4111111111111111111111111111111111,0.000000038713233709442877820699528664229392,0.98688278195429744983745290239080693
2.4266666666666666666666666666666667,0.00000003378212512610005231522377490195522,0.98768731173802840072789725990342871
2.4422222222222222222222222222222222,0.000000029467162712005749856691517443499676,0.98844777703525658175250692613384945
2.4577777777777777777777777777777778,0.000000025683813327365067056457757832468033,0.98916802542590665314365917402634675
2.4733333333333333333333333333333333,0.000000022373157104912412523486568259362178,0.9898488665659786257754006864937398
2.4888888888888888888888888888888889,0.000000019477874696437707536069110384256592,0.99049207020494687521135677632964719
2.5044444444444444444444444444444444,0.000000016947370942398977561744893458089122,0.99109935219854605202130753665459103
2.52,0.000000014737014829188052261015481504538402,0.9916723744995645140910128114280302
2.5355555555555555555555555555555556,0.000000012807461789637682959251426577676278,0.9922127452749194154541470054430169
2.5511111111111111111111111111111111,0.000000011124049855530999527970522052074268,0.99272201914158543339329869569457385
2.5666666666666666666666666666666667,0.000000009656261996127556462958457870789027,0.9932016975139522811513248843606829
2.5822222222222222222222222222222222,0.0000000083772477274971031126731258528473178,0.99365322905521943400152479524260796
2.5977777777777777777777777777777778,0.000000007264742964153559314631772404122541,0.99407747670866205500757265259629379
2.6133333333333333333333333333333333,0.0000000062951364998328984116932870703049546,0.99447688446326660292647948134026744
2.6288888888888888888888888888888889,0.0000000054517520976833508736803234433599601,0.99485217914676650233613444970375636
2.6444444444444444444444444444444444,0.0000000047185987262082371878764486526017563,0.99520460482204141921320026081957574
2.66,0.0000000040816516972971756768395936773463915,0.99553535636417430835886496819185856
2.6755555555555555555555555555555556,0.0000000035286187505178578756209018835247331,0.99584558038595032758528910630149327
2.6911111111111111111111111111111111,0.0000000030487329466001684959333694755811999,0.99613637621872133699090862859860716
2.7066666666666666666666666666666667,0.0000000026325694256493031091544327913103616,0.99640879694236470931600589014600222
2.7222222222222222222222222222222222,0.0000000022718833932960945690308692918478548,0.99666385045828305237072115099468355
2.7377777777777777777777777777777778,0.0000000019594669753907526139553182159593679,0.99690250059962036604863732047121135
2.7533333333333333333333333333333333,0.0000000016893484480922712006840255351717695,0.99712538882703854610712522248897006
2.7688888888888888888888888888888889,0.0000000014553342592271880995258583494137439,0.99733397154630269198015373394465225
2.7844444444444444444444444444444444,0.0000000012530022105880289879978690052702625,0.99752878846516948808963425762784855
2.8,0.0000000010781680165220681425412614729068395,0.99771063885012493706253086435803773
2.8155555555555555555555555555555556,0.00000000092718528375867922773683123243543297,0.99788028382033958570907212414605956
2.8311111111111111111111111111111111,0.00000000079687838874627663263251571692207353,0.99803844757264496921150182521876506
2.8466666666666666666666666666666667,0.00000000068448345908266262944189751128118341,0.99818581860994599710514326390596902
2.8622222222222222222222222222222222,0.00000000058759651631471598242076947900460829,0.99832305096927715635101963066348852
2.8777777777777777777777777777777778,0.00000000050412794246863758299175174606241934,0.99845076544596821410673566338623254
2.8933333333333333333333333333333333,0.00000000043234881410913938766681087574768139,0.99856940247550836676861144415272518
2.9088888888888888888888888888888889,0.0000000003704986567411365773089103317173651,0.99867982717633223867399117893221128
2.9244444444444444444444444444444444,0.00000000031731030719736020280189033418977774,0.99878240838074008633457594897798169
2.94,0.00000000027159818034467898407721236524825492,0.99887764600761720512880517916618481
2.9555555555555555555555555555555556,0.00000000023233499311080410671821993606172685,0.99896601268899154960703176229644262
2.9711111111111111111111111111111111,0.0000000001986311920509642955028136845605488,0.99904795491058543627646666507577594
2.9866666666666666666666666666666667,0.00000000016971697591595849322912110423087036,0.99912389413057994527195547564683034
3.0022222222222222222222222222222222,0.00000000014492659658066014393938626501179674,0.99919422787493541657972767284602237
3.0177777777777777777777777777777778,0.00000000012368465890554929604144783994820931,0.99925933080781314703110132519455016
3.0333333333333333333333333333333333,0.0000000001054941731286498707096149472515169,0.99931955577583627409115291479335999
3.0488888888888888888888888888888889,8.9944777531819359186704484597379697e-11,0.9993751655057960521224678056696361
3.0644444444444444444444444444444444,7.6626430038079719737460044508212163e-11,0.99942661616110350756825577893712274
3.08,6.5241811771826590367045212724703212e-11,0.99947412614672353013746598697289048
3.0955555555555555555555555555555556,5.551600106200342449486707133884541e-11,0.99951797094700652875802889536047562
3.1111111111111111111111111111111111,4.7212287468449853570748218743522352e-11,0.99955840902468450179531929622286404
3.1266666666666666666666666666666667,4.0126989504621870459161531838037802e-11,0.99959568269134414294137849594226105
3.1422222222222222222222222222222222,3.4084956617156235779423902438212515e-11,0.9996300189475282465616847714487667
3.1577777777777777777777777777777778,2.8935667702122183965204881356191139e-11,0.99966163029241172470776680202598858
3.1733333333333333333333333333333333,2.4549849319341013708794043542363814e-11,0.99969071550310795506152438294627813
3.1888888888888888888888888888888889,2.0816546347163296074504504718971794e-11,0.99971746038376177256397288384340968
3.2044444444444444444444444444444444,1.7644376176593962440918884249126103e-11,0.99974200797828563759802832253215824
3.22,1.4943606740359918978297590379376532e-11,0.9997645837822959402101466080462741
3.2355555555555555555555555555555556,1.2648789695786694549886163803166941e-11,0.99978530568548513103230932605298606
3.2511111111111111111111111111111111,1.0700076919957291688337252012127724e-11,0.99980431451008949495151195395135359
3.2666666666666666666666666666666667,9.0462623766424183550360553153337714e-12,0.99982174140833133122089636506309042
3.2822222222222222222222222222222222,7.6435617539110206722765359525372037e-12,0.99983770843813571911119740933276392
3.2977777777777777777777777777777778,6.454560310955356260445508979605118e-12,0.99985232911185788228936261183339806
3.3133333333333333333333333333333333,5.4473063536075413364496559931572144e-12,0.99986570891869720986647229993909095
3.3288888888888888888888888888888889,4.5945307022226000820875119930929634e-12,0.99987794582150809356416964404303652
3.3444444444444444444444444444444444,3.8729750881869863366543515670685041e-12,0.99988913072874612107416091727097871
3.36,3.2635405365219521903694281739335667e-12,0.99989933529920593950262462976541159
3.3755555555555555555555555555555556,2.7477750069728434438010574751891838e-12,0.99990866404326200825279339189297685
3.3911111111111111111111111111111111,2.3121575295716050339083432023736959e-12,0.99991717546319341110069615337552118
3.4066666666666666666666666666666667,1.9444542638953406430158675226738137e-12,0.99992493650578703226268781769587987
3.4222222222222222222222222222222222,1.6342634823702930473126231306529636e-12,0.99993200907692825612588585588789572
3.4377777777777777777777777777777778,1.3727467411721166969114269776644403e-12,0.99993845038085067772324121240897699
3.4533333333333333333333333333333333,1.1523986394859649959153398487102703e-12,0.99994431324007702222739797931610014
3.4688888888888888888888888888888889,9.668497584010041470451211918488743e-13,0.99994964639685228575919174246503521
3.4844444444444444444444444444444444,8.1069810936812313428209589134387661e-13,0.99995449479686225544079366079675324
3.5,6.7952086962542884956991817012593744e-13,0.99995889441997810702746135307893474
3.5155555555555555555555555555555556,5.6910320639462991595165533467106302e-13,0.99996289477659407287967375663613155
3.5311111111111111111111111111111111,4.7634662132040276142676116720927027e-13,0.99996652497837765066730941427305236
3.5466666666666666666666666666666667,3.9847303793136831239973919591263353e-13,0.99996981729831341948310539210608908
3.5622222222222222222222222222222222,3.3313369296016410351115362847498841e-13,0.99997280139236191468740737040078236
3.5777777777777777777777777777777778,2.7834403338186253073471094787377111e-13,0.9999755044928443698360723848460066
3.5933333333333333333333333333333333,2.3242828824751536211398090497328827e-13,0.99997795158926840421314601514423618
3.6088888888888888888888888888888889,1.9397230854774942474997294551454526e-13,0.99998016559725682837323747001487691
3.6244444444444444444444444444444444,1.6178346811826557035410963489073839e-13,0.99998216751622019196584604703483765
3.64,1.3485659072800207734039377181583378e-13,0.99998397657639162251064639056998218
3.6555555555555555555555555555555556,1.1237164097277479453435996990265022e-13,0.99998560836577361140024457712424053
3.6711111111111111111111111111111111,9.3558288209729431448569147085098328e-14,0.99998708319422398981359945205999058
3.6866666666666666666666666666666667,7.7848699176670008753577052124472772e-14,0.99998841354445632970825286230398217
3.7022222222222222222222222222222222,6.473870020074780014756962072581103e-14,0.99998961284955927521644682474172448
3.7177777777777777777777777777777778,5.3804684318642073835702863898843068e-14,0.9999906933689925900772256937429619
3.7333333333333333333333333333333333,4.469095864985436654930508234481569e-14,0.9999916662835273039897522262634138
3.7488888888888888888888888888888889,3.7099042339525638455239905648726524e-14,0.99999254178324361742225021571319153
3.7644444444444444444444444444444444,3.0778620268493831013108369117197958e-14,0.99999332914902514872596806058779204
3.78,2.5519901342813633614742780696928408e-14,0.9999940368279666740624026255473031
3.7955555555555555555555555555555556,2.1147167484415464348869495569852603e-14,0.99999467250309155368675254166503386
3.8111111111111111111111111111111111,1.7517615792945091915164626741363634e-14,0.99999524245782284429038395787017373
3.8266666666666666666666666666666667,1.4498905188309663937155779696929137e-14,0.99999575450731644058750271531255274
3.8422222222222222222222222222222222,1.1993300626085834015504286655467362e-14,0.99999621363010527299387368677245492
3.8577777777777777777777777777777778,9.9148352671886554758208845749496963e-15,0.9999966250496955659041482011907605
3.8733333333333333333333333333333333,8.1917282186612632634777949233622489e-15,0.99999699350116574060700799951004286
3.8888888888888888888888888888888889,6.764080893277311225539623286326259e-15,0.99999732327396363631116407850312815
3.9044444444444444444444444444444444,5.5819411406109009365671103441628597e-15,0.99999761825124791776788430226744667
3.92,4.6036774903521328724504465618983125e-15,0.99999788194602367027651951421645419
3.9355555555555555555555555555555556,3.794614714834215827450858479736847e-15,0.99999811753430687218300857025832448
3.9511111111111111111111111111111111,3.1258894487301406362726218509859965e-15,0.99999832788553780219047562460414413
3.9666666666666666666666666666666667,2.5741402876360275500756440589402674e-15,0.99999851536092360866757106093967777
3.9822222222222222222222222222222222,2.1179937356467615352641417950763237e-15,0.99999868278195421502736590312274796
3.9977777777777777777777777777777778,1.7416472431873968104458297225438179e-15,0.99999883199931201124343801409560648
4.0133333333333333333333333333333333,1.4313266777295578116028153569183447e-15,0.99999896491244312191103646707039022
4.0288888888888888888888888888888889,1.1756021107335528261195817923371555e-15,0.99999908323175664474751434984028953
4.0444444444444444444444444444444444,9.6499474566384023753778941198114373e-16,0.99999918849641912337127338563045662
4.06,7.9164872908653249913071148443432272e-16,0.99999928209058369260883084693052335
4.0755555555555555555555555555555556,6.4905731153615625627039225267619528e-16,0.99999936525818017732956512579644994
4.0911111111111111111111111111111111,5.3183450483743866414535441101137497e-16,0.99999943911638338678507825220504258
4.1066666666666666666666666666666667,4.3552479964130051444808227248098624e-16,0.9999995046678683421071699681575743
4.1222222222222222222222222222222222,3.5653736517989321692833492486326385e-16,0.99999956274107151835704454952667336
4.1377777777777777777777777777777778,2.9162686635317107250227516227137015e-16,0.99999961429190802464561692366763864
4.1533333333333333333333333333333333,2.38392652040204361472058412766174e-16,0.99999965996258795789481978676982808
4.1688888888888888888888888888888889,1.9476056775868447290353760204512691e-16,0.99999970039954312639120760499178995
4.1844444444444444444444444444444444,1.5902009613132994561954726480491059e-16,0.99999973618104986950504618600378377
4.2,1.2976147822080951435801271347990389e-16,0.99999976782407610978683581384272404
4.2155555555555555555555555555555556,1.0582355086593446371245711154595162e-16,0.99999979579047881294656658121032372
4.2311111111111111111111111111111111,8.6250501536817043138139817946784528e-17,0.99999982049260929448418866436553967
4.2466666666666666666666666666666667,7.0256039208295869351635461010639082e-17,0.99999984229837917659027880947911165
4.2622222222222222222222222222222222,5.7208991948431909755613217946883068e-17,0.9999998615124481937159474863858765
4.2777777777777777777777777777777778,4.6544896781126517705545676445090329e-17,0.99999987847667542485281245852750624
4.2933333333333333333333333333333333,3.7846221260915001976488073985528778e-17,0.99999989342488088479059510113057756
4.3088888888888888888888888888888889,3.07549931062092955386025873383345e-17,0.99999990658874057801902569033529666
4.3244444444444444444444444444444444,2.4977638894051554462276008665248134e-17,0.99999991817429014852459882249076525
4.34,2.0273547613818605423174731287649331e-17,0.999999928364643502223083286154043
4.3555555555555555555555555555555556,1.6445637824354413289920206111088481e-17,0.99999993732243719926355207213194331
4.3711111111111111111111111111111111,1.3332582368777545858356726034721797e-17,0.9999999451920266751796526255067443
4.3866666666666666666666666666666667,1.0802403473924335373748701787133107e-17,0.99999995210145805121148385077188198
4.4022222222222222222222222222222222,8.7472000765606425673363547323561953e-18,0.99999995816423717915035038404997944
4.4177777777777777777777777777777778,7.0807534897545772434604854532972587e-18,0.99999996347447181245695002692451431
4.4333333333333333333333333333333333,5.7268197689308233805720320526709836e-18,0.99999996813486579183892299734025042
4.4488888888888888888888888888888889,4.6290305804175425375562812715225144e-18,0.99999997221683792691833103320516661
4.4644444444444444444444444444444445,3.7394614522098278438482519237209842e-18,0.99999997579003235226382701585486185
4.48,3.0190515648274732070338611988855137e-18,0.99999997891598552957721901574421857
4.4955555555555555555555555555555556,2.435984063570715619492071200679718e-18,0.99999998164903503352093739369879565
4.5111111111111111111111111111111111,1.9643586324202122345179469701239983e-18,0.99999998403713078825174434567458251
4.5266666666666666666666666666666667,1.5831042858476353836131364228633139e-18,0.99999998612255870891017888028859329
4.5422222222222222222222222222222222,1.2750894743907054236607188778391206e-18,0.99999998794258574664571096097243478
4.5577777777777777777777777777777778,1.0263941577564531513807198475729321e-18,0.9999999895300344650545327589840301
4.5733333333333333333333333333333333,8.2594778983618568390726688906753006e-19,0.99999999091212250106192184250410725
4.5888888888888888888888888888888889,6.640658382678820841719986278136288e-19,0.99999999211782127569808200705244992
4.6044444444444444444444444444444445,5.3359531580048276343373393965077043e-19,0.99999999316755378837261072812145571
4.62,4.2850430229673465660397989171359178e-19,0.99999999408094680383427478235572238
4.6355555555555555555555555555555556,3.4390671678022822841687502152657433e-19,0.99999999487523102086004394714008475
4.6511111111111111111111111111111111,2.7584708978968362090865806417255079e-19,0.99999999556552389194285929676911826
4.6666666666666666666666666666666667,2.2112529037962621081838400721449202e-19,0.99999999616508030467511252242633231
4.6822222222222222222222222222222222,1.7715388121419540346685405727703404e-19,0.99999999668551462118790360771966732
4.6977777777777777777777777777777778,1.4184210149648403646462233501692662e-19,0.99999999713699721059645322964877301
4.7133333333333333333333333333333333,1.1350156690306769281016291332549641e-19,0.99999999752842828310450833425987394
4.7288888888888888888888888888888889,9.0795986143625381234853027094864898e-20,0.99999999786718298842130705121119386
4.7444444444444444444444444444444444,7.2568486785732463244026406277503338e-20,0.99999999816093621255493922609577777
4.76,5.7965775883833974846876443819858483e-20,0.99999999841515924613017710677775672
4.7755555555555555555555555555555556,4.627403742302712233225364145623465e-20,0.99999999863503956610708476079770248
4.7911111111111111111111111111111111,3.6918604159998193793206179881036072e-20,0.99999999882510232656952652569364924
4.8066666666666666666666666666666667,2.9437117134360801762764239570071628e-20,0.99999999898929240631509098500431927
4.8222222222222222222222222222222222,2.3457805926294621514463633313857213e-20,0.99999999913104662863402605678852557
4.8377777777777777777777777777777778,1.8681923820688856847889048287609875e-20,0.99999999925335728660703636765900146
4.8533333333333333333333333333333333,1.4869552042783155179221358730197911e-20,0.99999999935882798214140214448847754
4.8688888888888888888888888888888889,1.1828134104714884273389401631876875e-20,0.99999999944972267497320613981552074
4.8844444444444444444444444444444444,9.4060196120749386794534603843801388e-21,0.99999999952791472454552158742781655
4.9,7.4732353292697416202934175932415576e-21,0.99999999959531382492198136154432665
4.9155555555555555555555555555555556,5.9340808640129557786973131080473239e-21,0.99999999965329390091779946962437649
4.9311111111111111111111111111111111,4.709125576511898143176347867075546e-21,0.99999999970314131914271063615485405
4.9466666666666666666666666666666667,3.7348148687817973071925993716771455e-21,0.99999999974597109165588445408180549
4.9622222222222222222222222222222222,2.9603282420054854839590342563489978e-21,0.99999999978274908878689542678842792
4.9777777777777777777777777777777778,2.3450528022563844156106651812161219e-21,0.99999999981431145759503121415024979
4.9933333333333333333333333333333333,1.8565529410684995975194521619742306e-21,0.99999999984138158593487795907042358
5.0088888888888888888888888888888889,1.4689397765589638202279192987119777e-21,0.99999999986458491226989464875007848
5.0244444444444444444444444444444444,1.1619162155878108175120141074812694e-21,0.99999999988443804191176060566802469
5.04,9.1823880317632795438581284213107819e-22,0.99999999990145865875369043634236017
5.0555555555555555555555555555555556,7.2523435765202382839050114301144535e-22,0.99999999991602173732752360668346197
5.0711111111111111111111111111111111,5.7245715311988372917083959361051631e-22,0.99999999992847463154599251283463694
5.0866666666666666666666666666666667,4.5159536512324763351449923147289651e-22,0.9999999999391167138667930498164035
5.1022222222222222222222222222222222,3.5603920727551553323503334107031868e-22,0.99999999994820584015833151738551676
5.1177777777777777777777777777777778,2.8053562585724346284900952641433665e-22,0.99999999995596396690555486188865355
5.1333333333333333333333333333333333,2.209123773685906445887617965964687e-22,0.99999999996258202860894003469140362
5.1488888888888888888888888888888889,1.7385768646188569574155906177286667e-22,0.99999999996822416995987331554247533
5.1644444444444444444444444444444444,1.3674439908818108786897298470735659e-22,0.999999999973031415677509465139333
5.18,1.0752329692619394841716468846302338e-22,0.99999999997711996345808635142635178
5.1955555555555555555555555555555556,8.446992754849265011466565775268634e-23,0.99999999998060421577560321555937346
5.2111111111111111111111111111111111,6.6319833803145973659370804715833228e-23,0.99999999998356754511415207392692337
5.2266666666666666666666666666666667,5.2038704711937130594549665351961202e-23,0.99999999998608632057066047488514895
5.2422222222222222222222222222222222,4.080855810198250827198134031063505e-23,0.99999999998822594818134654783223527
5.2577777777777777777777777777777778,3.1982891532271469557003544871093169e-23,0.99999999999004240945451400947727916
5.2733333333333333333333333333333333,2.505104698637533065765359695411683e-23,0.99999999999158358923107227029572428
5.2888888888888888888888888888888889,1.96099142319569146247591250563023e-23,0.99999999999289042095525427542282323
5.3044444444444444444444444444444444,1.5341475635060669001538646666606813e-23,0.99999999999399787380408693914851275
5.32,1.1994997719482511271163236108287167e-23,0.99999999999493580294514860817563144
5.3355555555555555555555555555555556,9.3759156315490725861444185396262746e-24,0.99999999999572873652114796225742116
5.3511111111111111111111111111111111,7.3220067328976382218312350754828197e-24,0.9999999999964004306231944676909065
5.3666666666666666666666666666666667,5.7146285636321064940072045363211373e-24,0.99999999999696828147793845523254036
5.3822222222222222222222222222222222,4.45745811590030901510312365057151e-24,0.99999999999744805496164841608865572
5.3977777777777777777777777777777778,3.4747841052247111308359644498307224e-24,0.99999999999785316910735331233467921
5.4133333333333333333333333333333333,2.7071328125117869529980614683371638e-24,0.99999999999819503658159743775940278
5.4288888888888888888888888888888889,2.1078142767408898253401725259398155e-24,0.99999999999848335830647467884848667
5.4444444444444444444444444444444444,1.6401968983664807027966311276792372e-24,0.99999999999872637502952669360869024
5.46,1.2755581773822549830967246263120413e-24,0.99999999999893108272162187971496216
5.4755555555555555555555555555555556,9.9139085505283582416374830317168583e-25,0.99999999999910341688195478545911197
5.4911111111111111111111111111111111,7.7032113686315921479128970501945728e-25,0.99999999999924823809139132160567777
5.5066666666666666666666666666666667,5.979932443270863480711038211783256e-25,0.99999999999937018227964485010082734
5.5222222222222222222222222222222222,4.6393766571247467756224792676172336e-25,0.99999999999947265689143082122423554
5.5377777777777777777777777777777778,3.5971710271351141406346603850482398e-25,0.99999999999955871873897954697924001
5.5533333333333333333333333333333333,2.7874020267928143546255035998169131e-25,0.99999999999963095317018259385615599
5.5688888888888888888888888888888889,2.158608462630633170118217065130402e-25,0.99999999999969154541721333338122846
5.5844444444444444444444444444444444,1.6706372099138570551057978125273239e-25,0.99999999999974234136500687334614898
5.6,1.2921775488430217205161841504444286e-25,0.99999999999978489927451205630695297
5.6155555555555555555555555555555556,9.9882885195990465110718945046464487e-26,0.99999999999982053377817862426900325
5.6311111111111111111111111111111111,7.7184555766835633818848085089975956e-26,0.99999999999985031799327727416617638
5.6466666666666666666666666666666667,5.9586079025549293196120013507742731e-26,0.99999999999987526221294502306257716
5.6622222222222222222222222222222222,4.5969826102856646362793510331935786e-26,0.9999999999998961108809640703839604
5.6777777777777777777777777777777778,3.5441014613307956306020174846314216e-26,0.99999999999991352597862700932700267
5.6933333333333333333333333333333333,2.7304464591780428413841504386755104e-26,0.99999999999992806424840121307064162
5.7088888888888888888888888888888889,2.1020402661904327628791669530634896e-26,0.99999999999994019363228635849580783
5.7244444444444444444444444444444444,1.6169977335341690666841169540690519e-26,0.99999999999995030719025390559764848
5.74,1.2428368365988843317462483046978676e-26,0.99999999999995873487736577052315727
5.7555555555555555555555555555555556,9.543830913608726415364482356567712e-27,0.99999999999996575350250802771091795
5.7711111111111111111111111111111111,7.3213748977678856600236582062088857e-27,0.99999999999997159514400723646659958
5.7866666666666666666666666666666667,5.6120017567048764590594506982750653e-27,0.99999999999997644852470896441841597
5.8022222222222222222222222222222222,4.2946179574786462401563273077559744e-27,0.99999999999998048890587685013456688
5.8177777777777777777777777777777778,3.2814363986466433734552400182435332e-27,0.99999999999998384568801385722347865
5.8333333333333333333333333333333333,2.5026803337061122319123859338595034e-27,0.99999999999998663285623409187027489
5.8488888888888888888888888888888889,1.9044687502675395039853427811380173e-27,0.99999999999998894567933373740038875
5.8644444444444444444444444444444444,1.4452206121813574966505993318479311e-27,0.99999999999999086373346588228448036
5.88,1.0928666183234928363897300226917989e-27,0.99999999999999245344568439228226225
5.8955555555555555555555555555555555,8.2268847926828666753082280097109507e-28,0.99999999999999377023220861303719829
5.9111111111111111111111111111111111,6.1564553692161745810043344319183814e-28,0.99999999999999486029481881705074193
5.9266666666666666666666666666666667,4.5707961104002023228076076814312062e-28,0.99999999999999576212906276789011282
5.9422222222222222222222222222222222,3.3585031692974218115385928619863611e-28,0.99999999999999650691280739079014028
5.9577777777777777777777777777777778,2.4297991003221852231525765620740334e-28,0.99999999999999712322731161003149667
5.9733333333333333333333333333333333,1.7198211445848197660475708100586247e-28,0.99999999999999763220135096479224932
5.9888888888888888888888888888888889,1.1773812029851243129425638548780081e-28,0.99999999999999805227755711373027638
6.0044444444444444444444444444444444,7.6319287996001039267324339211067538e-29,0.99999999999999839877476830181235281
6.02,4.4712269450432677649708550740255727e-29,0.99999999999999868440923593139592038
6.0355555555555555555555555555555556,2.0607169178205564965107698160168637e-29,0.99999999999999891973023893376094193
6.0511111111111111111111111111111111,2.2344043606486828099353762180676123e-30,0.99999999999999911348392684438874692
6.0666666666666666666666666666666667,-1.1760851387077106412749321436200945e-29,0.99999999999999927291702048530738725
6.0822222222222222222222222222222222,-2.2415257878384820127132246134990577e-29,0.99999999999999940403014819389460651
6.0977777777777777777777777777777778,-3.0512413367021037220648435034129945e-29,0.99999999999999951166270341974566356
6.1133333333333333333333333333333333,-3.6678602588008524927840879496802214e-29,0.99999999999999960019670071746341603
6.1288888888888888888888888888888889,-4.1364715948594415417643219985973681e-29,0.99999999999999967287349146732646036
6.1444444444444444444444444444444444,-4.4924106747946092978211825402783696e-29,0.99999999999999973249742428742708669
6.16,-4.7626358546416873508829091539415715e-29,0.9999999999999997813834469780712405
6.1755555555555555555555555555555556,-4.9677055796216276942332810949151325e-29,0.99999999999999982144133054764755539
6.1911111111111111111111111111111111,-5.1232905042213228150820992842720418e-29,0.99999999999999985424561005331940567
6.2066666666666666666666666666666667,-5.2413331896635944567624792075013868e-29,0.99999999999999988109362717277471804
6.2222222222222222222222222222222222,-5.3309350326150514724010696997411027e-29,0.99999999999999990305366770289280245
6.2377777777777777777777777777777778,-5.3990370262907456592268241102469334e-29,0.99999999999999992100485868387181442
6.2533333333333333333333333333333333,-5.4508794022552302894323662377532158e-29,0.99999999999999993565307493488300859
6.2688888888888888888888888888888889,-5.4906508677074627677875165433497531e-29,0.9999999999999999476300016366759693
6.2844444444444444444444444444444444,-5.5213996264359191385863764569696297e-29,0.9999999999999999574029023335374631
6.3,-5.5455539570713048930708199040833491e-29,0.99999999999999996537258059007899751
6.3155555555555555555555555555555556,-5.5650308522744579652419797763296035e-29,0.9999999999999999718678519627470152
6.3311111111111111111111111111111111,-5.5813845036562615507513920184084469e-29,0.99999999999999997715830691992411508
6.3466666666666666666666666666666667,-5.5959251971537580271709891259383517e-29,0.9999999999999999814648416157595014
6.3622222222222222222222222222222222,-5.6098226248776540231976005017729923e-29,0.99999999999999998496834134756356908
6.3777777777777777777777777777777778,-5.6241956928807232414185612674726891e-29,0.99999999999999998781683617699516125
6.3933333333333333333333333333333333,-5.6401783088746445784543832416134506e-29,0.99999999999999999012869624680256325
6.4088888888888888888888888888888889,-5.6590940395316360020812639505991467e-29,0.99999999999999999200877929394711856
6.4244444444444444444444444444444444,-5.6824334704632577139736831507958021e-29,0.99999999999999999353461700546616948
6.44,-5.7120508311604741937358607590921773e-29,0.99999999999999999477221291199292199
6.4555555555555555555555555555555556,-5.7502865238228065108624374821214626e-29,0.99999999999999999577541538209815726
6.4711111111111111111111111111111111,-5.8001471291592624432691450848246959e-29,0.99999999999999999658812898746435511
6.4866666666666666666666666666666667,-5.8655338166956447559784797956473104e-29,0.99999999999999999724612865828375629
6.5022222222222222222222222222222222,-5.951538134418048613325332479713996e-29,0.99999999999999999777854702801902842
6.5177777777777777777777777777777778,-6.0648266610873037528090712166108281e-29,0.9999999999999999982090930639426269
6.5333333333333333333333333333333333,-6.214139918955305286935973455296288e-29,0.99999999999999999855704989543692755
6.5488888888888888888888888888888889,-6.4106551759904627923911104690086379e-29,0.99999999999999999883776479990364442
6.5644444444444444444444444444444444,-6.6699126743976526547524303572675865e-29,0.99999999999999999906468606405530825
6.58,-7.0114276281448760511192777571930285e-29,0.99999999999999999924774837096697232
6.5955555555555555555555555555555556,-7.4610839714474090366587211873397677e-29,0.99999999999999999939534005100996786
6.6111111111111111111111111111111111,-8.0528100400708319253156125772561649e-29,0.99999999999999999951426255105350769
6.6266666666666666666666666666666667,-8.8310566779917717869996364797277184e-29,0.99999999999999999961002723805406634
6.6422222222222222222222222222222222,-9.8540253376663339839373435281810679e-29,0.9999999999999999996870973456511244
6.6577777777777777777777777777777778,-1.1197879490726951357102899805951278e-28,0.99999999999999999974908507752417468
6.6733333333333333333333333333333333,-1.2962227740189704399455607145359495e-28,0.99999999999999999979891207698857575
6.6888888888888888888888888888888889,-1.5277261887648277111314142451586631e-28,0.99999999999999999983893998870339521
6.7044444444444444444444444444444444,-1.8308557595778986383069301640192023e-28,0.99999999999999999987103939725148003
6.72,-2.2285707225499410776266753109810426e-28,0.99999999999999999989683234562836232
6.7355555555555555555555555555555556,-2.7494833107746025971179634827271497e-28,0.99999999999999999991751551799142286
6.7511111111111111111111111111111111,-3.4313464460863102037169986740659178e-28,0.99999999999999999993409124257991098
6.7666666666666666666666666666666667,-4.3233547683116094904078938733277931e-28,0.99999999999999999994736723824582155
6.7822222222222222222222222222222222,-5.4895731126556260413478878865368859e-28,0.99999999999999999995799399868999085
6.7977777777777777777777777777777778,-7.0133803193936541071697401513916199e-28,0.99999999999999999996649507447573103
6.8133333333333333333333333333333333,-9.0032259969315685437908711295208033e-28,0.99999999999999999997329158656879619
6.8288888888888888888888888888888889,-1.1600083237804444932445094650753681e-27,0.99999999999999999997872205769468688
6.8444444444444444444444444444444444,-1.4987088663059941210271873268776311e-27,0.99999999999999999998305844568073485
6.86,-1.9395502014047757552861468639752165e-27,0.99999999999999999998651510213718488
6.8755555555555555555555555555555556,-2.5144876591704184834719798992005524e-27,0.99999999999999999998927602591526852
6.8911111111111111111111111111111111,-3.2630128637666929440048506796926604e-27,0.99999999999999999999147673686786579
6.9066666666666666666666666666666667,-4.2369511533548838527235948328154547e-27,0.99999999999999999999322985346553087
6.9222222222222222222222222222222222,-5.5034233762077630908643830340304414e-27,0.99999999999999999999462557187484197
6.9377777777777777777777777777777778,-7.1493069469251552267351922359485958e-27,0.99999999999999999999573608583130458
6.9533333333333333333333333333333333,-9.2869823360028616859623669160603444e-27,0.99999999999999999999661914426746604
6.9688888888888888888888888888888889,-1.2061730749044716049922553823804696e-26,0.99999999999999999999732091309907517
6.9844444444444444444444444444444444,-1.5661251454237717242805275432006079e-26,0.99999999999999999999787827581785156
7.0,-2.0321037330619639293201793054483911e-26,0.99999999999999999999832068177393962
