zeta,trade_off_alpha,trade_off_beta
-7.0,0.99999999999999999999832068177393962,-2.03210373315600347738596230608589e-26
-6.9844444444444444444444444444444444,0.99999999999999999999787827581785156,-1.5661251455178112723463105438381068e-26
-6.9688888888888888888888888888888889,0.99999999999999999999732091309907517,-1.2061730749938091756547492329860936e-26
-6.9533333333333333333333333333333333,0.99999999999999999999661914426746604,-9.2869823368492176185544139217978347e-27
-6.9377777777777777777777777777777778,0.99999999999999999999573608583130458,-7.1493069479125704814259137426423344e-27
-6.9222222222222222222222222222222222,0.99999999999999999999462557187484197,-5.5034233771481585715222130404054306e-27
-6.9066666666666666666666666666666667,0.99999999999999999999322985346553087,-4.2369511542952793333814248391904439e-27
-6.8911111111111111111111111111111111,0.99999999999999999999147673686786579,-3.2630128646130488765968976854301507e-27
-6.8755555555555555555555555555555556,0.99999999999999999998927602591526852,-2.5144876600167744160640269049380427e-27
-6.86,0.99999999999999999998651510213718488,-1.9395502023451712359439768703502058e-27
-6.8444444444444444444444444444444444,0.99999999999999999998305844568073485,-1.4987088672463896016850173332526203e-27
-6.8288888888888888888888888888888889,0.99999999999999999997872205769468688,-1.1600083248618992960010139724066057e-27
-6.8133333333333333333333333333333333,0.99999999999999999997329158656879619,-9.0032260030441391680667661709582333e-28
-6.7977777777777777777777777777777778,0.99999999999999999996649507447573103,-7.0133803273870156927612952055790283e-28
-6.7822222222222222222222222222222222,0.99999999999999999995799399868999085,-5.4895731206489876269394429407242943e-28
-6.7666666666666666666666666666666667,0.99999999999999999994736723824582155,-4.3233547748943778550127039179527177e-28
-6.7511111111111111111111111111111111,0.99999999999999999993409124257991098,-3.431346453139276308650723721878337e-28
-6.7355555555555555555555555555555556,0.99999999999999999991751551799142286,-2.7494833192381619230384335401020528e-28
-6.72,0.99999999999999999989683234562836232,-2.2285707310135004035471453683559457e-28
-6.7044444444444444444444444444444444,0.99999999999999999987103939725148003,-1.8308557689818534448852302277690946e-28
-6.6888888888888888888888888888888889,0.99999999999999999983893998870339521,-1.5277261967581892967229692993460715e-28
-6.6733333333333333333333333333333333,0.99999999999999999979891207698857575,-1.2962227820123320255371157687233579e-28
-6.6577777777777777777777777777777778,0.99999999999999999974908507752417468,-1.1197879565958589809729300315950416e-28
-6.6422222222222222222222222222222222,0.9999999999999999996870973456511244,-9.8540254175999498398528940700551524e-29
-6.6266666666666666666666666666666667,0.99999999999999999961002723805406634,-8.8310567485214328363368869578519106e-29
-6.6111111111111111111111111111111111,0.99999999999999999951426255105350769,-8.052810138812357394387763246630034e-29
-6.5955555555555555555555555555555556,0.99999999999999999939534005100996786,-7.4610840325731152794176716017140676e-29
-6.58,0.99999999999999999924774837096697232,-7.0114276986745371004565282353172208e-29
-6.5644444444444444444444444444444444,0.99999999999999999906468606405530825,-6.6699127355233588975113807716418864e-29
-6.5488888888888888888888888888888889,0.99999999999999999883776479990364442,-6.4106552371161690351500608833829378e-29
-6.5333333333333333333333333333333333,0.99999999999999999855704989543692755,-6.2141399847829889329840739015455341e-29
-6.5177777777777777777777777777777778,0.9999999999999999982090930639426269,-6.0648267128090551889897215672352358e-29
-6.5022222222222222222222222222222222,0.99999999999999999777854702801902842,-5.9515381884907887511505578462758767e-29
-6.4866666666666666666666666666666667,0.99999999999999999724612865828375629,-5.8655338707683848938037051622091911e-29
-6.4711111111111111111111111111111111,0.99999999999999999658812898746435511,-5.8001471761790364761606454035741574e-29
-6.4555555555555555555555555555555556,0.99999999999999999577541538209815726,-5.7502865802465353503322378646208164e-29
-6.44,0.99999999999999999477221291199292199,-5.7120508805312369282719360937791119e-29
-6.4244444444444444444444444444444444,0.99999999999999999353461700546616948,-5.6824335198340204485097584854827367e-29
-6.4088888888888888888888888888888889,0.99999999999999999200877929394711856,-5.6590940936043761399064893171610274e-29
-6.3933333333333333333333333333333333,0.99999999999999999012869624680256325,-5.6401783558944186113458835603629121e-29
-6.3777777777777777777777777777777778,0.99999999999999998781683617699516125,-5.6241957304965424677317615224722583e-29
-6.3622222222222222222222222222222222,0.99999999999999998496834134756356908,-5.6098226577914958462216507248976153e-29
-6.3466666666666666666666666666666667,0.9999999999999999814648416157595014,-5.5959252300675998501950393490629747e-29
-6.3311111111111111111111111111111111,0.99999999999999997715830691992411508,-5.5813845483250468819983173212204353e-29
-6.3155555555555555555555555555555556,0.99999999999999997186785196274701521,-5.5650308898902771915551800313291727e-29
-6.3,0.99999999999999996537258059007899751,-5.5455539852831693128057200953330259e-29
-6.2844444444444444444444444444444444,0.9999999999999999574029023335374631,-5.5213996569987722599658516641567797e-29
-6.2688888888888888888888888888888889,0.9999999999999999476300016366759693,-5.4906508994458102399892792585056396e-29
-6.2533333333333333333333333333333333,0.99999999999999993565307493488300859,-5.4508794269406116567004039050966831e-29
-6.2377777777777777777777777777777778,0.99999999999999992100485868387181442,-5.3990370462741496232057117457154545e-29
-6.2222222222222222222222222222222222,0.99999999999999990305366770289280245,-5.3309350525984554363799573352096238e-29
-6.2066666666666666666666666666666667,0.99999999999999988109362717277471804,-5.2413332061205153682745043190636983e-29
-6.1911111111111111111111111111111111,0.99999999999999985424561005331940567,-5.1232905230292324282386994117718264e-29
-6.1755555555555555555555555555555556,0.99999999999999982144133054764755539,-4.9677055937275599041007311905399709e-29
-6.16,0.9999999999999997813834469780712405,-4.76263586874761956075035924956641e-29
-6.1444444444444444444444444444444444,0.99999999999999973249742428742708669,-4.4924106830230697535771950960595253e-29
-6.1288888888888888888888888888888889,0.99999999999999967287349146732646036,-4.1364716036756491729314783083628921e-29
-6.1133333333333333333333333333333333,0.99999999999999960019670071746341603,-3.6678602652660714223066692435082723e-29
-6.0977777777777777777777777777777778,0.99999999999999951166270341974566356,-3.0512413402285867745317060273192041e-29
-6.0822222222222222222222222222222222,0.99999999999999940403014819389460651,-2.2415257910710914774745152604130832e-29
-6.0666666666666666666666666666666667,0.99999999999999927291702048530738725,-1.176085139956673389023612620836877e-29
-6.0511111111111111111111111111111111,0.99999999999999911348392684438874692,2.234404362118050748463235603028533e-30
-6.0355555555555555555555555555555556,0.99999999999999891973023893376094193,2.0607169194368612288914151394738764e-29
-6.02,0.99999999999999868440923593139592038,4.4712269485697508174377175979317823e-29
-6.0044444444444444444444444444444444,0.99999999999999839877476830181235281,7.6319288051837020931382995839582524e-29
-5.9888888888888888888888888888888889,0.99999999999999805227755711373027638,1.1773812036316462058948219842608132e-28
-5.9733333333333333333333333333333333,0.99999999999999763220135096479224932,1.7198211451137922239176001886445562e-28
-5.9577777777777777777777777777777778,0.99999999999999712322731161003149666,2.4297991010862565511870634422537122e-28
-5.9422222222222222222222222222222222,0.99999999999999650691280739079014027,3.3585031704729161623608803699550977e-28
-5.9266666666666666666666666666666667,0.99999999999999576212906276789011282,4.5707961112230483683832089370093218e-28
-5.9111111111111111111111111111111111,0.99999999999999486029481881705074193,6.1564553702741194967443931890902443e-28
-5.8955555555555555555555555555555556,0.99999999999999377023220861303719828,8.2268847938583610261305155176796873e-28
-5.88,0.99999999999999245344568439228226225,1.0928666184527972149801816485683599e-27
-5.8644444444444444444444444444444444,0.99999999999999086373346588228448035,1.4452206123459267057657195829635542e-27
-5.8488888888888888888888888888888889,0.99999999999998894567933373740038874,1.9044687504085988260840172820942657e-27
-5.8333333333333333333333333333333333,0.99999999999998663285623409187027488,2.5026803338119067234863918095766897e-27
-5.8177777777777777777777777777777778,0.99999999999998384568801385722347864,3.2814363988112125825703602693591563e-27
-5.8022222222222222222222222222222222,0.99999999999998048890587685013456686,4.2946179576197055622550018087122228e-27
-5.7866666666666666666666666666666667,0.99999999999997644852470896441841596,5.612001756822425894141679449071939e-27
-5.7711111111111111111111111111111111,0.99999999999997159514400723646659956,7.3213748978854350951058869570057594e-27
-5.7555555555555555555555555555555556,0.99999999999996575350250802771091793,9.5438309137027659634302653572052109e-27
-5.74,0.99999999999995873487736577052315725,1.2428368366153412526577603298094299e-26
-5.7244444444444444444444444444444444,0.99999999999995030719025390559764845,1.6169977335482749988939844041646767e-26
-5.7088888888888888888888888888888889,0.99999999999994019363228635849580779,2.1020402662068896837906789781750519e-26
-5.6933333333333333333333333333333333,0.99999999999992806424840121307064159,2.7304464592015527284005961888348851e-26
-5.6777777777777777777777777777777778,0.99999999999991352597862700932700263,3.5441014613543055176184632347907963e-26
-5.6622222222222222222222222222222222,0.99999999999989611088096407038396035,4.5969826102950685910859293332573285e-26
-5.6466666666666666666666666666666667,0.9999999999998752622129450230625771,5.9586079025666842631202242258539604e-26
-5.6311111111111111111111111111111111,0.99999999999985031799327727416617631,7.7184555766882653592880976590294705e-26
-5.6155555555555555555555555555555556,0.99999999999982053377817862426900317,9.988288519610801454580117379726136e-26
-5.6,0.99999999999978489927451205630695289,1.2921775488446674126073353529555848e-25
-5.5844444444444444444444444444444444,0.99999999999974234136500687334614889,1.6706372099147974505864556425336989e-25
-5.5688888888888888888888888888888889,0.99999999999969154541721333338122836,2.158608462631573565598874895136777e-25
-5.5533333333333333333333333333333333,0.99999999999963095317018259385615587,2.7874020267932845523658325148201006e-25
-5.5377777777777777777777777777777778,0.99999999999955871873897954697923988,3.5971710271351141406346603850482398e-25
-5.5222222222222222222222222222222222,0.9999999999994726568914308212242354,4.6393766571261573688434660126267961e-25
-5.5066666666666666666666666666666667,0.99999999999937018227964485010082719,5.979932443271803876191696041789631e-25
-5.4911111111111111111111111111111111,0.99999999999924823809139132160567761,7.7032113686315921479128970501945728e-25
-5.4755555555555555555555555555555556,0.99999999999910341688195478545911181,9.9139085505283582416374830317168583e-25
-5.46,0.99999999999893108272162187971496199,1.2755581773822549830967246263120413e-24
-5.4444444444444444444444444444444444,0.99999999999872637502952669360869007,1.6401968983664807027966311276792372e-24
-5.4288888888888888888888888888888889,0.99999999999848335830647467884848651,2.107814276740795785792106742939178e-24
-5.4133333333333333333333333333333333,0.99999999999819503658159743775940264,2.707132812511739933224028576836845e-24
-5.3977777777777777777777777777777778,0.9999999999978531691073533123346791,3.4747841052245700715138657753297661e-24
-5.3822222222222222222222222222222222,0.99999999999744805496164841608865565,4.4574581159001679557810249760705537e-24
-5.3666666666666666666666666666666667,0.99999999999696828147793845523254036,5.7146285636320124544591387533204998e-24
-5.3511111111111111111111111111111111,0.9999999999964004306231944676909066,7.322006732897403122961070617981226e-24
-5.3355555555555555555555555555555556,0.99999999999572873652114796225742138,9.3759156315488374872742540821246808e-24
-5.32,0.99999999999493580294514860817563182,1.1994997719482323192067104542285892e-23
-5.3044444444444444444444444444444444,0.99999999999399787380408693914851335,1.5341475635060527942216547992105857e-23
-5.2888888888888888888888888888888889,0.99999999999289042095525427542282412,1.9609914231956726545662993490301025e-23
-5.2733333333333333333333333333333333,0.99999999999158358923107227029572553,2.5051046986375095558783432496615236e-23
-5.2577777777777777777777777777777778,0.99999999999004240945451400947728087,3.1982891532271187438359347522091257e-23
-5.2422222222222222222222222222222222,0.99999999998822594818134654783223756,4.0808558101982414232433274527634412e-23
-5.2266666666666666666666666666666667,0.99999999998608632057066047488515196,5.2038704711936660396809336436958014e-23
-5.2111111111111111111111111111111111,0.99999999998356754511415207392692728,6.631983380314555048140450869233036e-23
-5.1955555555555555555555555555555556,0.99999999998060421577560321555937847,8.446992754849227395647339462068379e-23
-5.18,0.99999999997711996345808635142635814,1.0752329692619357225897242533102083e-22
-5.1644444444444444444444444444444444,0.999999999973031415677509465139341,1.3674439908818066469100668868385373e-22
-5.1488888888888888888888888888888889,0.99999999996822416995987331554248533,1.7385768646188503746472260129186221e-22
-5.1333333333333333333333333333333333,0.99999999996258202860894003469141604,2.2091237736859017439102146768146552e-22
-5.1177777777777777777777777777777778,0.99999999995596396690555486188866888,2.8053562585724280457217306593333219e-22
-5.1022222222222222222222222222222222,0.99999999994820584015833151738553557,3.560392072755150630372930121553155e-22
-5.0866666666666666666666666666666667,0.99999999993911671386679304981642646,4.5159536512324706927721083677489268e-22
-5.0711111111111111111111111111111111,0.99999999992847463154599251283466485,5.7245715311988316493355119891251248e-22
-5.0555555555555555555555555555555556,0.99999999991602173732752360668349575,7.2523435765202326415321274831344152e-22
-5.04,0.99999999990145865875369043634240087,9.1823880317632720206942831586707309e-22
-5.0244444444444444444444444444444444,0.99999999988443804191176060566807355,1.1619162155878100651956295812172643e-21
-5.0088888888888888888888888888888889,0.99999999986458491226989464875013689,1.4689397765589630679115347724479726e-21
-4.9933333333333333333333333333333333,0.99999999984138158593487795907049317,1.8565529410684987511635195699272248e-21
-4.9777777777777777777777777777777778,0.9999999998143114575950312141503324,2.3450528022563836632942806549521168e-21
-4.9622222222222222222222222222222222,0.99999999978274908878689542678852566,2.9603282420054847316426497300849927e-21
-4.9466666666666666666666666666666667,0.99999999974597109165588445408192074,3.734814868781796648915762911196141e-21
-4.9311111111111111111111111111111111,0.9999999997031413191427106361549895,4.7091255765118972027808672092455396e-21
-4.9155555555555555555555555555555556,0.99999999965329390091779946962453515,5.9340808640129547442622843844343169e-21
-4.9,0.99999999959531382492198136154451189,7.4732353292697409620165811327605531e-21
-4.8844444444444444444444444444444444,0.99999999952791472454552158742803212,9.4060196120749375509788835949841312e-21
-4.8688888888888888888888888888888889,0.99999999944972267497320613981577074,1.1828134104714883144914824842480867e-20
-4.8533333333333333333333333333333333,0.99999999935882798214140214448876657,1.4869552042783154144786330006584904e-20
-4.8377777777777777777777777777777778,0.9999999992533572866070363676593345,1.8681923820688855907493567629779869e-20
-4.8222222222222222222222222222222222,0.99999999913104662863402605678890801,2.3457805926294620385989056524461206e-20
-4.8066666666666666666666666666666667,0.99999999898929240631509098500475692,2.9437117134360800822368758912241622e-20
-4.7911111111111111111111111111111111,0.99999999882510232656952652569414828,3.6918604159998192570692055025857063e-20
-4.7755555555555555555555555555555556,0.99999999863503956610708476079826941,4.6274037423027121391858160798404644e-20
-4.76,0.99999999841515924613017710677839831,5.7965775883833973812441415096245476e-20
-4.7444444444444444444444444444444444,0.99999999816093621255493922609650092,7.2568486785732462303630925619673331e-20
-4.7288888888888888888888888888888889,0.9999999978671829884213070512120055,9.079598614362538001233890223968589e-20
-4.7133333333333333333333333333333333,0.99999999752842828310450833426078065,1.1350156690306769149360924040453441e-19
-4.6977777777777777777777777777777778,0.99999999713699721059645322964978123,1.4184210149648403533614775822753061e-19
-4.6822222222222222222222222222222222,0.9999999966855146211879036077207826,1.7715388121419540215030038435607203e-19
-4.6666666666666666666666666666666667,0.99999999616508030467511252242755906,2.2112529037962620968990943042509601e-19
-4.6511111111111111111111111111111111,0.99999999556552389194285929677045925,2.7584708978968361959210439125158878e-19
-4.6355555555555555555555555555555556,0.99999999487523102086004394714154052,3.4390671678022822710032134860561232e-19
-4.62,0.99999999408094680383427478235729049,4.2850430229673465547550531492419577e-19
-4.6044444444444444444444444444444444,0.99999999316755378837261072812312982,5.3359531580048276192910117059824242e-19
-4.5888888888888888888888888888888889,0.99999999211782127569808200705421874,6.6406583826788208294948450295844979e-19
-4.5733333333333333333333333333333333,0.99999999091212250106192184250595325,8.2594778983618568249667366808078505e-19
-4.5577777777777777777777777777777778,0.99999998953003446505453275898592786,1.0263941577564531502522452707835361e-18
-4.5422222222222222222222222222222222,0.99999998794258574664571096097434943,1.2750894743907054223441652049181586e-18
-4.5266666666666666666666666666666667,0.99999998612255870891017888029047808,1.5831042858476353824846618460739179e-18
-4.5111111111111111111111111111111111,0.9999999840371307882517443456763764,1.9643586324202122332013932972030363e-18
-4.4955555555555555555555555555555556,0.99999998164903503352093739370042033,2.435984063570715618081477979692973e-18
-4.48,0.99999997891598552957721901574557506,3.0190515648274732059053866220961177e-18
-4.4644444444444444444444444444444444,0.99999997579003235226382701585582648,3.7394614522098278425316982508000222e-18
-4.4488888888888888888888888888888889,0.99999997221683792691833103320558646,4.6290305804175425363337671466673354e-18
-4.4333333333333333333333333333333333,0.999999968134865791838922997339938,5.7268197689308233795375970239473706e-18
-4.4177777777777777777777777777777778,0.99999996347447181245695002692324152,7.0807534897545772423320108765078627e-18
-4.4022222222222222222222222222222222,0.99999995816423717915035038404747242,8.7472000765606425660198010594352332e-18
-4.3866666666666666666666666666666667,0.99999995210145805121148385076780828,1.0802403473924335372526187662277928e-17
-4.3711111111111111111111111111111111,0.99999994519202667517965262550070853,1.3332582368777545857134211909866618e-17
-4.3555555555555555555555555555555556,0.99999993732243719926355207212347552,1.6445637824354413288603652438167519e-17
-4.34,0.99999992836464350222308328614258732,2.0273547613818605422140296258925718e-17
-4.3244444444444444444444444444444444,0.99999991817429014852459882247566701,2.4977638894051554461053494540392955e-17
-4.3088888888888888888888888888888889,0.99999990658874057801902569031578805,3.0754993106209295537756231405742453e-17
-4.2933333333333333333333333333333333,0.99999989342488088479059510110576154,3.7846221260915001975641718052936731e-17
-4.2777777777777777777777777777777778,0.99999987847667542485281245849633872,4.6544896781126517704511241416366716e-17
-4.2622222222222222222222222222222222,0.99999986151244819371594748634714653,5.7208991948431909754954941110422587e-17
-4.2466666666666666666666666666666667,0.99999984229837917659027880943143213,7.0256039208295869350695065529981252e-17
-4.2311111111111111111111111111111111,0.99999982049260929448418866430728769,8.6250501536817043137199422466126698e-17
-4.2155555555555555555555555555555556,0.99999979579047881294656658113964784,1.0582355086593446371179883470949114e-16
-4.2,0.99999976782407610978683581375750474,1.2976147822080951435707231799924606e-16
-4.1844444444444444444444444444444444,0.99999973618104986950504618590160206,1.5902009613132994561879494842038432e-16
-4.1688888888888888888888888888888889,0.99999970039954312639120760486989328,1.9476056775868447290278528566060064e-16
-4.1533333333333333333333333333333333,0.99999965996258795789481978662509366,2.3839265204020436147168225457391087e-16
-4.1377777777777777777777777777777778,0.99999961429190802464561692349653394,2.9162686635317107250189900407910702e-16
-4.1222222222222222222222222222222222,0.99999956274107151835704454932521393,3.5653736517989321692795876667100072e-16
-4.1066666666666666666666666666666667,0.99999950466786834210716996792132725,4.3552479964130051444808227248098624e-16
-4.0911111111111111111111111111111111,0.99999943911638338678507825192894127,5.3183450483743866414535441101137497e-16
-4.0755555555555555555555555555555556,0.99999936525818017732956512547487604,6.4905731153615625627058033177232684e-16
-4.06,0.99999928209058369260883084655721283,7.9164872908653249913089956353045429e-16
-4.0444444444444444444444444444444444,0.9999991884964191233712733851984461,9.6499474566384023753797749107727529e-16
-4.0288888888888888888888888888888889,0.99999908323175664474751434934186126,1.1756021107335528261201460296255502e-15
-4.0133333333333333333333333333333333,0.99999896491244312191103646649701623,1.4313266777295578116037557523990025e-15
-3.9977777777777777777777777777777778,0.99999883199931201124343801343789268,1.7416472431873968104471462762167389e-15
-3.9822222222222222222222222222222222,0.99999868278195421502736590237037892,2.1179937356467615352656464278453762e-15
-3.9666666666666666666666666666666667,0.99999851536092360866757106008136327,2.5741402876360275500773367708054515e-15
-3.9511111111111111111111111111111111,0.99999832788553780219047562362773024,3.1258894487301406362746907210434437e-15
-3.9355555555555555555555555555555556,0.99999811753430687218300856915028058,3.7946147148342158274536796661788205e-15
-3.92,0.99999788194602367027651951296228292,4.6036774903521328724538319856286807e-15
-3.9044444444444444444444444444444444,0.99999761825124791776788430085150658,5.5819411406109009365710600051816226e-15
-3.8888888888888888888888888888888889,0.99999732327396363631116407690861134,6.7640808932773112255445133428256797e-15
-3.8733333333333333333333333333333333,0.99999699350116574060700799771896513,8.1917282186612632634836253753423275e-15
-3.8577777777777777777777777777777778,0.9999966250496955659041481991839667,9.9148352671886554758280315806026958e-15
-3.8422222222222222222222222222222222,0.99999621363010527299387368452964282,1.1993300626085834015512938293889414e-14
-3.8266666666666666666666666666666667,0.99999575450731644058750271281231875,1.4498905188309663937165559809927979e-14
-3.8111111111111111111111111111111111,0.99999524245782284429038395509008454,1.7517615792945091915176287645323791e-14
-3.7955555555555555555555555555555556,0.99999467250309155368675253858213645,2.1147167484415464348883037264774075e-14
-3.78,0.99999403682796667406240262213706853,2.5519901342813633614758767420099591e-14
-3.7644444444444444444444444444444444,0.99999332914902514872596805682545431,3.0778620268493831013126988947714983e-14
-3.7488888888888888888888888888888889,0.99999254178324361742225021157359295,3.7099042339525638455261722823877786e-14
-3.7333333333333333333333333333333333,0.99999166628352730398975222172127984,4.4690958649854366549330661101889583e-14
-3.7177777777777777777777777777777778,0.99999069336899259007722568877323483,5.3804684318642073835732768475127987e-14
-3.7022222222222222222222222222222222,0.99998961284955927521644681931996299,6.4738700200747800147604039200403106e-14
-3.6866666666666666666666666666666667,0.99998841354445632970825285640683455,7.7848699176670008753616924892852664e-14
-3.6711111111111111111111111111111111,0.99998708319422398981359944566574968,9.355828820972943144861503838455443e-14
-3.6555555555555555555555555555555556,0.9999856083657736114002445702134891,1.1237164097277479453441282012866319e-13
-3.64,0.99998397657639162251064638312703694,1.3485659072800207734045376904749975e-13
-3.6244444444444444444444444444444444,0.99998216751622019196584603904651816,1.6178346811826557035417809568173028e-13
-3.6088888888888888888888888888888889,0.99998016559725682837323746147354209,1.939723085477494247500506221812476e-13
-3.5933333333333333333333333333333333,0.9999779515892684042131460060482045,2.3242828824751536211406798559479718e-13
-3.5777777777777777777777777777777778,0.99997550449284436983607237520079538,2.7834403338186253073480856092466339e-13
-3.5622222222222222222222222222222222,0.99997280139236191468740736022049626,3.3313369296016410351126215011345632e-13
-3.5466666666666666666666666666666667,0.9999698172983134194831053814149679,3.9847303793136831239985919037596547e-13
-3.5311111111111111111111111111111111,0.99996652497837765066730940310718845,4.7634662132040276142689282257656237e-13
-3.5155555555555555555555555555555556,0.99996289477659407287967374504536653,5.6910320639462991595179789862593075e-13
-3.5,0.99995889985602023512510314116748779,6.79520869625428849570070514193804e-13
-3.4844444444444444444444444444444444,0.99995449479686225544079364857162672,8.1069810936812313428225688705016523e-13
-3.4688888888888888888888888888888889,0.99994964639685228575919173006872803,9.6684975840100414704528782992804687e-13
-3.4533333333333333333333333333333333,0.99994431324007702222739796687628593,1.1523986394859649959155081795013081e-12
-3.4377777777777777777777777777777778,0.99993845038085067772324120007954865,1.3727467411721166969115915468735554e-12
-3.4222222222222222222222222222222222,0.99993200907692825612588584385210335,1.6342634823702930473127756627999263e-12
-3.4066666666666666666666666666666667,0.99992493650578703226268780616969128,1.944454263895340643015998049566529e-12
-3.3911111111111111111111111111111111,0.99991717546319341110069614261120421,2.3121575295716050339084376180799539e-12
-3.3755555555555555555555555555555556,0.99990866404326200825279338218290033,2.7477750069728434438010982883530443e-12
-3.36,0.99989933529920593950262462144605838,3.2635405365219521903693920627471095e-12
-3.3444444444444444444444444444444444,0.99988913072874612107416091072459,3.8729750881869863366542095673509247e-12
-3.3288888888888888888888888888888889,0.99987794582150809356416963970912609,4.5945307022226000820872274294205163e-12
-3.3133333333333333333333333333333333,0.99986570891869720986647229831243474,5.4473063536075413364491829742304435e-12
-3.2977777777777777777777777777777778,0.99985232911185788228936261347079549,6.4545603109553562604447901412997032e-12
-3.2822222222222222222222222222222222,0.99983770843813571911119741485787926,7.6435617539110206722755009532711917e-12
-3.2666666666666666666666666666666667,0.99982174140833133122089637517138,9.0462623766424183550346180148811339e-12
-3.2511111111111111111111111111111111,0.99980431451008949495151196941503879,1.0700076919957291688335306333878243e-11
-3.2355555555555555555555555555555556,0.99978530568548513103230934772602548,1.2648789695786694549883581477177055e-11
-3.22,0.99976458378229594021014663686928115,1.4943606740359918978294216052312836e-11
-3.2044444444444444444444444444444444,0.99974200797828563759802835953720294,1.7644376176593962440914530970367042e-11
-3.1888888888888888888888888888888889,0.99971746038376177256397293014580288,2.0816546347163296074498949614788452e-11
-3.1733333333333333333333333333333333,0.99969071550310795506152443978576436,2.4549849319341013708787018223886011e-11
-3.1577777777777777777777777777777778,0.99966163029241172470776687073543229,2.8935667702122183965196065336639068e-11
-3.1422222222222222222222222222222222,0.99963001894752824656168485346902021,3.4084956617156235779412918054761143e-11
-3.1266666666666666666666666666666667,0.99959568269134414294137859282517654,4.0126989504621870459147931838596529e-11
-3.1111111111111111111111111111111111,0.99955840902468450179531940963364259,4.72122874684498535707314768827802e-11
-3.0955555555555555555555555555555556,0.99951797094700652875802902707922983,5.5516001062003424494846569965050685e-11
-3.08,0.9994741261467235301374661388952874,6.5241811771826590367020229237968575e-11
-3.0644444444444444444444444444444444,0.99942661616110350756825595307396492,7.6626430038079719737429737442661522e-11
-3.0488888888888888888888888888888889,0.99937516550579605212246800414522879,8.9944777531819359186667877070187745e-11
-3.0333333333333333333333333333333333,0.99931955577583627409115313980659069,0.00000000010549417312864987070957091887550798
-3.0177777777777777777777777777777778,0.99925933080781314703110157911898078,0.00000000012368465890554929604139507962400429
-3.0022222222222222222222222222222222,0.99919422787493541657972795812195045,0.00000000014492659658066014393932327544171132
-2.9866666666666666666666666666666667,0.99912389413057994527195579480606682,0.00000000016971697591595849322904617182625968
-2.9711111111111111111111111111111111,0.99904795491058543627646702073138059,0.00000000019863119205096429550272485649615772
-2.9555555555555555555555555555555556,0.99896601268899154960703215713017159,0.0000000002323349931108041067181149945088538
-2.94,0.99887764600761720512880561591345175,0.00000000027159818034467898407708880217215298
-2.9244444444444444444444444444444444,0.99878240838074008633457643041013203,0.0000000003173103071973602028017453252066603
-2.9088888888888888888888888888888889,0.99867982717633223867399170783590845,0.00000000037049865674113657730874071126796517
-2.8933333333333333333333333333333333,0.9985694024755083667686120233062493,0.00000000043234881410913938766661311339928549
-2.8777777777777777777777777777777778,0.99845076544596821410673629546210253,0.00000000050412794246863758299152196832604263
-2.8622222222222222222222222222222222,0.99832305096927715635102031840577024,0.00000000058759651631471598242050332639488155
-2.8466666666666666666666666666666667,0.99818581860994599710514400989195599,0.00000000068448345908266262944159024552143779
-2.8311111111111111111111111111111111,0.99803844757264496921150263188791527,0.00000000079687838874627663263216217994309762
-2.8155555555555555555555555555555556,0.99788028382033958570907299375807155,0.00000000092718528375867922773642585107745021
-2.8,0.99771063885012493706253179894680025,0.0000000010781680165220681425407982777274177
-2.7844444444444444444444444444444444,0.99752878846516948808963525895114261,0.0000000012530022105880289879973416689124497
-2.7688888888888888888888888888888889,0.99733397154630269198015480342950743,0.0000000014553342592271880995252602454748252
-2.7533333333333333333333333333333333,0.99712538882703854610712636117260338,0.0000000016893484480922712006833498234030976
-2.7377777777777777777777777777777778,0.99690250059962036604863852884695437,0.000000001959466975390752613954558078305629
-2.7222222222222222222222222222222222,0.99666385045828305237072242921593982,0.0000000022718833932960945690300177603546954
-2.7066666666666666666666666666666667,0.99640879694236470931600723768240733,0.0000000026325694256493031091534832873471572
-2.6911111111111111111111111111111111,0.99613637621872133699091004424935763,0.000000003048732946600168495932315976102976
-2.6755555555555555555555555555555556,0.99584558038595032758529058811430136,0.000000003528618750517857875619739270899284
-2.66,0.99553535636417430835886651337781217,0.0000000040816516972971756768383181740050713
-2.6444444444444444444444444444444444,0.99520460482204141921320186566411502,0.000000004718598726208237187875058360638406
-2.6288888888888888888888888888888889,0.99485217914676650233613610947403236,0.0000000054517520976833508736788190060050884
-2.6133333333333333333333333333333333,0.99447688446326660292648119018920498,0.000000006295136499832898411691672477656586
-2.5977777777777777777777777777777778,0.9940774767086620550075744034637395,0.0000000072647429641535593146300559679601709
-2.5822222222222222222222222222222222,0.99365322905521943400152657971644259,0.000000008377247727497103112671321477670444
-2.5666666666666666666666666666666667,0.99320169751395228115132669269986817,0.0000000096562619961275564629565861132666986
-2.5511111111111111111111111111111111,0.99272201914158543339330051658652265,0.000000011124049855530999527968612136688758
-2.5355555555555555555555555555555556,0.99221274527491941545414882594745322,0.000000012807461789637682959249518236136645
-2.52,0.99167237449956451409101461687148317,0.000000014737014829188052261013627279937494
-2.5044444444444444444444444444444444,0.99109935219854605202130931052559613,0.000000016947370942398977561743161407224033
-2.4888888888888888888888888888888889,0.99049207020494687521135850017548561,0.000000019477874696437707536067587228893915
-2.4733333333333333333333333333333333,0.98984886656597862577540233981961011,0.000000022373157104912412523485363046069138
-2.4577777777777777777777777777777778,0.98916802542590665314366073419792322,0.00000002568381332736506705645700616871797
-2.4422222222222222222222222222222222,0.98844777703525658175250836828423844,0.000000029467162712005749856691386381710011
-2.4266666666666666666666666666666667,0.98768731173802840072789855705229329,0.000000033782125126100052315224467333391301
-2.4111111111111111111111111111111111,0.9868827819542974498374540247831577,0.00000003871323370944287782070129304720766
-2.3955555555555555555555555555555556,0.98603321698440050475814436397645411,0.000000044338264360859405602090918391891085
-2.38,0.98513663444650443415339566479835412,0.000000050751016136254970626210726933639766
-2.3644444444444444444444444444444444,0.98419100026025045919696092343206896,0.00000005805741159419363849347828718285803
-2.3488888888888888888888888888888889,0.98319422956535761121412303103532244,0.000000066376986351276998205630510981277424
-2.3333333333333333333333333333333333,0.98214418781569422935108560920938784,0.000000075844551258127887445033841331842349
-2.3177777777777777777777777777777778,0.98103869205498768343364516848742088,0.000000086612045858967626331572565560901865
-2.3022222222222222222222222222222222,0.9798755123800045327657178572853375,0.000000098850603649501655183218858545427233
-2.2866666666666666666666666666666667,0.978652373596652044680719745794647,0.0000001127528516636084333777454654007203
-2.2711111111111111111111111111111111,0.97736866341711364743989898081779645,0.00000012851370716013648118216655491841046
-2.2555555555555555555555555555555556,0.97601869441535061939988359681255804,0.00000014641734885441621921308299443262042
-2.24,0.97460169166677500094006092900438024,0.00000016671819458786480193095849802241781
-2.2244444444444444444444444444444444,0.97311521944482421682910996395888635,0.00000018972339881680515610287192358027796
-2.2088888888888888888888888888888889,0.97155680806135663104811810538712259,0.00000021577757010106032272225545736296664
-2.1933333333333333333333333333333333,0.96992395676759918145030213231250749,0.00000024526708602651416449967702663096139
-2.1777777777777777777777777777777778,0.96821413687182345364606719707224221,0.00000027862487308973618968523799700933583
-2.1622222222222222222222222222222222,0.96642479507458940866298102767719599,0.00000031633569772165489201660962315624147
-2.1466666666666666666666666666666667,0.96455335702163411586877460341665932,0.00000035894201875472738074173128521832368
-2.1311111111111111111111111111111111,0.96259723107368450807470337233009933,0.00000040705045608323710127872961654120864
-2.1155555555555555555555555555555556,0.96055651679653127810666276495017457,0.00000046126429856649794400967524639162969
-2.1,0.95842330929263444737472691583455377,0.00000052248042217539089978770057194695105
-2.0844444444444444444444444444444444,0.95619757957235963475087966084290472,0.00000059147754870055415560941368800936304
-2.0688888888888888888888888888888889,0.95387670881730768494957455738863939,0.00000066919801404371909475125144491895264
-2.0533333333333333333333333333333333,0.95145808293541581319667212061021576,0.00000075669215851075186797878999996423338
-2.0377777777777777777777777777777778,0.94893909756824092692706210413763777,0.00000085512993478800219614749322903743709
-2.0222222222222222222222222222222222,0.94631716328524867289509191208727328,0.00000096581367048784035864478234476535648
-2.0066666666666666666666666666666667,0.94358971095701376035749791943445934,0.0000010901920893749954587475867965067923
-1.9911111111111111111111111111111111,0.94075419729824387713199749348637004,0.0000012298757035934736117134448054153526
-1.9755555555555555555555555555555556,0.93781199933769080994909309621997596,0.0000013864387270306440079620057468832033
-1.96,0.93475301321789574327431669037434211,0.0000015622713734002048907556188518136146
-1.9444444444444444444444444444444444,0.93157855185362028280200663678316123,0.0000017593855719650721245450031604668105
-1.9288888888888888888888888888888889,0.92828623372101799918721753317713763,0.0000019802244405481756466632701841857452
-1.9133333333333333333333333333333333,0.92487373300729541003688612593256199,0.0000022274949520124125399874187578000075
-1.8977777777777777777777777777777778,0.92133878592647659487936200381420423,0.0000025041944362554762746777694960062365
-1.8822222222222222222222222222222222,0.91767919711405000075632216081763649,0.0000028136395154495092131600716805448371
-1.8666666666666666666666666666666667,0.91389284608381739908488986432162848,0.0000031594976709474464531063662994260081
-1.8511111111111111111111111111111111,0.90997769372943866924766130380738462,0.0000035458216538568923356572383581025125
-1.8355555555555555555555555555555556,0.90593178885238524967745163620871815,0.000003977086965529989657226625639797442
-1.82,0.90175877382392627053867342545757445,0.0000044575748498568798166954977866355488
-1.8044444444444444444444444444444444,0.89744606973971002270755411751900735,0.0000049939724249009445227546506840728877
-1.7888888888888888888888888888888889,0.89299735431861107984011315949725974,0.0000055916922046096166746011678056735086
-1.7733333333333333333333333333333333,0.88841109297007658983032553375855959,0.0000062573448440745269508933996132030282
-1.7577777777777777777777777777777778,0.88368587135122158794091745889493764,0.0000069982061245847752682463102928256825
-1.7422222222222222222222222222222222,0.87882040163268479222285747251961754,0.0000078222784815643019951512618473508589
-1.7266666666666666666666666666666667,0.87381352864597314569329036385293822,0.0000087383576413654648006266630940371597
-1.7111111111111111111111111111111111,0.86866423589001962035098463208251639,0.0000097561047312584895925905016596626112
-1.6955555555555555555555555555555556,0.86337165137453225010484819714392254,0.000010886124247071292494936124491157419
-1.68,0.85793505327765706415899804601586676,0.00001214004828359707001654971507756652
-1.6644444444444444444444444444444444,0.85236119861137361192488922009853206,0.000013528731912013337107371036227040754
-1.6488888888888888888888888888888889,0.84663522357304858639002457799736862,0.000015069728705548260655039329600527348
-1.6333333333333333333333333333333333,0.84076402402059468117434971598941172,0.000016776616538947015117884418259650978
-1.6177777777777777777777777777777778,0.83474753066325019788484102904878485,0.000018666118901653952551883861132838404
-1.6022222222222222222222222222222222,0.82858584909770021032189221786069355,0.000020756517495809047779374548546360813
-1.5866666666666666666666666666666667,0.82227926388906515862914692709569621,0.000023067783752063048962244445228352571
-1.5711111111111111111111111111111111,0.81582824231550354153060180898461733,0.000025621720056662237636121595218933874
-1.5555555555555555555555555555555556,0.8092334377570464270024668188234974,0.000028442111272958169980655456552041944
-1.54,0.80249569271012181487752460934541392,0.000031554887163102321934490578723794942
-1.5244444444444444444444444444444444,0.79561604141016547641165450023014596,0.00003498829633799400047614751136356736
-1.5088888888888888888888888888888889,0.78860489613893350851936979970022143,0.000038767948399420895605018804607825016
-1.4933333333333333333333333333333333,0.7814454920171113391654614836565817,0.000042937067484142347769278988208166021
-1.4777777777777777777777777777777778,0.77414845256235396606896098413796121,0.000047527355899693724249594297502298144
-1.4622222222222222222222222222222222,0.76671559654150531448947429617135904,0.000052578326680874788381389992903114981
-1.4466666666666666666666666666666667,0.75914894115591740288517098361124062,0.000058132877536591679800065093307769158
-1.4311111111111111111111111111111111,0.75145070200777001407105756113322386,0.000064237548310983051802161056823551837
-1.4155555555555555555555555555555556,0.74362329258517110438788755775076493,0.000070942794934652401580208039661741266
-1.4,0.73566932325908344874890226612724499,0.000078303280641923797317166000734694824
-1.3844444444444444444444444444444444,0.72759159978677508108867116193903859,0.000086378185241662895868094569545492432
-1.3688888888888888888888888888888889,0.7194038178625326905259109058601252,0.00009521953240616528150186644975021932
-1.3533333333333333333333333333333333,0.71108792458920021201800346249917045,0.00010491939564322878335119328485169246
-1.3377777777777777777777777777777778,0.70265783983261908874541871443262843,0.00011554159631148413340993413697254957
-1.3222222222222222222222222222222222,0.69411712573476053045697574734439278,0.00012716685433850716365981152425671819
-1.3066666666666666666666666666666667,0.68546952488029679887227047949697328,0.00013988225089788005886191988439876431
-1.2911111111111111111111111111111111,0.67671895582641223076568340013706226,0.00015378166283244470373339628287733334
-1.2755555555555555555555555555555556,0.66786950815155214985140294583357639,0.00016896622073723456503869234175798398
-1.26,0.65892543703218520174983051445097876,0.00018554479147450708185536213207032911
-1.2444444444444444444444444444444444,0.64989115735847221677218972678407985,0.00020363448587319684216900883981443053
-1.2288888888888888888888888888888889,0.64077123740152733901944959533944935,0.00022336119233983924609066255296660509
-1.2133333333333333333333333333333333,0.63158236050774932239307240462168492,0.00024483108092557367703780131557234725
-1.1977777777777777777777777777777778,0.62230553941028047591704647137104963,0.00026824483339080363146105174800820411
-1.1822222222222222222222222222222222,0.61295762684978708841122127736681609,0.00029373145898297677329022442539199029
-1.1666666666666666666666666666666667,0.60354373271172178912818289071822898,0.00032145781939640777199738434577330027
-1.1511111111111111111111111111111111,0.59406908244816605993812974462719036,0.00035160263269206112467830733496889759
-1.1355555555555555555555555555555556,0.58453900841648553283454060274584027,0.00038435717545214570086976173318270985
-1.12,0.57495894090460177106586307560273186,0.00041992601471981013822770152392512943
-1.1044444444444444444444444444444444,0.56533439886796741820124844937672695,0.00045852777002106905385481553436236962
-1.0888888888888888888888888888888889,0.55567098040451938485302731168072626,0.00050039590567886846468306504190087541
-1.0733333333333333333333333333333333,0.54597435299496844805569543436707112,0.0005457795535335382317223784633039004
-1.0577777777777777777777777777777778,0.53626285482513062003317669142916172,0.00059487811527594135311061297876188487
-1.0422222222222222222222222222222222,0.52651706385155931658163381672126736,0.00064810169369350451892947805209704305
-1.0266666666666666666666666666666667,0.51675537460114769095359790961366362,0.00070569046500682617091553659852041381
-1.0111111111111111111111111111111111,0.50698363077390479418077400400821966,0.00076796503879043290408938663616051456
-0.99555555555555555555555555555555555,0.4972076941668891730699491102960961,0.00083526625674687091259477306682414591
-0.98,0.48743343412733703378873863936303252,0.00090795619375209548001818536217303269
-0.96444444444444444444444444444444444,0.47766671698313488029813244676230599,0.00098641918667687009429104975056402575
-0.94888888888888888888888888888888889,0.46791339548235297556211913548104848,0.0010710628900068179009214424077262782
-0.93333333333333333333333333333333333,0.45817929827351791397242516713510749,0.0011623193571052329020584255127786266
-0.91777777777777777777777777777777778,0.44847021945813152480750567176552381,0.0012606461457750371260719852342657429
-0.90222222222222222222222222222222222,0.43880442255738242300025694030034856,0.0013663851905971471976756877991445277
-0.88666666666666666666666666666666667,0.42916252217305304315494748106762671,0.0014803221838718310459606744669505522
-0.87111111111111111111111111111111111,0.4195627052205386618761203697085937,0.001602865865165643280692715748030434
-0.85555555555555555555555555555555556,0.41001052576892703876807903736382216,0.0017345872535508150657694117778210494
-0.84,0.4005114532731845720574001079507974,0.0018760887020011706256811576578847492
-0.82444444444444444444444444444444444,0.39107086319550452493689794988197163,0.002028005108916397640898652052031158
-0.80888888888888888888888888888888889,0.38169402790382597609698486073739909,0.00219100513857729199340812774912663
-0.79333333333333333333333333333333333,0.37238610787313200355338014328850441,0.0023657924473959416761863483878467843
-0.77777777777777777777777777777777778,0.3631521432138911607861585634056941,0.002553106912572440318345409838948216
-0.76222222222222222222222222222222222,0.35399704555066787830820880361347164,0.0027537258595136064048251388787162163
-0.74666666666666666666666666666666667,0.34493728474790683334170643952106055,0.002968177626240598110450645281212602
-0.73111111111111111111111111111111111,0.33595398637393427030326774311110758,0.003197873437229894666642354480274695
-0.71555555555555555555555555555555556,0.32706343773138217737975374076756801,0.0034434413783144141725148164254057476
-0.7,0.31826996322206997213800369659345118,0.003705820619564559698878464584785304
-0.68444444444444444444444444444444445,0.30957772411697145865195563566186304,0.0039859937505622805965905679322654318
-0.66888888888888888888888888888888889,0.30099071293384113399880309747057534,0.0042849879093542537102124070889039002
-0.65333333333333333333333333333333334,0.29251274828237791704566231363391117,0.0046038758774094450431331471049232466
-0.63777777777777777777777777777777778,0.28414747018678360772425635774251881,0.0049437771348916240569250402659815629
-0.62222222222222222222222222222222222,0.27589833589374559359350430194659761,0.0053058588703229626980836607380033222
-0.60666666666666666666666666666666667,0.26777906830778969702861058840771024,0.0056908219412125666955208371457645848
-0.59111111111111111111111111111111111,0.25977168366040236743950232418557771,0.0061009289775339723959497219413391747
-0.57555555555555555555555555555555556,0.25188967975247904543083678800078351,0.0065370118520647093579545990996885869
-0.56,0.24413575094032473347933711218773632,0.007000437484925134195257756634005646
-0.54444444444444444444444444444444445,0.23651239527836328761369620988398369,0.0074926246456139269242954362399546128
-0.52888888888888888888888888888888889,0.22902191330503406402921083976710088,0.0080150445530965015157047817891805174
-0.51333333333333333333333333333333334,0.22166640731934122102611159100598061,0.0085692213833356731314950385601278005
-0.49777777777777777777777777777777778,0.21444778114180284215518747627250178,0.009156732676981621765759354923254765
-0.48222222222222222222222222222222222,0.20736774035192709973024993169937867,0.0097792096398613886161714580958971029
-0.46666666666666666666666666666666667,0.20042779299278420862409287226730647,0.010438337328858494695284083153708761
-0.45111111111111111111111111111111111,0.19363796516645963285521637580018453,0.011134925597434474567219164549260996
-0.43555555555555555555555555555555556,0.1869817596466859693653362260662326,0.011872572270587784171579141455078123
-0.42,0.18046899920774042986975553800878931,0.012652245504205850927267623920060614
-0.40444444444444444444444444444444445,0.17410041796783418349629483363626257,0.013475844997640405225818465315067145
-0.38888888888888888888888888888888889,0.16787656260392088587448262486462254,0.014345323253304351748320241607177062
-0.37333333333333333333333333333333334,0.16179779558226146644738897965746257,0.015262684920611697718911153412414799
-0.35777777777777777777777777777777778,0.15586429875281577007679688565141324,0.016229985974724690739154809586768997
-0.34222222222222222222222222222222222,0.15007607728842690346984482036427477,0.017249332723492826047948536882652067
-0.32666666666666666666666666666666667,0.14443296394898077786775224943971427,0.018322880636239671755634377401396424
-0.31111111111111111111111111111111111,0.138934623650040718590990071877304,0.019452832988366968022715531146188966
-0.29555555555555555555555555555555556,0.13358740057736079678755495349679856,0.020639860747561088692177084985322706
-0.28,0.12837676870643546836721782200459847,0.021889334656909209956600246120772053
-0.26444444444444444444444444444444445,0.12330894850781722124142782200203709,0.023202090181928936426071495552325364
-0.24888888888888888888888888888888889,0.11838298473509529607926968432577333,0.024580504343935129031212991256381659
-0.23333333333333333333333333333333333,0.11359778094776154852314775256974742,0.02602699225011374113035643203267145
-0.21777777777777777777777777777777778,0.10895210545054263664849023920181,0.027544004529686072159235040039341887
-0.20222222222222222222222222222222222,0.10444459738311984215454365572700422,0.029134024556109313032073980718344792
-0.18666666666666666666666666666666667,0.1000737729378872362320714879506845,0.030799565453355264879341279880705476
-0.17111111111111111111111111111111111,0.095838031683596109875512177656821161,0.032543166885009921946523201238727274
-0.15555555555555555555555555555555556,0.0917356629730166605293611354962723,0.034367391625676762209081926972424393
-0.14,0.087769911668152684377492614612537029,0.036272296212431071183954080124988767
-0.12444444444444444444444444444444445,0.083928580972087567382288891005671633,0.038265417062408970616641010727549494
-0.10888888888888888888888888888888889,0.080214897120165568007221151424215956,0.040346947285461832498703460882736302
-0.093333333333333333333333333333333331,0.076626773720168779915131327047532489,0.042519503480289849639741998575558622
-0.077777777777777777777777777777777779,0.073162046718410875018611565953140142,0.044785704992405868319769125586022239
-0.062222222222222222222222222222222221,0.069818480877940190604566464407847625,0.047148169214665522621485439254393971
-0.046666666666666666666666666666666669,0.066593776201947952453046202759654063,0.049609506690062433152059686163884246
-0.03111111111111111111111111111111111,0.063485574285342103534275598652655819,0.052172316023337194151352940427943239
-0.015555555555555555555555555555555558,0.060491464578297003324376275123049191,0.054839178608929865353985211894057065
0.0,0.057608990546475901287604730387667438,0.057608990546475901287604730387667438
0.015555555555555555555555555555555558,0.054839178608929865353985211894057065,0.060491464578297003324376275123049191
0.03111111111111111111111111111111111,0.052172316023337194151352940427943239,0.063485574285342103534275598652655819
0.046666666666666666666666666666666669,0.049609506690062433152059686163884246,0.066593776201947952453046202759654063
0.062222222222222222222222222222222221,0.047148169214665522621485439254393971,0.069818480877940190604566464407847625
0.077777777777777777777777777777777779,0.044785704992405868319769125586022239,0.073162046718410875018611565953140142
0.093333333333333333333333333333333331,0.042519503480289849639741998575558622,0.076626773720168779915131327047532489
0.10888888888888888888888888888888889,0.040346947285461832498703460882736302,0.080214897120165568007221151424215956
0.12444444444444444444444444444444445,0.038265417062408970616641010727549494,0.083928580972087567382288891005671633
0.14,0.036272296212431071183954080124988767,0.087769911668152684377492614612537029
0.15555555555555555555555555555555556,0.034367391625676762209081926972424393,0.0917356629730166605293611354962723
0.17111111111111111111111111111111111,0.032543166885009921946523201238727274,0.095838031683596109875512177656821161
0.18666666666666666666666666666666667,0.030799565453355264879341279880705476,0.1000737729378872362320714879506845
0.20222222222222222222222222222222222,0.029134024556109313032073980718344792,0.10444459738311984215454365572700422
0.21777777777777777777777777777777778,0.027544004529686072159235040039341887,0.10895210545054263664849023920181
0.23333333333333333333333333333333333,0.02602699225011374113035643203267145,0.11359778094776154852314775256974742
0.24888888888888888888888888888888889,0.024580504343935129031212991256381659,0.11838298473509529607926968432577333
0.26444444444444444444444444444444445,0.023202090181928936426071495552325364,0.12330894850781722124142782200203709
0.28,0.021889334656909209956600246120772053,0.12837676870643546836721782200459847
0.29555555555555555555555555555555556,0.020639860747561088692177084985322706,0.13358740057736079678755495349679856
0.31111111111111111111111111111111111,0.019452832988366968022715531146188966,0.138934623650040718590990071877304
0.32666666666666666666666666666666667,0.018322880636239671755634377401396424,0.14443296394898077786775224943971427
0.34222222222222222222222222222222222,0.017249332723492826047948536882652067,0.15007607728842690346984482036427477
0.35777777777777777777777777777777778,0.016229985974724690739154809586768997,0.15586429875281577007679688565141324
0.37333333333333333333333333333333334,0.015262684920611697718911153412414799,0.16179779558226146644738897965746257
0.38888888888888888888888888888888889,0.014345323253304351748320241607177062,0.16787656260392088587448262486462254
0.40444444444444444444444444444444445,0.013475844997640405225818465315067145,0.17410041796783418349629483363626257
0.42,0.012652245504205850927267623920060614,0.18046899920774042986975553800878931
0.43555555555555555555555555555555556,0.011872572270587784171579141455078123,0.1869817596466859693653362260662326
0.45111111111111111111111111111111111,0.011134925597434474567219164549260996,0.19363796516645963285521637580018453
0.46666666666666666666666666666666667,0.010438337328858494695284083153708761,0.20042779299278420862409287226730647
0.48222222222222222222222222222222223,0.0097792096398613886161714580958971029,0.20736774035192709973024993169937867
0.49777777777777777777777777777777778,0.009156732676981621765759354923254765,0.21444778114180284215518747627250178
0.51333333333333333333333333333333334,0.0085692213833356731314950385601278005,0.22166640731934122102611159100598061
0.52888888888888888888888888888888889,0.0080150445530965015157047817891805174,0.22902191330503406402921083976710088
0.54444444444444444444444444444444445,0.0074926246456139269242954362399546128,0.23651239527836328761369620988398369
0.56,0.007000437484925134195257756634005646,0.24413575094032473347933711218773632
0.57555555555555555555555555555555556,0.0065370118520647093579545990996885869,0.25188967975247904543083678800078351
0.59111111111111111111111111111111111,0.0061009289775339723959497219413391747,0.25977168366040236743950232418557771
0.60666666666666666666666666666666667,0.0056908219412125666955208371457645848,0.26777906830778969702861058840771024
0.62222222222222222222222222222222222,0.0053058588703229626980836607380033222,0.27589833589374559359350430194659761
0.63777777777777777777777777777777778,0.0049437771348916240569250402659815629,0.28414747018678360772425635774251881
0.65333333333333333333333333333333334,0.0046038758774094450431331471049232466,0.29251274828237791704566231363391117
0.66888888888888888888888888888888889,0.0042849879093542537102124070889039002,0.30099071293384113399880309747057534
0.68444444444444444444444444444444445,0.0039859937505622805965905679322654318,0.30957772411697145865195563566186304
0.7,0.003705820619564559698878464584785304,0.31826996322206997213800369659345118
0.71555555555555555555555555555555556,0.0034434413783144141725148164254057476,0.32706343773138217737975374076756801
0.73111111111111111111111111111111111,0.003197873437229894666642354480274695,0.33595398637393427030326774311110758
0.74666666666666666666666666666666667,0.002968177626240598110450645281212602,0.34493728474790683334170643952106055
0.76222222222222222222222222222222222,0.0027537258595136064048251388787162163,0.35399704555066787830820880361347164
0.77777777777777777777777777777777778,0.002553106912572440318345409838948216,0.3631521432138911607861585634056941
0.79333333333333333333333333333333333,0.0023657924473959416761863483878467843,0.37238610787313200355338014328850441
0.80888888888888888888888888888888889,0.00219100513857729199340812774912663,0.38169402790382597609698486073739909
0.82444444444444444444444444444444444,0.002028005108916397640898652052031158,0.39107086319550452493689794988197163
0.84,0.0018760887020011706256811576578847492,0.4005114532731845720574001079507974
0.85555555555555555555555555555555556,0.0017345872535508150657694117778210494,0.41001052576892703876807903736382216
0.87111111111111111111111111111111111,0.001602865865165643280692715748030434,0.4195627052205386618761203697085937
0.88666666666666666666666666666666667,0.0014803221838718310459606744669505522,0.42916252217305304315494748106762671
0.90222222222222222222222222222222222,0.0013663851905971471976756877991445277,0.43880442255738242300025694030034856
0.91777777777777777777777777777777778,0.0012606461457750371260719852342657429,0.44847021945813152480750567176552381
0.93333333333333333333333333333333333,0.0011623193571052329020584255127786266,0.45817929827351791397242516713510749
0.94888888888888888888888888888888889,0.0010710628900068179009214424077262782,0.46791339548235297556211913548104848
0.96444444444444444444444444444444444,0.00098641918667687009429104975056402575,0.47766671698313488029813244676230599
0.98,0.00090795619375209548001818536217303269,0.48743343412733703378873863936303252
0.99555555555555555555555555555555555,0.00083526625674687091259477306682414591,0.4972076941668891730699491102960961
1.0111111111111111111111111111111111,0.00076796503879043290408938663616051456,0.50698363077390479418077400400821966
1.0266666666666666666666666666666667,0.00070569046500682617091553659852041381,0.51675537460114769095359790961366362
1.0422222222222222222222222222222222,0.00064810169369350451892947805209704305,0.52651706385155931658163381672126736
1.0577777777777777777777777777777778,0.00059487811527594135311061297876188487,0.53626285482513062003317669142916172
1.0733333333333333333333333333333333,0.0005457795535335382317223784633039004,0.54597435299496844805569543436707112
1.0888888888888888888888888888888889,0.00050039590567886846468306504190087541,0.55567098040451938485302731168072626
1.1044444444444444444444444444444445,0.00045852777002106905385481553436236962,0.56533439886796741820124844937672695
1.12,0.00041992601471981013822770152392512943,0.57495894090460177106586307560273186
1.1355555555555555555555555555555556,0.00038435717545214570086976173318270985,0.58453900841648553283454060274584027
1.1511111111111111111111111111111111,0.00035160263269206112467830733496889759,0.59406908244816605993812974462719036
1.1666666666666666666666666666666667,0.00032145781939640777199738434577330027,0.60354373271172178912818289071822898
1.1822222222222222222222222222222222,0.00029373145898297677329022442539199029,0.61295762684978708841122127736681609
1.1977777777777777777777777777777778,0.00026824483339080363146105174800820411,0.62230553941028047591704647137104963
1.2133333333333333333333333333333333,0.00024483108092557367703780131557234725,0.63158236050774932239307240462168492
1.2288888888888888888888888888888889,0.00022336119233983924609066255296660509,0.64077123740152733901944959533944935
1.2444444444444444444444444444444444,0.00020363448587319684216900883981443053,0.64989115735847221677218972678407985
1.26,0.00018554479147450708185536213207032911,0.65892543703218520174983051445097876
1.2755555555555555555555555555555556,0.00016896622073723456503869234175798398,0.66786950815155214985140294583357639
1.2911111111111111111111111111111111,0.00015378166283244470373339628287733334,0.67671895582641223076568340013706226
1.3066666666666666666666666666666667,0.00013988225089788005886191988439876431,0.68546952488029679887227047949697328
1.3222222222222222222222222222222222,0.00012716685433850716365981152425671819,0.69411712573476053045697574734439278
1.3377777777777777777777777777777778,0.00011554159631148413340993413697254957,0.70265783983261908874541871443262843
1.3533333333333333333333333333333333,0.00010491939564322878335119328485169246,0.71108792458920021201800346249917045
1.3688888888888888888888888888888889,0.00009521953240616528150186644975021932,0.7194038178625326905259109058601252
1.3844444444444444444444444444444444,0.000086378185241662895868094569545492432,0.72759159978677508108867116193903859
1.4,0.000078303280641923797317166000734694824,0.73566932325908344874890226612724499
1.4155555555555555555555555555555556,0.000070942794934652401580208039661741266,0.74362329258517110438788755775076493
1.4311111111111111111111111111111111,0.000064237548310983051802161056823551837,0.75145070200777001407105756113322386
1.4466666666666666666666666666666667,0.000058132877536591679800065093307769158,0.75914894115591740288517098361124062
1.4622222222222222222222222222222222,0.000052578326680874788381389992903114981,0.76671559654150531448947429617135904
1.4777777777777777777777777777777778,0.000047527355899693724249594297502298144,0.77414845256235396606896098413796121
1.4933333333333333333333333333333333,0.000042937067484142347769278988208166021,0.7814454920171113391654614836565817
1.5088888888888888888888888888888889,0.000038767948399420895605018804607825016,0.78860489613893350851936979970022143
1.5244444444444444444444444444444444,0.00003498829633799400047614751136356736,0.79561604141016547641165450023014596
1.54,0.000031554887163102321934490578723794942,0.80249569271012181487752460934541392
1.5555555555555555555555555555555556,0.000028442111272958169980655456552041944,0.8092334377570464270024668188234974
1.5711111111111111111111111111111111,0.000025621720056662237636121595218933874,0.81582824231550354153060180898461733
1.5866666666666666666666666666666667,0.000023067783752063048962244445228352571,0.82227926388906515862914692709569621
1.6022222222222222222222222222222222,0.000020756517495809047779374548546360813,0.82858584909770021032189221786069355
1.6177777777777777777777777777777778,0.000018666118901653952551883861132838404,0.83474753066325019788484102904878485
1.6333333333333333333333333333333333,0.000016776616538947015117884418259650978,0.84076402402059468117434971598941172
1.6488888888888888888888888888888889,0.000015069728705548260655039329600527348,0.84663522357304858639002457799736862
1.6644444444444444444444444444444444,0.000013528731912013337107371036227040754,0.85236119861137361192488922009853206
1.68,0.00001214004828359707001654971507756652,0.85793505327765706415899804601586676
1.6955555555555555555555555555555556,0.000010886124247071292494936124491157419,0.86337165137453225010484819714392254
1.7111111111111111111111111111111111,0.0000097561047312584895925905016596626112,0.86866423589001962035098463208251639
1.7266666666666666666666666666666667,0.0000087383576413654648006266630940371597,0.87381352864597314569329036385293822
1.7422222222222222222222222222222222,0.0000078222784815643019951512618473508589,0.87882040163268479222285747251961754
1.7577777777777777777777777777777778,0.0000069982061245847752682463102928256825,0.88368587135122158794091745889493764
1.7733333333333333333333333333333333,0.0000062573448440745269508933996132030282,0.88841109297007658983032553375855959
1.7888888888888888888888888888888889,0.0000055916922046096166746011678056735086,0.89299735431861107984011315949725974
1.8044444444444444444444444444444444,0.0000049939724249009445227546506840728877,0.89744606973971002270755411751900735
1.82,0.0000044575748498568798166954977866355488,0.90175877382392627053867342545757445
1.8355555555555555555555555555555556,0.000003977086965529989657226625639797442,0.90593178885238524967745163620871815
1.8511111111111111111111111111111111,0.0000035458216538568923356572383581025125,0.90997769372943866924766130380738462
1.8666666666666666666666666666666667,0.0000031594976709474464531063662994260081,0.91389284608381739908488986432162848
1.8822222222222222222222222222222222,0.0000028136395154495092131600716805448371,0.91767919711405000075632216081763649
1.8977777777777777777777777777777778,0.0000025041944362554762746777694960062365,0.92133878592647659487936200381420423
1.9133333333333333333333333333333333,0.0000022274949520124125399874187578000075,0.92487373300729541003688612593256199
1.9288888888888888888888888888888889,0.0000019802244405481756466632701841857452,0.92828623372101799918721753317713763
1.9444444444444444444444444444444444,0.0000017593855719650721245450031604668105,0.93157855185362028280200663678316123
1.96,0.0000015622713734002048907556188518136146,0.93475301321789574327431669037434211
1.9755555555555555555555555555555556,0.0000013864387270306440079620057468832033,0.93781199933769080994909309621997596
1.9911111111111111111111111111111111,0.0000012298757035934736117134448054153526,0.94075419729824387713199749348637004
2.0066666666666666666666666666666667,0.0000010901920893749954587475867965067923,0.94358971095701376035749791943445934
2.0222222222222222222222222222222222,0.00000096581367048784035864478234476535648,0.94631716328524867289509191208727328
2.0377777777777777777777777777777778,0.00000085512993478800219614749322903743709,0.94893909756824092692706210413763777
2.0533333333333333333333333333333333,0.00000075669215851075186797878999996423338,0.95145808293541581319667212061021576
2.0688888888888888888888888888888889,0.00000066919801404371909475125144491895264,0.95387670881730768494957455738863939
2.0844444444444444444444444444444444,0.00000059147754870055415560941368800936304,0.95619757957235963475087966084290472
2.1,0.00000052248042217539089978770057194695105,0.95842330929263444737472691583455377
2.1155555555555555555555555555555556,0.00000046126429856649794400967524639162969,0.96055651679653127810666276495017457
2.1311111111111111111111111111111111,0.00000040705045608323710127872961654120864,0.96259723107368450807470337233009933
2.1466666666666666666666666666666667,0.00000035894201875472738074173128521832368,0.96455335702163411586877460341665932
2.1622222222222222222222222222222222,0.00000031633569772165489201660962315624147,0.96642479507458940866298102767719599
2.1777777777777777777777777777777778,0.00000027862487308973618968523799700933583,0.96821413687182345364606719707224221
2.1933333333333333333333333333333333,0.00000024526708602651416449967702663096139,0.96992395676759918145030213231250749
2.2088888888888888888888888888888889,0.00000021577757010106032272225545736296664,0.97155680806135663104811810538712259
2.2244444444444444444444444444444444,0.00000018972339881680515610287192358027796,0.97311521944482421682910996395888635
2.24,0.00000016671819458786480193095849802241781,0.97460169166677500094006092900438024
2.2555555555555555555555555555555556,0.00000014641734885441621921308299443262042,0.97601869441535061939988359681255804
2.2711111111111111111111111111111111,0.00000012851370716013648118216655491841046,0.97736866341711364743989898081779645
2.2866666666666666666666666666666667,0.0000001127528516636084333777454654007203,0.978652373596652044680719745794647
2.3022222222222222222222222222222222,0.000000098850603649501655183218858545427233,0.9798755123800045327657178572853375
2.3177777777777777777777777777777778,0.000000086612045858967626331572565560901865,0.98103869205498768343364516848742088
2.3333333333333333333333333333333333,0.000000075844551258127887445033841331842349,0.98214418781569422935108560920938784
2.3488888888888888888888888888888889,0.000000066376986351276998205630510981277424,0.98319422956535761121412303103532244
2.3644444444444444444444444444444444,0.00000005805741159419363849347828718285803,0.98419100026025045919696092343206896
2.38,0.000000050751016136254970626210726933639766,0.98513663444650443415339566479835412
2.3955555555555555555555555555555555,0.000000044338264360859405602090918391891085,0.98603321698440050475814436397645411
2.4111111111111111111111111111111111,0.00000003871323370944287782070129304720766,0.9868827819542974498374540247831577
2.4266666666666666666666666666666667,0.000000033782125126100052315224467333391301,0.98768731173802840072789855705229329
2.4422222222222222222222222222222222,0.000000029467162712005749856691386381710011,0.98844777703525658175250836828423844
2.4577777777777777777777777777777778,0.00000002568381332736506705645700616871797,0.98916802542590665314366073419792322
2.4733333333333333333333333333333333,0.000000022373157104912412523485363046069138,0.98984886656597862577540233981961011
2.4888888888888888888888888888888889,0.000000019477874696437707536067587228893915,0.99049207020494687521135850017548561
2.5044444444444444444444444444444444,0.000000016947370942398977561743161407224033,0.99109935219854605202130931052559613
2.52,0.000000014737014829188052261013627279937494,0.99167237449956451409101461687148317
2.5355555555555555555555555555555556,0.000000012807461789637682959249518236136645,0.99221274527491941545414882594745322
2.5511111111111111111111111111111111,0.000000011124049855530999527968612136688758,0.99272201914158543339330051658652265
2.5666666666666666666666666666666667,0.0000000096562619961275564629565861132666986,0.99320169751395228115132669269986817
2.5822222222222222222222222222222222,0.000000008377247727497103112671321477670444,0.99365322905521943400152657971644259
2.5977777777777777777777777777777778,0.0000000072647429641535593146300559679601709,0.9940774767086620550075744034637395
2.6133333333333333333333333333333333,0.000000006295136499832898411691672477656586,0.99447688446326660292648119018920498
2.6288888888888888888888888888888889,0.0000000054517520976833508736788190060050884,0.99485217914676650233613610947403236
2.6444444444444444444444444444444444,0.000000004718598726208237187875058360638406,0.99520460482204141921320186566411502
2.66,0.0000000040816516972971756768383181740050713,0.99553535636417430835886651337781217
2.6755555555555555555555555555555556,0.000000003528618750517857875619739270899284,0.99584558038595032758529058811430136
2.6911111111111111111111111111111111,0.000000003048732946600168495932315976102976,0.99613637621872133699091004424935763
2.7066666666666666666666666666666667,0.0000000026325694256493031091534832873471572,0.99640879694236470931600723768240733
2.7222222222222222222222222222222222,0.0000000022718833932960945690300177603546954,0.99666385045828305237072242921593982
2.7377777777777777777777777777777778,0.000000001959466975390752613954558078305629,0.99690250059962036604863852884695437
2.7533333333333333333333333333333333,0.0000000016893484480922712006833498234030976,0.99712538882703854610712636117260338
2.7688888888888888888888888888888889,0.0000000014553342592271880995252602454748252,0.99733397154630269198015480342950743
2.7844444444444444444444444444444444,0.0000000012530022105880289879973416689124497,0.99752878846516948808963525895114261
2.8,0.0000000010781680165220681425407982777274177,0.99771063885012493706253179894680025
2.8155555555555555555555555555555556,0.00000000092718528375867922773642585107745021,0.99788028382033958570907299375807155
2.8311111111111111111111111111111111,0.00000000079687838874627663263216217994309762,0.99803844757264496921150263188791527
2.8466666666666666666666666666666667,0.00000000068448345908266262944159024552143779,0.99818581860994599710514400989195599
2.8622222222222222222222222222222222,0.00000000058759651631471598242050332639488155,0.99832305096927715635102031840577024
2.8777777777777777777777777777777778,0.00000000050412794246863758299152196832604263,0.99845076544596821410673629546210253
2.8933333333333333333333333333333333,0.00000000043234881410913938766661311339928549,0.9985694024755083667686120233062493
2.9088888888888888888888888888888889,0.00000000037049865674113657730874071126796517,0.99867982717633223867399170783590845
2.9244444444444444444444444444444444,0.0000000003173103071973602028017453252066603,0.99878240838074008633457643041013203
2.94,0.00000000027159818034467898407708880217215298,0.99887764600761720512880561591345175
2.9555555555555555555555555555555556,0.0000000002323349931108041067181149945088538,0.99896601268899154960703215713017159
2.9711111111111111111111111111111111,0.00000000019863119205096429550272485649615772,0.99904795491058543627646702073138059
2.9866666666666666666666666666666667,0.00000000016971697591595849322904617182625968,0.99912389413057994527195579480606682
3.0022222222222222222222222222222222,0.00000000014492659658066014393932327544171132,0.99919422787493541657972795812195045
3.0177777777777777777777777777777778,0.00000000012368465890554929604139507962400429,0.99925933080781314703110157911898078
3.0333333333333333333333333333333333,0.00000000010549417312864987070957091887550798,0.99931955577583627409115313980659069
3.0488888888888888888888888888888889,8.9944777531819359186667877070187745e-11,0.99937516550579605212246800414522879
3.0644444444444444444444444444444444,7.6626430038079719737429737442661522e-11,0.99942661616110350756825595307396492
3.08,6.5241811771826590367020229237968575e-11,0.9994741261467235301374661388952874
3.0955555555555555555555555555555556,5.5516001062003424494846569965050685e-11,0.99951797094700652875802902707922983
3.1111111111111111111111111111111111,4.72122874684498535707314768827802e-11,0.99955840902468450179531940963364259
3.1266666666666666666666666666666667,4.0126989504621870459147931838596529e-11,0.99959568269134414294137859282517654
3.1422222222222222222222222222222222,3.4084956617156235779412918054761143e-11,0.99963001894752824656168485346902021
3.1577777777777777777777777777777778,2.8935667702122183965196065336639068e-11,0.99966163029241172470776687073543229
3.1733333333333333333333333333333333,2.4549849319341013708787018223886011e-11,0.99969071550310795506152443978576436
3.1888888888888888888888888888888889,2.0816546347163296074498949614788452e-11,0.99971746038376177256397293014580288
3.2044444444444444444444444444444444,1.7644376176593962440914530970367042e-11,0.99974200797828563759802835953720294
3.22,1.4943606740359918978294216052312836e-11,0.99976458378229594021014663686928115
3.2355555555555555555555555555555556,1.2648789695786694549883581477177055e-11,0.99978530568548513103230934772602548
3.2511111111111111111111111111111111,1.0700076919957291688335306333878243e-11,0.99980431451008949495151196941503879
3.2666666666666666666666666666666667,9.0462623766424183550346180148811339e-12,0.99982174140833133122089637517138
3.2822222222222222222222222222222222,7.6435617539110206722755009532711917e-12,0.99983770843813571911119741485787926
3.2977777777777777777777777777777778,6.4545603109553562604447901412997032e-12,0.99985232911185788228936261347079549
3.3133333333333333333333333333333333,5.4473063536075413364491829742304435e-12,0.99986570891869720986647229831243474
3.3288888888888888888888888888888889,4.5945307022226000820872274294205163e-12,0.99987794582150809356416963970912609
3.3444444444444444444444444444444444,3.8729750881869863366542095673509247e-12,0.99988913072874612107416091072459
3.36,3.2635405365219521903693920627471095e-12,0.99989933529920593950262462144605838
3.3755555555555555555555555555555556,2.7477750069728434438010982883530443e-12,0.99990866404326200825279338218290033
3.3911111111111111111111111111111111,2.3121575295716050339084376180799539e-12,0.99991717546319341110069614261120421
3.4066666666666666666666666666666667,1.944454263895340643015998049566529e-12,0.99992493650578703226268780616969128
3.4222222222222222222222222222222222,1.6342634823702930473127756627999263e-12,0.99993200907692825612588584385210335
3.4377777777777777777777777777777778,1.3727467411721166969115915468735554e-12,0.99993845038085067772324120007954865
3.4533333333333333333333333333333333,1.1523986394859649959155081795013081e-12,0.99994431324007702222739796687628593
3.4688888888888888888888888888888889,9.6684975840100414704528782992804687e-13,0.99994964639685228575919173006872803
3.4844444444444444444444444444444444,8.1069810936812313428225688705016523e-13,0.99995449479686225544079364857162672
3.5,6.79520869625428849570070514193804e-13,0.99995889985602023512510314116748779
3.5155555555555555555555555555555556,5.6910320639462991595179789862593075e-13,0.99996289477659407287967374504536653
3.5311111111111111111111111111111111,4.7634662132040276142689282257656237e-13,0.99996652497837765066730940310718845
3.5466666666666666666666666666666667,3.9847303793136831239985919037596547e-13,0.9999698172983134194831053814149679
3.5622222222222222222222222222222222,3.3313369296016410351126215011345632e-13,0.99997280139236191468740736022049626
3.5777777777777777777777777777777778,2.7834403338186253073480856092466339e-13,0.99997550449284436983607237520079538
3.5933333333333333333333333333333333,2.3242828824751536211406798559479718e-13,0.9999779515892684042131460060482045
3.6088888888888888888888888888888889,1.939723085477494247500506221812476e-13,0.99998016559725682837323746147354209
3.6244444444444444444444444444444444,1.6178346811826557035417809568173028e-13,0.99998216751622019196584603904651816
3.64,1.3485659072800207734045376904749975e-13,0.99998397657639162251064638312703694
3.6555555555555555555555555555555556,1.1237164097277479453441282012866319e-13,0.9999856083657736114002445702134891
3.6711111111111111111111111111111111,9.355828820972943144861503838455443e-14,0.99998708319422398981359944566574968
3.6866666666666666666666666666666667,7.7848699176670008753616924892852664e-14,0.99998841354445632970825285640683455
3.7022222222222222222222222222222222,6.4738700200747800147604039200403106e-14,0.99998961284955927521644681931996299
3.7177777777777777777777777777777778,5.3804684318642073835732768475127987e-14,0.99999069336899259007722568877323483
3.7333333333333333333333333333333333,4.4690958649854366549330661101889583e-14,0.99999166628352730398975222172127984
3.7488888888888888888888888888888889,3.7099042339525638455261722823877786e-14,0.99999254178324361742225021157359295
3.7644444444444444444444444444444444,3.0778620268493831013126988947714983e-14,0.99999332914902514872596805682545431
3.78,2.5519901342813633614758767420099591e-14,0.99999403682796667406240262213706853
3.7955555555555555555555555555555556,2.1147167484415464348883037264774075e-14,0.99999467250309155368675253858213645
3.8111111111111111111111111111111111,1.7517615792945091915176287645323791e-14,0.99999524245782284429038395509008454
3.8266666666666666666666666666666667,1.4498905188309663937165559809927979e-14,0.99999575450731644058750271281231875
3.8422222222222222222222222222222222,1.1993300626085834015512938293889414e-14,0.99999621363010527299387368452964282
3.8577777777777777777777777777777778,9.9148352671886554758280315806026958e-15,0.9999966250496955659041481991839667
3.8733333333333333333333333333333333,8.1917282186612632634836253753423275e-15,0.99999699350116574060700799771896513
3.8888888888888888888888888888888889,6.7640808932773112255445133428256797e-15,0.99999732327396363631116407690861134
3.9044444444444444444444444444444444,5.5819411406109009365710600051816226e-15,0.99999761825124791776788430085150658
3.92,4.6036774903521328724538319856286807e-15,0.99999788194602367027651951296228292
3.9355555555555555555555555555555556,3.7946147148342158274536796661788205e-15,0.99999811753430687218300856915028058
3.9511111111111111111111111111111111,3.1258894487301406362746907210434437e-15,0.99999832788553780219047562362773024
3.9666666666666666666666666666666667,2.5741402876360275500773367708054515e-15,0.99999851536092360866757106008136327
3.9822222222222222222222222222222222,2.1179937356467615352656464278453762e-15,0.99999868278195421502736590237037892
3.9977777777777777777777777777777778,1.7416472431873968104471462762167389e-15,0.99999883199931201124343801343789268
4.0133333333333333333333333333333333,1.4313266777295578116037557523990025e-15,0.99999896491244312191103646649701623
4.0288888888888888888888888888888889,1.1756021107335528261201460296255502e-15,0.99999908323175664474751434934186126
4.0444444444444444444444444444444444,9.6499474566384023753797749107727529e-16,0.9999991884964191233712733851984461
4.06,7.9164872908653249913089956353045429e-16,0.99999928209058369260883084655721283
4.0755555555555555555555555555555556,6.4905731153615625627058033177232684e-16,0.99999936525818017732956512547487604
4.0911111111111111111111111111111111,5.3183450483743866414535441101137497e-16,0.99999943911638338678507825192894127
4.1066666666666666666666666666666667,4.3552479964130051444808227248098624e-16,0.99999950466786834210716996792132725
4.1222222222222222222222222222222222,3.5653736517989321692795876667100072e-16,0.99999956274107151835704454932521393
4.1377777777777777777777777777777778,2.9162686635317107250189900407910702e-16,0.99999961429190802464561692349653394
4.1533333333333333333333333333333333,2.3839265204020436147168225457391087e-16,0.99999965996258795789481978662509366
4.1688888888888888888888888888888889,1.9476056775868447290278528566060064e-16,0.99999970039954312639120760486989328
4.1844444444444444444444444444444444,1.5902009613132994561879494842038432e-16,0.99999973618104986950504618590160206
4.2,1.2976147822080951435707231799924606e-16,0.99999976782407610978683581375750474
4.2155555555555555555555555555555556,1.0582355086593446371179883470949114e-16,0.99999979579047881294656658113964784
4.2311111111111111111111111111111111,8.6250501536817043137199422466126698e-17,0.99999982049260929448418866430728769
4.2466666666666666666666666666666667,7.0256039208295869350695065529981252e-17,0.99999984229837917659027880943143213
4.2622222222222222222222222222222222,5.7208991948431909754954941110422587e-17,0.99999986151244819371594748634714653
4.2777777777777777777777777777777778,4.6544896781126517704511241416366716e-17,0.99999987847667542485281245849633872
4.2933333333333333333333333333333333,3.7846221260915001975641718052936731e-17,0.99999989342488088479059510110576154
4.3088888888888888888888888888888889,3.0754993106209295537756231405742453e-17,0.99999990658874057801902569031578805
4.3244444444444444444444444444444444,2.4977638894051554461053494540392955e-17,0.99999991817429014852459882247566701
4.34,2.0273547613818605422140296258925718e-17,0.99999992836464350222308328614258732
4.3555555555555555555555555555555556,1.6445637824354413288603652438167519e-17,0.99999993732243719926355207212347552
4.3711111111111111111111111111111111,1.3332582368777545857134211909866618e-17,0.99999994519202667517965262550070853
4.3866666666666666666666666666666667,1.0802403473924335372526187662277928e-17,0.99999995210145805121148385076780828
4.4022222222222222222222222222222222,8.7472000765606425660198010594352332e-18,0.99999995816423717915035038404747242
4.4177777777777777777777777777777778,7.0807534897545772423320108765078627e-18,0.99999996347447181245695002692324152
4.4333333333333333333333333333333333,5.7268197689308233795375970239473706e-18,0.999999968134865791838922997339938
4.4488888888888888888888888888888889,4.6290305804175425363337671466673354e-18,0.99999997221683792691833103320558646
4.4644444444444444444444444444444445,3.7394614522098278425316982508000222e-18,0.99999997579003235226382701585582648
4.48,3.0190515648274732059053866220961177e-18,0.99999997891598552957721901574557506
4.4955555555555555555555555555555556,2.435984063570715618081477979692973e-18,0.99999998164903503352093739370042033
4.5111111111111111111111111111111111,1.9643586324202122332013932972030363e-18,0.9999999840371307882517443456763764
4.5266666666666666666666666666666667,1.5831042858476353824846618460739179e-18,0.99999998612255870891017888029047808
4.5422222222222222222222222222222222,1.2750894743907054223441652049181586e-18,0.99999998794258574664571096097434943
4.5577777777777777777777777777777778,1.0263941577564531502522452707835361e-18,0.99999998953003446505453275898592786
4.5733333333333333333333333333333333,8.2594778983618568249667366808078505e-19,0.99999999091212250106192184250595325
4.5888888888888888888888888888888889,6.6406583826788208294948450295844979e-19,0.99999999211782127569808200705421874
4.6044444444444444444444444444444445,5.3359531580048276192910117059824242e-19,0.99999999316755378837261072812312982
4.62,4.2850430229673465547550531492419577e-19,0.99999999408094680383427478235729049
4.6355555555555555555555555555555556,3.4390671678022822710032134860561232e-19,0.99999999487523102086004394714154052
4.6511111111111111111111111111111111,2.7584708978968361959210439125158878e-19,0.99999999556552389194285929677045925
4.6666666666666666666666666666666667,2.2112529037962620968990943042509601e-19,0.99999999616508030467511252242755906
4.6822222222222222222222222222222222,1.7715388121419540215030038435607203e-19,0.9999999966855146211879036077207826
4.6977777777777777777777777777777778,1.4184210149648403533614775822753061e-19,0.99999999713699721059645322964978123
4.7133333333333333333333333333333333,1.1350156690306769149360924040453441e-19,0.99999999752842828310450833426078065
4.7288888888888888888888888888888889,9.079598614362538001233890223968589e-20,0.9999999978671829884213070512120055
4.7444444444444444444444444444444444,7.2568486785732462303630925619673331e-20,0.99999999816093621255493922609650092
4.76,5.7965775883833973812441415096245476e-20,0.99999999841515924613017710677839831
4.7755555555555555555555555555555556,4.6274037423027121391858160798404644e-20,0.99999999863503956610708476079826941
4.7911111111111111111111111111111111,3.6918604159998192570692055025857063e-20,0.99999999882510232656952652569414828
4.8066666666666666666666666666666667,2.9437117134360800822368758912241622e-20,0.99999999898929240631509098500475692
4.8222222222222222222222222222222222,2.3457805926294620385989056524461206e-20,0.99999999913104662863402605678890801
4.8377777777777777777777777777777778,1.8681923820688855907493567629779869e-20,0.9999999992533572866070363676593345
4.8533333333333333333333333333333333,1.4869552042783154144786330006584904e-20,0.99999999935882798214140214448876657
4.8688888888888888888888888888888889,1.1828134104714883144914824842480867e-20,0.99999999944972267497320613981577074
4.8844444444444444444444444444444444,9.4060196120749375509788835949841312e-21,0.99999999952791472454552158742803212
4.9,7.4732353292697409620165811327605531e-21,0.99999999959531382492198136154451189
4.9155555555555555555555555555555556,5.9340808640129547442622843844343169e-21,0.99999999965329390091779946962453515
4.9311111111111111111111111111111111,4.7091255765118972027808672092455396e-21,0.9999999997031413191427106361549895
4.9466666666666666666666666666666667,3.734814868781796648915762911196141e-21,0.99999999974597109165588445408192074
4.9622222222222222222222222222222222,2.9603282420054847316426497300849927e-21,0.99999999978274908878689542678852566
4.9777777777777777777777777777777778,2.3450528022563836632942806549521168e-21,0.9999999998143114575950312141503324
4.9933333333333333333333333333333333,1.8565529410684987511635195699272248e-21,0.99999999984138158593487795907049317
5.0088888888888888888888888888888889,1.4689397765589630679115347724479726e-21,0.99999999986458491226989464875013689
5.0244444444444444444444444444444444,1.1619162155878100651956295812172643e-21,0.99999999988443804191176060566807355
5.04,9.1823880317632720206942831586707309e-22,0.99999999990145865875369043634240087
5.0555555555555555555555555555555556,7.2523435765202326415321274831344152e-22,0.99999999991602173732752360668349575
5.0711111111111111111111111111111111,5.7245715311988316493355119891251248e-22,0.99999999992847463154599251283466485
5.0866666666666666666666666666666667,4.5159536512324706927721083677489268e-22,0.99999999993911671386679304981642646
5.1022222222222222222222222222222222,3.560392072755150630372930121553155e-22,0.99999999994820584015833151738553557
5.1177777777777777777777777777777778,2.8053562585724280457217306593333219e-22,0.99999999995596396690555486188866888
5.1333333333333333333333333333333333,2.2091237736859017439102146768146552e-22,0.99999999996258202860894003469141604
5.1488888888888888888888888888888889,1.7385768646188503746472260129186221e-22,0.99999999996822416995987331554248533
5.1644444444444444444444444444444444,1.3674439908818066469100668868385373e-22,0.999999999973031415677509465139341
5.18,1.0752329692619357225897242533102083e-22,0.99999999997711996345808635142635814
5.1955555555555555555555555555555556,8.446992754849227395647339462068379e-23,0.99999999998060421577560321555937847
5.2111111111111111111111111111111111,6.631983380314555048140450869233036e-23,0.99999999998356754511415207392692728
5.2266666666666666666666666666666667,5.2038704711936660396809336436958014e-23,0.99999999998608632057066047488515196
5.2422222222222222222222222222222222,4.0808558101982414232433274527634412e-23,0.99999999998822594818134654783223756
5.2577777777777777777777777777777778,3.1982891532271187438359347522091257e-23,0.99999999999004240945451400947728087
5.2733333333333333333333333333333333,2.5051046986375095558783432496615236e-23,0.99999999999158358923107227029572553
5.2888888888888888888888888888888889,1.9609914231956726545662993490301025e-23,0.99999999999289042095525427542282412
5.3044444444444444444444444444444444,1.5341475635060527942216547992105857e-23,0.99999999999399787380408693914851335
5.32,1.1994997719482323192067104542285892e-23,0.99999999999493580294514860817563182
5.3355555555555555555555555555555556,9.3759156315488374872742540821246808e-24,0.99999999999572873652114796225742138
5.3511111111111111111111111111111111,7.322006732897403122961070617981226e-24,0.9999999999964004306231944676909066
5.3666666666666666666666666666666667,5.7146285636320124544591387533204998e-24,0.99999999999696828147793845523254036
5.3822222222222222222222222222222222,4.4574581159001679557810249760705537e-24,0.99999999999744805496164841608865565
5.3977777777777777777777777777777778,3.4747841052245700715138657753297661e-24,0.9999999999978531691073533123346791
5.4133333333333333333333333333333333,2.707132812511739933224028576836845e-24,0.99999999999819503658159743775940264
5.4288888888888888888888888888888889,2.107814276740795785792106742939178e-24,0.99999999999848335830647467884848651
5.4444444444444444444444444444444444,1.6401968983664807027966311276792372e-24,0.99999999999872637502952669360869007
5.46,1.2755581773822549830967246263120413e-24,0.99999999999893108272162187971496199
5.4755555555555555555555555555555556,9.9139085505283582416374830317168583e-25,0.99999999999910341688195478545911181
5.4911111111111111111111111111111111,7.7032113686315921479128970501945728e-25,0.99999999999924823809139132160567761
5.5066666666666666666666666666666667,5.979932443271803876191696041789631e-25,0.99999999999937018227964485010082719
5.5222222222222222222222222222222222,4.6393766571261573688434660126267961e-25,0.9999999999994726568914308212242354
5.5377777777777777777777777777777778,3.5971710271351141406346603850482398e-25,0.99999999999955871873897954697923988
5.5533333333333333333333333333333333,2.7874020267932845523658325148201006e-25,0.99999999999963095317018259385615587
5.5688888888888888888888888888888889,2.158608462631573565598874895136777e-25,0.99999999999969154541721333338122836
5.5844444444444444444444444444444444,1.6706372099147974505864556425336989e-25,0.99999999999974234136500687334614889
5.6,1.2921775488446674126073353529555848e-25,0.99999999999978489927451205630695289
5.6155555555555555555555555555555556,9.988288519610801454580117379726136e-26,0.99999999999982053377817862426900317
5.6311111111111111111111111111111111,7.7184555766882653592880976590294705e-26,0.99999999999985031799327727416617631
5.6466666666666666666666666666666667,5.9586079025666842631202242258539604e-26,0.9999999999998752622129450230625771
5.6622222222222222222222222222222222,4.5969826102950685910859293332573285e-26,0.99999999999989611088096407038396035
5.6777777777777777777777777777777778,3.5441014613543055176184632347907963e-26,0.99999999999991352597862700932700263
5.6933333333333333333333333333333333,2.7304464592015527284005961888348851e-26,0.99999999999992806424840121307064159
5.7088888888888888888888888888888889,2.1020402662068896837906789781750519e-26,0.99999999999994019363228635849580779
5.7244444444444444444444444444444444,1.6169977335482749988939844041646767e-26,0.99999999999995030719025390559764845
5.74,1.2428368366153412526577603298094299e-26,0.99999999999995873487736577052315725
5.7555555555555555555555555555555556,9.5438309137027659634302653572052109e-27,0.99999999999996575350250802771091793
5.7711111111111111111111111111111111,7.3213748978854350951058869570057594e-27,0.99999999999997159514400723646659956
5.7866666666666666666666666666666667,5.612001756822425894141679449071939e-27,0.99999999999997644852470896441841596
5.8022222222222222222222222222222222,4.2946179576197055622550018087122228e-27,0.99999999999998048890587685013456686
5.8177777777777777777777777777777778,3.2814363988112125825703602693591563e-27,0.99999999999998384568801385722347864
5.8333333333333333333333333333333333,2.5026803338119067234863918095766897e-27,0.99999999999998663285623409187027488
5.8488888888888888888888888888888889,1.9044687504085988260840172820942657e-27,0.99999999999998894567933373740038874
5.8644444444444444444444444444444444,1.4452206123459267057657195829635542e-27,0.99999999999999086373346588228448035
5.88,1.0928666184527972149801816485683599e-27,0.99999999999999245344568439228226225
5.8955555555555555555555555555555555,8.2268847938583610261305155176796873e-28,0.99999999999999377023220861303719828
5.9111111111111111111111111111111111,6.1564553702741194967443931890902443e-28,0.99999999999999486029481881705074193
5.9266666666666666666666666666666667,4.5707961112230483683832089370093218e-28,0.99999999999999576212906276789011282
5.9422222222222222222222222222222222,3.3585031704729161623608803699550977e-28,0.99999999999999650691280739079014027
5.9577777777777777777777777777777778,2.4297991010862565511870634422537122e-28,0.99999999999999712322731161003149666
5.9733333333333333333333333333333333,1.7198211451137922239176001886445562e-28,0.99999999999999763220135096479224932
5.9888888888888888888888888888888889,1.1773812036316462058948219842608132e-28,0.99999999999999805227755711373027638
6.0044444444444444444444444444444444,7.6319288051837020931382995839582524e-29,0.99999999999999839877476830181235281
6.02,4.4712269485697508174377175979317823e-29,0.99999999999999868440923593139592038
6.0355555555555555555555555555555556,2.0607169194368612288914151394738764e-29,0.99999999999999891973023893376094193
6.0511111111111111111111111111111111,2.234404362118050748463235603028533e-30,0.99999999999999911348392684438874692
6.0666666666666666666666666666666667,-1.176085139956673389023612620836877e-29,0.99999999999999927291702048530738725
6.0822222222222222222222222222222222,-2.2415257910710914774745152604130832e-29,0.99999999999999940403014819389460651
6.0977777777777777777777777777777778,-3.0512413402285867745317060273192041e-29,0.99999999999999951166270341974566356
6.1133333333333333333333333333333333,-3.6678602652660714223066692435082723e-29,0.99999999999999960019670071746341603
6.1288888888888888888888888888888889,-4.1364716036756491729314783083628921e-29,0.99999999999999967287349146732646036
6.1444444444444444444444444444444444,-4.4924106830230697535771950960595253e-29,0.99999999999999973249742428742708669
6.16,-4.76263586874761956075035924956641e-29,0.9999999999999997813834469780712405
6.1755555555555555555555555555555556,-4.9677055937275599041007311905399709e-29,0.99999999999999982144133054764755539
6.1911111111111111111111111111111111,-5.1232905230292324282386994117718264e-29,0.99999999999999985424561005331940567
6.2066666666666666666666666666666667,-5.2413332061205153682745043190636983e-29,0.99999999999999988109362717277471804
6.2222222222222222222222222222222222,-5.3309350525984554363799573352096238e-29,0.99999999999999990305366770289280245
6.2377777777777777777777777777777778,-5.3990370462741496232057117457154545e-29,0.99999999999999992100485868387181442
6.2533333333333333333333333333333333,-5.4508794269406116567004039050966831e-29,0.99999999999999993565307493488300859
6.2688888888888888888888888888888889,-5.4906508994458102399892792585056396e-29,0.9999999999999999476300016366759693
6.2844444444444444444444444444444444,-5.5213996569987722599658516641567797e-29,0.9999999999999999574029023335374631
6.3,-5.5455539852831693128057200953330259e-29,0.99999999999999996537258059007899751
6.3155555555555555555555555555555556,-5.5650308898902771915551800313291727e-29,0.99999999999999997186785196274701521
6.3311111111111111111111111111111111,-5.5813845483250468819983173212204353e-29,0.99999999999999997715830691992411508
6.3466666666666666666666666666666667,-5.5959252300675998501950393490629747e-29,0.9999999999999999814648416157595014
6.3622222222222222222222222222222222,-5.6098226577914958462216507248976153e-29,0.99999999999999998496834134756356908
6.3777777777777777777777777777777778,-5.6241957304965424677317615224722583e-29,0.99999999999999998781683617699516125
6.3933333333333333333333333333333333,-5.6401783558944186113458835603629121e-29,0.99999999999999999012869624680256325
6.4088888888888888888888888888888889,-5.6590940936043761399064893171610274e-29,0.99999999999999999200877929394711856
6.4244444444444444444444444444444444,-5.6824335198340204485097584854827367e-29,0.99999999999999999353461700546616948
6.44,-5.7120508805312369282719360937791119e-29,0.99999999999999999477221291199292199
6.4555555555555555555555555555555556,-5.7502865802465353503322378646208164e-29,0.99999999999999999577541538209815726
6.4711111111111111111111111111111111,-5.8001471761790364761606454035741574e-29,0.99999999999999999658812898746435511
6.4866666666666666666666666666666667,-5.8655338707683848938037051622091911e-29,0.99999999999999999724612865828375629
6.5022222222222222222222222222222222,-5.9515381884907887511505578462758767e-29,0.99999999999999999777854702801902842
6.5177777777777777777777777777777778,-6.0648267128090551889897215672352358e-29,0.9999999999999999982090930639426269
6.5333333333333333333333333333333333,-6.2141399847829889329840739015455341e-29,0.99999999999999999855704989543692755
6.5488888888888888888888888888888889,-6.4106552371161690351500608833829378e-29,0.99999999999999999883776479990364442
6.5644444444444444444444444444444444,-6.6699127355233588975113807716418864e-29,0.99999999999999999906468606405530825
6.58,-7.0114276986745371004565282353172208e-29,0.99999999999999999924774837096697232
6.5955555555555555555555555555555556,-7.4610840325731152794176716017140676e-29,0.99999999999999999939534005100996786
6.6111111111111111111111111111111111,-8.052810138812357394387763246630034e-29,0.99999999999999999951426255105350769
6.6266666666666666666666666666666667,-8.8310567485214328363368869578519106e-29,0.99999999999999999961002723805406634
6.6422222222222222222222222222222222,-9.8540254175999498398528940700551524e-29,0.9999999999999999996870973456511244
6.6577777777777777777777777777777778,-1.1197879565958589809729300315950416e-28,0.99999999999999999974908507752417468
6.6733333333333333333333333333333333,-1.2962227820123320255371157687233579e-28,0.99999999999999999979891207698857575
6.6888888888888888888888888888888889,-1.5277261967581892967229692993460715e-28,0.99999999999999999983893998870339521
6.7044444444444444444444444444444444,-1.8308557689818534448852302277690946e-28,0.99999999999999999987103939725148003
6.72,-2.2285707310135004035471453683559457e-28,0.99999999999999999989683234562836232
6.7355555555555555555555555555555556,-2.7494833192381619230384335401020528e-28,0.99999999999999999991751551799142286
6.7511111111111111111111111111111111,-3.431346453139276308650723721878337e-28,0.99999999999999999993409124257991098
6.7666666666666666666666666666666667,-4.3233547748943778550127039179527177e-28,0.99999999999999999994736723824582155
6.7822222222222222222222222222222222,-5.4895731206489876269394429407242943e-28,0.99999999999999999995799399868999085
6.7977777777777777777777777777777778,-7.0133803273870156927612952055790283e-28,0.99999999999999999996649507447573103
6.8133333333333333333333333333333333,-9.0032260030441391680667661709582333e-28,0.99999999999999999997329158656879619
6.8288888888888888888888888888888889,-1.1600083248618992960010139724066057e-27,0.99999999999999999997872205769468688
6.8444444444444444444444444444444444,-1.4987088672463896016850173332526203e-27,0.99999999999999999998305844568073485
6.86,-1.9395502023451712359439768703502058e-27,0.99999999999999999998651510213718488
6.8755555555555555555555555555555556,-2.5144876600167744160640269049380427e-27,0.99999999999999999998927602591526852
6.8911111111111111111111111111111111,-3.2630128646130488765968976854301507e-27,0.99999999999999999999147673686786579
6.9066666666666666666666666666666667,-4.2369511542952793333814248391904439e-27,0.99999999999999999999322985346553087
6.9222222222222222222222222222222222,-5.5034233771481585715222130404054306e-27,0.99999999999999999999462557187484197
6.9377777777777777777777777777777778,-7.1493069479125704814259137426423344e-27,0.99999999999999999999573608583130458
6.9533333333333333333333333333333333,-9.2869823368492176185544139217978347e-27,0.99999999999999999999661914426746604
6.9688888888888888888888888888888889,-1.2061730749938091756547492329860936e-26,0.99999999999999999999732091309907517
6.9844444444444444444444444444444444,-1.5661251455178112723463105438381068e-26,0.99999999999999999999787827581785156
7.0,-2.03210373315600347738596230608589e-26,0.99999999999999999999832068177393962
