zeta,trade_off_alpha,trade_off_beta
-7.0,0.99999999999999999999832068177393961,-2.0321037332312351158385887065958891e-26
-6.9844444444444444444444444444444444,0.99999999999999999999787827581785154,-1.5661251456118508204120935444756057e-26
-6.9688888888888888888888888888888889,0.99999999999999999999732091309907516,-1.2061730750596368593007973334323429e-26
-6.9533333333333333333333333333333333,0.99999999999999999999661914426746602,-9.2869823375074944550148949262603272e-27
-6.9377777777777777777777777777777778,0.99999999999999999999573608583130456,-7.1493069482417088996561542448735807e-27
-6.9222222222222222222222222222222222,0.99999999999999999999462557187484196,-5.5034233776183563118511280435929252e-27
-6.9066666666666666666666666666666667,0.99999999999999999999322985346553085,-4.2369511545303782035458823407841912e-27
-6.8911111111111111111111111111111111,0.99999999999999999999147673686786578,-3.263012864942187294827138187661397e-27
-6.8755555555555555555555555555555556,0.9999999999999999999892760259152685,-2.51448766025187328622848440653179e-27
-6.86,0.99999999999999999998651510213718486,-1.9395502024862305580426513713064541e-27
-6.8444444444444444444444444444444444,0.99999999999999999998305844568073484,-1.4987088671523500536192343326151214e-27
-6.8288888888888888888888888888888889,0.99999999999999999997872205769468686,-1.1600083245327608777707734701753595e-27
-6.8133333333333333333333333333333333,0.99999999999999999997329158656879617,-9.0032260016335459470800211613957494e-28
-6.7977777777777777777777777777777778,0.99999999999999999996649507447573101,-7.0133803264466202121034651992040391e-28
-6.7822222222222222222222222222222222,0.99999999999999999995799399868999083,-5.4895731182979989252948679247868213e-28
-6.7666666666666666666666666666666667,0.99999999999999999994736723824582153,-4.3233547725433891533681289020152446e-28
-6.7511111111111111111111111111111111,0.99999999999999999993409124257991096,-3.431346450788287607006148705940864e-28
-6.7355555555555555555555555555555556,0.99999999999999999991751551799142284,-2.7494833150063822600781985114146013e-28
-6.72,0.9999999999999999998968323456283623,-2.2285707258413252599290803332935049e-28
-6.7044444444444444444444444444444444,0.99999999999999999987103939725148001,-1.8308557619288873399515051799566754e-28
-6.6888888888888888888888888888888889,0.99999999999999999983893998870339519,-1.5277261901754209321181592547211469e-28
-6.6733333333333333333333333333333333,0.99999999999999999979891207698857573,-1.296222775899761401261220727285928e-28
-6.6577777777777777777777777777777778,0.99999999999999999974908507752417466,-1.1197879490726951357102899805951278e-28
-6.6422222222222222222222222222222222,0.99999999999999999968709734565112438,-9.8540253517722661938047936238059063e-29
-6.6266666666666666666666666666666667,0.99999999999999999961002723805406632,-8.8310566826937491902887865116026645e-29
-6.6111111111111111111111111111111111,0.99999999999999999951426255105350767,-8.0528100682826963450505127685058418e-29
-6.5955555555555555555555555555555556,0.99999999999999999939534005100996783,-7.4610839761493864399478712192147138e-29
-6.58,0.9999999999999999992477483709669723,-7.0114276281448760511192777571930285e-29
-6.5644444444444444444444444444444444,0.99999999999999999906468606405530823,-6.6699126696956752514632803253926403e-29
-6.5488888888888888888888888888888889,0.9999999999999999988377647999036444,-6.4106551712884853891019604371336917e-29
-6.5333333333333333333333333333333333,0.99999999999999999855704989543692752,-6.2141399283592600935142735190461803e-29
-6.5177777777777777777777777777777778,0.99999999999999999820909306394262688,-6.0648266610873037528090712166108281e-29
-6.5022222222222222222222222222222222,0.9999999999999999977785470280190284,-5.951538134418048613325332479713996e-29
-6.4866666666666666666666666666666667,0.99999999999999999724612865828375626,-5.8655338237486108609122048434597296e-29
-6.4711111111111111111111111111111111,0.99999999999999999658812898746435509,-5.8001471315102511449137201007621689e-29
-6.4555555555555555555555555555555556,0.99999999999999999577541538209815724,-5.7502865261737952125070124980589357e-29
-6.44,0.99999999999999999477221291199292196,-5.7120508311604741937358607590921773e-29
-6.4244444444444444444444444444444444,0.99999999999999999353461700546616945,-5.6824334751652351172628331826707483e-29
-6.4088888888888888888888888888888889,0.99999999999999999200877929394711853,-5.6590940559885569135932890621614583e-29
-6.3933333333333333333333333333333333,0.99999999999999999012869624680256323,-5.640178320629588086677258321300816e-29
-6.3777777777777777777777777777777778,0.99999999999999998781683617699516122,-5.6241956999336893463522863152851084e-29
-6.3622222222222222222222222222222222,0.99999999999999998496834134756356905,-5.6098226248776540231976005017729923e-29
-6.3466666666666666666666666666666667,0.99999999999999998146484161575950137,-5.595925208908701535393864205625717e-29
-6.3311111111111111111111111111111111,0.99999999999999997715830691992411505,-5.5813845177621937606188421140332854e-29
-6.3155555555555555555555555555555556,0.99999999999999997186785196274701518,-5.565030866380390175109429871954442e-29
-6.3,0.99999999999999996537258059007899748,-5.5455539664752596996491199678332414e-29
-6.2844444444444444444444444444444444,0.99999999999999995740290233353746307,-5.5213996428928400500984015685319412e-29
-6.2688888888888888888888888888888889,0.99999999999999994763000163667596927,-5.4906508841643836792995416549120646e-29
-6.2533333333333333333333333333333333,0.99999999999999993565307493488300856,-5.4508794140101737976552413174405812e-29
-6.2377777777777777777777777777777778,0.99999999999999992100485868387181439,-5.3990370380456891674496991899342988e-29
-6.2222222222222222222222222222222222,0.99999999999999990305366770289280242,-5.3309350467209836822685197953659411e-29
-6.2066666666666666666666666666666667,0.99999999999999988109362717277471801,-5.2413332061205153682745043190636983e-29
-6.1911111111111111111111111111111111,0.99999999999999985424561005331940564,-5.1232905195027493757718368878656168e-29
-6.1755555555555555555555555555555556,0.99999999999999982144133054764755536,-4.9677055902010768516338686666337613e-29
-6.16,0.99999999999999978138344697807124047,-4.7626358663966308591057842336289369e-29
-6.1444444444444444444444444444444444,0.99999999999999973249742428742708666,-4.4924106841985641043994826040282619e-29
-6.1288888888888888888888888888888889,0.99999999999999967287349146732646033,-4.1364716048511435237537658163316287e-29
-6.1133333333333333333333333333333333,0.999999999999999600196700717463416,-3.6678602682048072993623880134301137e-29
-6.0977777777777777777777777777777778,0.99999999999999951166270341974566353,-3.0512413425795754761762810432566772e-29
-6.0822222222222222222222222222222222,0.99999999999999940403014819389460648,-2.241525792834333003707946522366188e-29
-6.0666666666666666666666666666666667,0.99999999999999927291702048530738723,-1.1760851409852309459931141903095215e-29
-6.0511111111111111111111111111111111,0.99999999999999911348392684438874689,2.234404364322102656255024680469914e-30
-6.0355555555555555555555555555555556,0.99999999999999891973023893376094191,2.0607169212001027551248464014269812e-29
-6.02,0.99999999999999868440923593139592035,4.4712269523901074576101519988301761e-29
-6.0044444444444444444444444444444444,0.99999999999999839877476830181235278,7.6319288113550474349553090007941192e-29
-5.9888888888888888888888888888888889,0.99999999999999805227755711373027635,1.1773812046308164040937663660342393e-28
-5.9733333333333333333333333333333333,0.99999999999999763220135096479224929,1.7198211464656107273632308228086032e-28
-5.9577777777777777777777777777777778,0.99999999999999712322731161003149664,2.4297991029082727949616090796052538e-28
-5.9422222222222222222222222222222222,0.99999999999999650691280739079014025,3.3585031723537071236765403827050761e-28
-5.9266666666666666666666666666666667,0.99999999999999576212906276789011279,4.5707961139266853752744702053374158e-28
-5.9111111111111111111111111111111111,0.99999999999999486029481881705074191,6.1564553735655036790467982114027066e-28
-5.8955555555555555555555555555555556,0.99999999999999377023220861303719826,8.2268847978550418189262930447733915e-28
-5.88,0.99999999999999245344568439228226223,1.0928666189112400118008737766761671e-27
-5.8644444444444444444444444444444444,0.99999999999999086373346588228448033,1.4452206128631442201275260864697983e-27
-5.8488888888888888888888888888888889,0.99999999999998894567933373740038872,1.904468750996346001495161036078634e-27
-5.8333333333333333333333333333333333,0.99999999999998663285623409187027487,2.5026803345172033339797643143579316e-27
-5.8177777777777777777777777777777778,0.99999999999998384568801385722347863,3.2814363996105487411295157747778971e-27
-5.8022222222222222222222222222222222,0.99999999999998048890587685013456686,4.2946179585365911558963860649278373e-27
-5.7866666666666666666666666666666667,0.99999999999997644852470896441841596,5.6120017577628213747995094554469282e-27
-5.7711111111111111111111111111111111,0.99999999999997159514400723646659957,7.3213748989903997848788372144963717e-27
-5.7555555555555555555555555555555556,0.99999999999996575350250802771091794,9.5438309149252800882854443654926969e-27
-5.74,0.99999999999995873487736577052315727,1.2428368367540495860547902557497408e-26
-5.7244444444444444444444444444444444,0.99999999999995030719025390559764847,1.6169977336916853096943034801368626e-26
-5.7088888888888888888888888888888889,0.99999999999994019363228635849580783,2.1020402663691079042041546542747376e-26
-5.6933333333333333333333333333333333,0.99999999999992806424840121307064163,2.7304464593778768810239393150301956e-26
-5.6777777777777777777777777777777778,0.99999999999991352597862700932700268,3.5441014615376826363467400860339192e-26
-5.6622222222222222222222222222222222,0.99999999999989611088096407038396041,4.596982610506657574233941084691701e-26
-5.6466666666666666666666666666666667,0.99999999999987526221294502306257718,5.9586079027923791784781034273839579e-26
-5.6311111111111111111111111111111111,0.99999999999985031799327727416617641,7.7184555769421721390657117607507176e-26
-5.6155555555555555555555555555555556,0.99999999999982053377817862426900329,9.9882885198670592230593760564633206e-26
-5.6,0.99999999999978489927451205630695302,1.2921775488721739804165768806420533e-25
-5.5844444444444444444444444444444444,0.99999999999974234136500687334614904,1.670637209944419908227177287734511e-25
-5.5688888888888888888888888888888889,0.99999999999969154541721333338122853,2.1586084626630768142009122003503392e-25
-5.5533333333333333333333333333333333,0.99999999999963095317018259385615607,2.7874020268271387896695143950496002e-25
-5.5377777777777777777777777777777778,0.9999999999995587187389795469792401,3.5971710271717895643803157552968644e-25
-5.5222222222222222222222222222222222,0.99999999999947265689143082122423564,4.6393766571647135835504370428881706e-25
-5.5066666666666666666666666666666667,0.99999999999937018227964485010082745,5.9799324433122408818599827320637555e-25
-5.4911111111111111111111111111111111,0.99999999999924823809139132160567789,7.7032113686743801422828283154846348e-25
-5.4755555555555555555555555555555556,0.9999999999991034168819547854591121,9.9139085505734972247090588720228577e-25
-5.46,0.9999999999989310827216218797149623,1.27555817738719205937017823384551e-24
-5.4444444444444444444444444444444444,0.99999999999872637502952669360869037,1.6401968983714177790700847352127059e-24
-5.4288888888888888888888888888888889,0.99999999999848335830647467884848679,2.1078142767461560400318563739755155e-24
-5.4133333333333333333333333333333333,0.99999999999819503658159743775940289,2.70713281251719422701184399087382e-24
-5.3977777777777777777777777777777778,0.99999999999785316910735331233467929,3.4747841052303535037199114298689723e-24
-5.3822222222222222222222222222222222,0.99999999999744805496164841608865575,4.4574581159061864868572350881113536e-24
-5.3666666666666666666666666666666667,0.99999999999696828147793845523254032,5.7146285636385011832756777803644873e-24
-5.3511111111111111111111111111111111,0.99999999999640043062319446769090638,7.3220067329040329110997083195261697e-24
-5.3355555555555555555555555555555556,0.99999999999572873652114796225742091,9.3759156315558434336051549156721745e-24
-5.32,0.99999999999493580294514860817563102,1.1994997719489705296590268507835936e-23
-5.3044444444444444444444444444444444,0.99999999999399787380408693914851211,1.5341475635068098125835843523657176e-23
-5.2888888888888888888888888888888889,0.9999999999928904209552542754228223,1.9609914231964625867700519262354575e-23
-5.2733333333333333333333333333333333,0.99999999999158358923107227029572299,2.5051046986383324019239188509171017e-23
-5.2577777777777777777777777777777778,0.99999999999004240945451400947727741,3.1982891532279745037233333775149269e-23
-5.2422222222222222222222222222222222,0.99999999998822594818134654783223294,4.0808558101991112890629359455193381e-23
-5.2266666666666666666666666666666667,0.9999999999860863205706604748851459,5.2038704711946017331841881845521445e-23
-5.2111111111111111111111111111111111,0.99999999998356754511415207392691943,6.6319833803155283574629317232896341e-23
-5.1955555555555555555555555555555556,0.99999999998060421577560321555936841,8.4469927548502148109020301835750727e-23
-5.18,0.99999999997711996345808635142634538,1.0752329692620368151038949700358936e-22
-5.1644444444444444444444444444444444,0.99999999997303141567750946513932496,1.3674439908819124414016408927142544e-22
-5.1488888888888888888888888888888889,0.99999999996822416995987331554246528,1.7385768646189599307207226501143648e-22
-5.1333333333333333333333333333333333,0.99999999996258202860894003469139117,2.2091237736860145913678936164154202e-22
-5.1177777777777777777777777777777778,0.99999999995596396690555486188863819,2.8053562585725455951568128880841188e-22
-5.1022222222222222222222222222222222,0.99999999994820584015833151738549792,3.5603920727552719413899349816239773e-22
-5.0866666666666666666666666666666667,0.99999999993911671386679304981638049,4.5159536512325938845800745434797619e-22
-5.0711111111111111111111111111111111,0.99999999992847463154599251283460899,5.7245715311989567219344394805159727e-22
-5.0555555555555555555555555555555556,0.99999999991602173732752360668342816,7.2523435765203633565039389215053013e-22
-5.04,0.99999999990145865875369043634231943,9.1823880317634064972480172283616425e-22
-5.0244444444444444444444444444444444,0.9999999998844380419117606056679758,1.161916215587823889009195251318358e-21
-5.0088888888888888888888888888888889,0.99999999986458491226989464875002004,1.4689397765589773619228407714640695e-21
-4.9933333333333333333333333333333333,0.99999999984138158593487795907035396,1.8565529410685136094121139636413256e-21
-4.9777777777777777777777777777777778,0.99999999981431145759503121415016714,2.3450528022563987096219711802322188e-21
-4.9622222222222222222222222222222222,0.99999999978274908878689542678833014,2.9603282420055000600889844527140966e-21
-4.9466666666666666666666666666666667,0.9999999997459710916558844540816902,3.7348148687818122594807418311742469e-21
-4.9311111111111111111111111111111111,0.99999999970314131914271063615471857,4.7091255765119134716226825897046499e-21
-4.9155555555555555555555555555555556,0.9999999996532939009177994696242178,5.9340808640129713892622920280254297e-21
-4.9,0.99999999959531382492198136154414137,7.4732353292697577010561368421346666e-21
-4.8844444444444444444444444444444444,0.99999999952791472454552158742760094,9.4060196120749550423348238306222498e-21
-4.8688888888888888888888888888888889,0.9999999994497226749732061398152707,1.1828134104714900918389409275467988e-20
-4.8533333333333333333333333333333333,0.99999999935882798214140214448818847,1.4869552042783172482498202834270028e-20
-4.8377777777777777777777777777777778,0.99999999925335728660703636765866839,1.8681923820688874433284536589030994e-20
-4.8222222222222222222222222222222222,0.99999999913104662863402605678814309,2.3457805926294639381977765812627334e-20
-4.8066666666666666666666666666666667,0.99999999898929240631509098500388158,2.9437117134360820100476112397756753e-20
-4.7911111111111111111111111111111111,0.99999999882510232656952652569315016,3.6918604159998212601115793037636199e-20
-4.7755555555555555555555555555555556,0.9999999986350395661070847607971355,4.627403742302714151632144687596678e-20
-4.76,0.9999999984151592461301771067771151,5.7965775883833994219023345371156614e-20
-4.7444444444444444444444444444444444,0.99999999816093621255493922609505457,7.256848678573248280425240396036747e-20
-4.7288888888888888888888888888888889,0.99999999786718298842130705121038219,9.0795986143625401077197668975078033e-20
-4.7133333333333333333333333333333333,0.99999999752842828310450833425896718,1.1350156690306771293462619940305855e-19
-4.6977777777777777777777777777777778,0.99999999713699721059645322964776475,1.4184210149648405705928336142340376e-19
-4.6822222222222222222222222222222222,0.99999999668551462118790360771855201,1.7715388121419542424959417981507718e-19
-4.6666666666666666666666666666666667,0.99999999616508030467511252242510553,2.2112529037962623207132187008145016e-19
-4.6511111111111111111111111111111111,0.99999999556552389194285929676777723,2.7584708978968364225563547510529193e-19
-4.6355555555555555555555555555555556,0.99999999487523102086004394713862894,3.4390671678022825023405017278823048e-19
-4.62,0.99999999408094680383427478235415424,4.2850430229673467898539233136994593e-19
-4.6044444444444444444444444444444444,0.99999999316755378837261072811978156,5.3359531580048278572110683124134159e-19
-4.5888888888888888888888888888888889,0.99999999211782127569808200705068105,6.6406583826788210711764835586468096e-19
-4.5733333333333333333333333333333333,0.99999999091212250106192184250226123,8.2594778983618570685291661711858221e-19
-4.5577777777777777777777777777777778,0.9999999895300344650545327589821323,1.0263941577564531749846464120844652e-18
-4.5422222222222222222222222222222222,0.9999999879425857466457109609705201,1.2750894743907054474527245384822198e-18
-4.5266666666666666666666666666666667,0.99999998612255870891017888028670846,1.583104285847635407593221179637979e-18
-4.5111111111111111111111111111111111,0.99999998403713078825174434567278859,1.9643586324202122588741899191617955e-18
-4.4955555555555555555555555555555556,0.99999998164903503352093739369717093,2.4359840635707156440363932458490812e-18
-4.48,0.99999997891598552957721901574286204,3.0190515648274732319543414363180089e-18
-4.4644444444444444444444444444444444,0.99999997579003235226382701585389718,3.7394614522098278688627717092192624e-18
-4.4488888888888888888888888888888889,0.99999997221683792691833103320474673,4.6290305804175425630409987973497076e-18
-4.4333333333333333333333333333333333,0.99999996813486579183892299734056281,5.7268197689308234064329077707613088e-18
-4.4177777777777777777777777777777778,0.99999996347447181245695002692578707,7.0807534897545772693213611713875839e-18
-4.4022222222222222222222222222222222,0.99999995816423717915035038405248643,8.7472000765606425934793490946438694e-18
-4.3866666666666666666666666666666667,0.99999995210145805121148385077595563,1.0802403473924335399891696149420781e-17
-4.3711111111111111111111111111111111,0.99999994519202667517965262551278004,1.3332582368777545884969918137338387e-17
-4.3555555555555555555555555555555556,0.99999993732243719926355207214041106,1.6445637824354413316721477309836636e-17
-4.34,0.99999992836464350222308328616549865,2.0273547613818605450540239774792184e-17
-4.3244444444444444444444444444444444,0.99999991817429014852459882250586345,2.4977638894051554489453438056259421e-17
-4.3088888888888888888888888888888889,0.99999990658874057801902569035480524,3.0754993106209295565968095825477353e-17
-4.2933333333333333333333333333333333,0.99999989342488088479059510115539354,3.7846221260915002004041661568803197e-17
-4.2777777777777777777777777777777778,0.99999987847667542485281245855867371,4.6544896781126517733569461768693663e-17
-4.2622222222222222222222222222222222,0.99999986151244819371594748642460643,5.7208991948431909783919121914683752e-17
-4.2466666666666666666666666666666667,0.99999984229837917659027880952679115,7.0256039208295869379847325430373982e-17
-4.2311111111111111111111111111111111,0.99999982049260929448418866442379161,8.6250501536817043166351682366519428e-17
-4.2155555555555555555555555555555556,0.99999979579047881294656658128099957,1.0582355086593446374123321325408122e-16
-4.2,0.9999997678240761097868358139279433,1.2976147822080951438641265699577036e-16
-4.1844444444444444444444444444444444,0.99999973618104986950504618610596545,1.5902009613132994564832336651304018e-16
-4.1688888888888888888888888888888889,0.99999970039954312639120760511368658,1.9476056775868447293231370375325651e-16
-4.1533333333333333333333333333333333,0.99999965996258795789481978691456247,2.3839265204020436150121067266656673e-16
-4.1377777777777777777777777777777778,0.99999961429190802464561692383874332,2.9162686635317107253142742217176288e-16
-4.1222222222222222222222222222222222,0.99999956274107151835704454972813274,3.5653736517989321695767526385978815e-16
-4.1066666666666666666666666666666667,0.9999995046678683421071699683938213,4.3552479964130051447742261147751054e-16
-4.0911111111111111111111111111111111,0.99999943911638338678507825248114385,5.318345048374386641745066709117677e-16
-4.0755555555555555555555555555555556,0.99999936525818017732956512611802381,6.4905731153615625629973259167271957e-16
-4.06,0.99999928209058369260883084730383384,7.9164872908653249916005182343084702e-16
-4.0444444444444444444444444444444444,0.9999991884964191233712733860624671,9.6499474566384023756694167188153646e-16
-4.0288888888888888888888888888888889,0.99999908323175664474751435033871778,1.1756021107335528261489221313336798e-15
-4.0133333333333333333333333333333333,0.99999896491244312191103646764376418,1.4313266777295578116319676168187374e-15
-3.9977777777777777777777777777777778,0.99999883199931201124343801475332025,1.7416472431873968104749819824442106e-15
-3.9822222222222222222222222222222222,0.99999868278195421502736590387511696,2.1179937356467615352927298176883217e-15
-3.9666666666666666666666666666666667,0.99999851536092360866757106179799223,2.5741402876360275501040440024561339e-15
-3.9511111111111111111111111111111111,0.99999832788553780219047562558055798,3.1258894487301406363006456363095998e-15
-3.9355555555555555555555555555555556,0.99999811753430687218300857136636835,3.7946147148342158274786941859643187e-15
-3.92,0.99999788194602367027651951547062544,4.6036774903521328724777180308373896e-15
-3.9044444444444444444444444444444444,0.99999761825124791776788430368338674,5.5819411406109009365938175758135421e-15
-3.8888888888888888888888888888888889,0.99999732327396363631116408009764492,6.7640808932773112255653901224962835e-15
-3.8733333333333333333333333333333333,0.99999699350116574060700800130112056,8.1917282186612632635028094431477472e-15
-3.8577777777777777777777777777777778,0.99999662504969556590414820319755427,9.9148352671886554758451467783506683e-15
-3.8422222222222222222222222222222222,0.99999621363010527299387368901526699,1.1993300626085834015527232305195413e-14
-3.8266666666666666666666666666666667,0.9999957545073164405875027178127867,1.4498905188309663937177408792984267e-14
-3.8111111111111111111111111111111111,0.9999952424578228442903839606502629,1.751761579294509191518456312555358e-14
-3.7955555555555555555555555555555556,0.99999467250309155368675254474793124,2.1147167484415464348887551163081233e-14
-3.78,0.99999403682796667406240262895753765,2.5519901342813633614758203182811196e-14
-3.7644444444444444444444444444444444,0.99999332914902514872596806435012973,3.0778620268493831013121346574831036e-14
-3.7488888888888888888888888888888889,0.99999254178324361742225021985279008,3.7099042339525638455249685761725366e-14
-3.7333333333333333333333333333333333,0.99999166628352730398975223080554774,4.4690958649854366549311477034084163e-14
-3.7177777777777777777777777777777778,0.99999069336899259007722569871268893,5.380468431864207383570549700618891e-14
-3.7022222222222222222222222222222222,0.99998961284955927521644683016348593,6.4738700200747800147566987618465188e-14
-3.6866666666666666666666666666666667,0.99998841354445632970825286820112976,7.7848699176670008753569152802435246e-14
-3.6711111111111111111111111111111111,0.99998708319422398981359945845423145,9.3558288209729431448555417311080724e-14
-3.6555555555555555555555555555555556,0.99998560836577361140024458403499191,1.1237164097277479453433984543936415e-13
-3.64,0.99998397657639162251064639801292739,1.3485659072800207734036593610960631e-13
-3.6244444444444444444444444444444444,0.99998216751622019196584605502315711,1.6178346811826557035407352370428113e-13
-3.6088888888888888888888888888888889,0.99998016559725682837323747855621169,1.9397230854774942474992837076876208e-13
-3.5933333333333333333333333333333333,0.99997795158926840421314602424026783,2.3242828824751536211392636203541011e-13
-3.5777777777777777777777777777777778,0.99997550449284436983607239449121779,2.7834403338186253073464606058560572e-13
-3.5622222222222222222222222222222222,0.99997280139236191468740738058106844,3.3313369296016410351107764452015125e-13
-3.5466666666666666666666666666666667,0.99996981729831341948310540279721024,3.9847303793136831239965211529112462e-13
-3.5311111111111111111111111111111111,0.99996652497837765066730942543891624,4.7634662132040276142666280184199346e-13
-3.5155555555555555555555555555555556,0.99996289477659407287967376822689654,5.6910320639462991595154606071621058e-13
-3.5,0.99995889985602023512510316506663671,6.7952086962542884956979873989989389e-13
-3.4844444444444444444444444444444444,0.99995449479686225544079367302187974,8.1069810936812313428196837371669941e-13
-3.4688888888888888888888888888888889,0.99994964639685228575919175486134236,9.6684975840100414704498803184881315e-13
-3.4533333333333333333333333333333333,0.99994431324007702222739799175591432,1.1523986394859649959152048079192478e-12
-3.4377777777777777777777777777777778,0.9999384503808506777232412247384053,1.372746741172116696911296450771725e-12
-3.4222222222222222222222222222222222,0.99993200907692825612588586792368806,1.6342634823702930473125042646642085e-12
-3.4066666666666666666666666666666667,0.99992493650578703226268782922206844,1.9444542638953406430157708500184021e-12
-3.3911111111111111111111111111111111,0.99991717546319341110069616413983812,2.3121575295716050339082828289838376e-12
-3.3755555555555555555555555555555556,0.99990866404326200825279340160305334,2.7477750069728434438010510804999153e-12
-3.36,0.99989933529920593950262463808476477,3.2635405365219521903694987035946161e-12
-3.3444444444444444444444444444444444,0.99988913072874612107416092381736739,3.8729750881869863366545276091024832e-12
-3.3288888888888888888888888888888889,0.99987794582150809356416964837694693,4.5945307022226000820878307871609064e-12
-3.3133333333333333333333333333333333,0.99986570891869720986647230156574713,5.4473063536075413364501638067167696e-12
-3.2977777777777777777777777777777778,0.99985232911185788228936261019600061,6.4545603109553562604462624244642211e-12
-3.2822222222222222222222222222222222,0.99983770843813571911119740380764855,7.6435617539110206722776059345150961e-12
-3.2666666666666666666666666666666667,0.99982174140833133122089635495480081,9.0462623766424183550375275984982893e-12
-3.2511111111111111111111111111111111,0.99980431451008949495151193848766836,1.0700076919957291688339232673089085e-11
-3.2355555555555555555555555555555556,0.99978530568548513103230930437994662,1.2648789695786694549888780923789612e-11
-3.22,0.99976458378229594021014657922326701,1.4943606740359918978300999501073013e-11
-3.2044444444444444444444444444444444,0.99974200797828563759802828552711351,1.7644376176593962440923272698676141e-11
-3.1888888888888888888888888888888889,0.99971746038376177256397283754101644,2.0816546347163296074510094993946112e-11
-3.1733333333333333333333333333333333,0.99969071550310795506152432610679187,2.4549849319341013708801104972028073e-11
-3.1577777777777777777777777777777778,0.99966163029241172470776673331654484,2.8935667702122183965213732734613283e-11
-3.1422222222222222222222222222222222,0.99963001894752824656168468942851316,3.4084956617156235779434922368613055e-11
-3.1266666666666666666666666666666667,0.99959568269134414294137839905934554,4.0126989504621870459175167572507341e-11
-3.1111111111111111111111111111111111,0.99955840902468450179531918281208545,4.7212287468449853570764996527371864e-11
-3.0955555555555555555555555555555556,0.99951797094700652875802876364172139,5.5516001062003424494887608635747497e-11
-3.08,0.99947412614672353013746583505049353,6.5241811771826590367070232510703402e-11
-3.0644444444444444444444444444444444,0.99942661616110350756825560480028055,7.6626430038079719737490387308791069e-11
-3.0488888888888888888888888888888889,0.99937516550579605212246760719404339,8.9944777531819359186741128235758106e-11
-3.0333333333333333333333333333333333,0.99931955577583627409115268978012927,0.00000000010549417312864987070965901136255408
-3.0177777777777777777777777777777778,0.99925933080781314703110107127011953,0.00000000012368465890554929604150063675975898
-3.0022222222222222222222222222222222,0.99919422787493541657972738757009426,0.00000000014492659658066014393944929125730591
-2.9866666666666666666666666666666667,0.99912389413057994527195515648759384,0.00000000016971697591595849322919607293474659
-2.9711111111111111111111111111111111,0.99904795491058543627646630942017126,0.00000000019863119205096429550290254930036361
-2.9555555555555555555555555555555556,0.99896601268899154960703136746271363,0.00000000023233499311080410671832491429002364
-2.94,0.99887764600761720512880474241891784,0.00000000027159818034467898407733596575209699
-2.9244444444444444444444444444444444,0.99878240838074008633457546754583132,0.00000000031731030719736020280203538060063531
-2.9088888888888888888888888888888889,0.99867982717633223867399065002851408,0.00000000037049865674113657730907998959450515
-2.8933333333333333333333333333333333,0.99856940247550836676861086499920103,0.00000000043234881410913938766700867552381742
-2.8777777777777777777777777777777778,0.99845076544596821410673503131036253,0.00000000050412794246863758299198156085037798
-2.8622222222222222222222222222222222,0.99832305096927715635101894292120677,0.00000000058759651631471598242103566923015425
-2.8466666666666666666666666666666667,0.99818581860994599710514251791998203,0.00000000068448345908266262944220481465674826
-2.8311111111111111111111111111111111,0.99803844757264496921150101854961482,0.00000000079687838874627663263286929170494776
-2.8155555555555555555555555555555556,0.99788028382033958570907125453404755,0.00000000092718528375867922773723665178539316
-2.8,0.99771063885012493706252992976927519,0.0000000010781680165220681425417247060782386
-2.7844444444444444444444444444444444,0.99752878846516948808963325630455446,0.0000000012530022105880289879983963790558154
-2.7688888888888888888888888888888889,0.99733397154630269198015266445979705,0.0000000014553342592271880995264564915327192
-2.7533333333333333333333333333333333,0.99712538882703854610712408380533673,0.0000000016893484480922712006847012847443397
-2.7377777777777777777777777777777778,0.99690250059962036604863611209546832,0.0000000019594669753907526139560783919812424
-2.7222222222222222222222222222222222,0.99666385045828305237071987277342724,0.0000000022718833932960945690317208611449125
-2.7066666666666666666666666666666667,0.99640879694236470931600454260959709,0.0000000026325694256493031091553823338297807
-2.6911111111111111111111111111111111,0.99613637621872133699090721294785667,0.0000000030487329466001684959344230134275594
-2.6755555555555555555555555555555556,0.99584558038595032758528762448868516,0.0000000035286187505178578756220645348944761
-2.66,0.99553535636417430835886342300590493,0.0000000040816516972971756768408692190558473
-2.6444444444444444444444444444444444,0.99520460482204141921319865597503645,0.0000000047185987262082371878778389833094005
-2.6288888888888888888888888888888889,0.99485217914676650233613278993348033,0.0000000054517520976833508736818279192710464
-2.6133333333333333333333333333333333,0.99447688446326660292647777249132988,0.0000000062951364998328984116949017009453006
-2.5977777777777777777777777777777778,0.99407747670866205500757090172884807,0.0000000072647429641535593146334888784649676
-2.5822222222222222222222222222222222,0.99365322905521943400152301076877332,0.0000000083772477274971031126749302658280899
-2.5666666666666666666666666666666667,0.99320169751395228115132307602149762,0.0000000096562619961275564629603296672437284
-2.5511111111111111111111111111111111,0.99272201914158543339329687480262503,0.000000011124049855530999527972432006204072
-2.5355555555555555555555555555555556,0.99221274527491941545414518493858057,0.000000012807461789637682959253334958148284
-2.52,0.9916723744995645140910110059845772,0.000000014737014829188052261017335768071683
-2.5044444444444444444444444444444444,0.99109935219854605202130576278358591,0.000000016947370942398977561746625546946189
-2.4888888888888888888888888888888889,0.99049207020494687521135505248380876,0.000000019477874696437707536070633578175484
-2.4733333333333333333333333333333333,0.98984886656597862577539903316786948,0.000000022373157104912412523487773511211432
-2.4577777777777777777777777777777778,0.98916802542590665314365761385477027,0.00000002568381332736506705645850953477431
-2.4422222222222222222222222222222222,0.98844777703525658175250548398346044,0.000000029467162712005749856691648543657476
-2.4266666666666666666666666666666667,0.9876873117380284007278959627545641,0.000000033782125126100052315223082508511117
-2.4111111111111111111111111111111111,0.98688278195429744983745177999845613,0.000000038713233709442877820697764319431181
-2.3955555555555555555555555555555556,0.98603321698440050475814253282353091,0.000000044338264360859405602084649094767924
-2.38,0.985136634446504434153394316473365,0.000000050751016136254970626201002127179933
-2.3644444444444444444444444444444444,0.9841910002602504591969601323170206,0.000000058057411594193638493464254761739044
-2.3488888888888888888888888888888889,0.98319422956535761121412287678375639,0.000000066376986351276998205611160332192719
-2.3333333333333333333333333333333333,0.98214418781569422935108617680679992,0.00000007584455125812788744500797930921793
-2.3177777777777777777777777777777778,0.98103869205498768343364654828391124,0.000000086612045858967626331538789519363191
-2.3022222222222222222222222222222222,0.97987551238000453276572014499800582,0.000000098850603649501655183175526184325414
-2.2866666666666666666666666666666667,0.97865237359665204468072304247728929,0.00000011275285166360843337769066114837909
-2.2711111111111111111111111111111111,0.97736866341711364743990339127982826,0.00000012851370716013648118209807191151574
-2.2555555555555555555555555555555556,0.9760186944153506193998892339156595,0.00000014641734885441621921299823876703314
-2.24,0.97460169166677500094006790926214753,0.00000016671819458786480193085449450275197
-2.2244444444444444444444444444444444,0.97311521944482421682911840872766535,0.00000018972339881680515610274524935581538
-2.2088888888888888888888888888888889,0.97155680806135663104812814063883975,0.00000021577757010106032272210218702812112
-2.1933333333333333333333333333333333,0.96992395676759918145031388836244863,0.00000024526708602651416449949267233638058
-2.1777777777777777777777777777777778,0.96821413687182345364608080826035702,0.00000027862487308973618968501744339330483
-2.1622222222222222222222222222222222,0.9664247950745894086629966320017616,0.00000031633569772165489201634705695758575
-2.1466666666666666666666666666666667,0.96455335702163411586879234211941988,0.00000035894201875472738074142011946849627
-2.1311111111111111111111111111111111,0.96259723107368450807472338943230783,0.00000040705045608323710127836240931299211
-2.1155555555555555555555555555555556,0.96055651679653127810668520350309084,0.00000046126429856649794400924370346722621
-2.1,0.95842330929263444737475192687301209,0.00000052248042217539089978719519991286044
-2.0844444444444444444444444444444444,0.95619757957235963475090739344954861,0.00000059147754870055415560882394105136499
-2.0688888888888888888888888888888889,0.95387670881730768494960516108042379,0.00000066919801404371909475056554561658229
-2.0533333333333333333333333333333333,0.95145808293541581319670574463292097,0.00000075669215851075186797799483389464133
-2.0377777777777777777777777777777778,0.94893909756824092692709889671563091,0.00000085512993478800219614657423615218819
-2.0222222222222222222222222222222222,0.94631716328524867289513201963070968,0.00000096581367048784035864372340850614173
-2.0066666666666666666666666666666667,0.94358971095701376035754148570656742,0.0000010901920893749954587463701318859535
-1.9911111111111111111111111111111111,0.94075419729824387713204465873391912,0.0000012298757035934736117120508475587052
-1.9755555555555555555555555555555556,0.93781199933769080994914399134700123,0.0000013864387270306440079604133140238953
-1.96,0.93475301321789574327437145061540067,0.0000015622713734002048907538042557569947
-1.9444444444444444444444444444444444,0.9315785518536202828020653863151171,0.0000017593855719650721245429408647450135
-1.9288888888888888888888888888888889,0.92828623372101799918728038889321264,0.0000019802244405481756466609324732224239
-1.9133333333333333333333333333333333,0.92487373300729541003695319645096424,0.0000022274949520124125399847756626811559
-1.8977777777777777777777777777777778,0.92133878592647659487943338847782116,0.0000025041944362554762746747887377412405
-1.8822222222222222222222222222222222,0.91767919711405000075639794869084971,0.0000028136395154495092131567186354091393
-1.8666666666666666666666666666666667,0.91389284608381739908497013319064325,0.000003159497670947446453102603991585398
-1.8511111111111111111111111111111111,0.90997769372943866924774611919076602,0.0000035458216538568923356530274853983946
-1.8355555555555555555555555555555556,0.90593178885238524967754105038508582,0.0000039770869655299896572219246392991714
-1.82,0.90175877382392627053876747049307077,0.0000044575748498568798166902636679673728
-1.8044444444444444444444444444444444,0.89744606973971002270765282240500796,0.0000049939724249009445227488370958318149
-1.7888888888888888888888888888888889,0.89299735431861107984021653125999728,0.0000055916922046096166745947273110622401
-1.7733333333333333333333333333333333,0.88841109297007658983043356261324189,0.0000062573448440745269508862833338641972
-1.7577777777777777777777777777777778,0.88368587135122158794103011746918734,0.0000069982061245847752682384683005293612
-1.7422222222222222222222222222222222,0.87882040163268479222297471513846594,0.0000078222784815643019951426436526548952
-1.7266666666666666666666666666666667,0.87381352864597314569341212589269468,0.0000087383576413654648006172182447322919
-1.7111111111111111111111111111111111,0.86866423589001962035111082940064572,0.0000097561047312584895925801804627885574
-1.6955555555555555555555555555555556,0.86337165137453225010497872559180807,0.000010886124247071292494924878873372208
-1.68,0.85793505327765706415913278104101622,0.000012140048283597070016537499599618426
-1.6644444444444444444444444444444444,0.85236119861137361192502801128457357,0.000013528731912013337107357810604088373
-1.6488888888888888888888888888888889,0.84663522357304858639016726456548824,0.000015069728705548260655025056113799966
-1.6333333333333333333333333333333333,0.84076402402059468117449611080015783,0.00001677661653894701511786906724580444
-1.6177777777777777777777777777777778,0.83474753066325019788499092397824915,0.000018666118901653952551867411505828338
-1.6022222222222222222222222222222222,0.82858584909770021032204538393237481,0.000020756517495809047779356989849151973
-1.5866666666666666666666666666666667,0.82227926388906515862930311473082735,0.000023067783752063048962225779950519366
-1.5711111111111111111111111111111111,0.81582824231550354153076074837352484,0.000025621720056662237636101841400683533
-1.5555555555555555555555555555555556,0.80923343775704642700262822041977801,0.000028442111272958169980634650695285091
-1.54,0.80249569271012181487768816448388983,0.000031554887163102321934468779030751019
-1.5244444444444444444444444444444444,0.79561604141016547641181988186870197,0.000034988296337994000476124801322955648
-1.5088888888888888888888888888888889,0.78860489613893350851953666159522696,0.0000387679483994208956049952978942476
-1.4933333333333333333333333333333333,0.7814454920171113391656294668957346,0.000042937067484142347769254829968194903
-1.4777777777777777777777777777777778,0.77414845256235396606912971224021949,0.00004752735589969372424956967230694054
-1.4622222222222222222222222222222222,0.76671559654150531448964337845397882,0.000052578326680874788381365128790745768
-1.4466666666666666666666666666666667,0.75914894115591740288534001652090744,0.000058132877536591679800040267368904913
-1.4311111111111111111111111111111111,0.75145070200777001407122612968266433,0.000064237548310983051802136601223687793
-1.4155555555555555555555555555555556,0.7436232925851711043880552370545915,0.000070942794934652401580184348107901848
-1.4,0.73566932325908344874906862302992374,0.00007830328064192379731714353538712451
-1.3844444444444444444444444444444444,0.72759159978677508108883575672704349,0.000086378185241662895868073868370951076
-1.3688888888888888888888888888888889,0.71940381786253269052607329719681374,0.000095219532406165281501848130776670602
-1.3533333333333333333333333333333333,0.71108792458920021201816320041726256,0.00010491939564322878335117806397672356
-1.3377777777777777777777777777777778,0.7026578398326190887455753505243447,0.00011554159631148413340992282780494802
-1.3222222222222222222222222222222222,0.69411712573476053045712883414690056,0.00012716685433850716365980504974329702
-1.3066666666666666666666666666666667,0.68546952488029679887241957248096244,0.00013988225089788005886191928610549632
-1.2911111111111111111111111111111111,0.67671895582641223076582805971753502,0.00015378166283244470373340273054306539
-1.2755555555555555555555555555555556,0.66786950815155214985154273939077223,0.00016896622073723456503870714305977937
-1.26,0.65892543703218520174996501834907621,0.00018554479147450708185538674252766581
-1.2444444444444444444444444444444444,0.649891157358472216772318528375131,0.00020363448587319684216904487274671632
-1.2288888888888888888888888888888889,0.64077123740152733901957229493991346,0.00022336119233983924609071178940475794
-1.2133333333333333333333333333333333,0.63158236050774932239318862609334682,0.00024483108092557367703786569302432829
-1.1977777777777777777777777777777778,0.62230553941028047591715583853678519,0.0002682448333908036314611334299766014
-1.1822222222222222222222222222222222,0.61295762684978708841132344080763172,0.00029373145898297677329032575299153837
-1.1666666666666666666666666666666667,0.60354373271172178912827752135919026,0.00032145781939640777199750786449277627
-1.1511111111111111111111111111111111,0.59406908244816605993821653539136704,0.00035160263269206112467845580232506734
-1.1355555555555555555555555555555556,0.58453900841648553283461927010873144,0.00038435717545214570086993812539820261
-1.12,0.57495894090460177106593336103667321,0.00041992601471981013822790904141299509
-1.1044444444444444444444444444444444,0.56533439886796741820131012067546373,0.00045852777002106905385505760578113288
-1.0888888888888888888888888888888889,0.55567098040451938485308016415510013,0.0005003959056788684646833453265248176
-1.0733333333333333333333333333333333,0.54597435299496844805573929190360986,0.00054577955353353823172270085143436139
-1.0577777777777777777777777777777778,0.53626285482513062003321141932754801,0.00059487811527594135311098152725016902
-1.0422222222222222222222222222222222,0.52651706385155931658165928681886956,0.00064810169369350451892989716208036614
-1.0266666666666666666666666666666667,0.51675537460114769095361403636072808,0.00070569046500682617091601083148157543
-1.0111111111111111111111111111111111,0.50698363077390479418078073316250569,0.00076796503879043290408992076055483471
-0.99555555555555555555555555555555555,0.49720769416688917306994641920691694,0.00083526625674687091259537204395733016
-0.98,0.48743343412733703378872653708995027,0.00090795619375209548001885432811076139
-0.96444444444444444444444444444444444,0.47766671698313488029811097402765145,0.00098641918667687009429179399368915481
-0.94888888888888888888888888888888889,0.46791339548235297556208836445659757,0.0010710628900068179009222673415506948
-0.93333333333333333333333333333333333,0.4581792982735179139723852010644036,0.0011623193571052329020593366436107427
-0.91777777777777777777777777777777778,0.44847021945813152480745664442448017,0.0012606461457750371260729881233316603
-0.90222222222222222222222222222222222,0.43880442255738242300019902670693195,0.0013663851905971471976767878890923323
-0.88666666666666666666666666666666667,0.42916252217305304315488086214243296,0.0014803221838718310459618774135684342
-0.87111111111111111111111111111111111,0.41956270522053866187604526599835305,0.0016028658651656432806940269887363946
-0.85555555555555555555555555555555556,0.41001052576892703876799569626561557,0.0017345872535508150657708365901265814
-0.84,0.40051145327318457205730880244168313,0.0018760887020011706256827010879312094
-0.82444444444444444444444444444444444,0.39107086319550452493679897712479836,0.002028005108916397640900318835331936
-0.80888888888888888888888888888888889,0.38169402790382597609687854057230385,0.0021910051385772919934099222232132268
-0.79333333333333333333333333333333333,0.37238610787313200355326681662031156,0.0023657924473959416761882743965529139
-0.77777777777777777777777777777777778,0.36315214321389116078603859049806373,0.0025531069125724403183474706281084597
-0.76222222222222222222222222222222222,0.35399704555066787830808256230118755,0.0027537258595136064048273369831048424
-0.74666666666666666666666666666666667,0.34493728474790683334157433070149868,0.0029681776262405981104529822218301581
-0.73111111111111111111111111111111111,0.33595398637393427030313016624532246,0.0031978734372298946666448311755233506
-0.71555555555555555555555555555555556,0.32706343773138217737961111502435706,0.0034434413783144141725174325110448652
-0.7,0.31826996322206997213785645098729507,0.0037058206195645596988812184444860989
-0.68444444444444444444444444444444445,0.3095777241169714586518042070390118,0.0039859937505622805965934565403495327
-0.66888888888888888888888888888888889,0.30099071293384113399864792848755026,0.0042849879093542537102154258446963285
-0.65333333333333333333333333333333334,0.29251274828237791704550385074087184,0.0046038758774094450431362896590842679
-0.63777777777777777777777777777777778,0.28414747018678360772409504918370534,0.0049437771348916240569282983392860066
-0.62222222222222222222222222222222222,0.27589833589374559359334059578972734,0.00530585887032296269808702393314603
-0.60666666666666666666666666666666667,0.26777906830778969702844493285487623,0.0056908219412125666955242926424635076
-0.59111111111111111111111111111111111,0.25977168366040236743933515840204762,0.0061009289775339723959532546490949183
-0.57555555555555555555555555555555556,0.25188967975247904543066854816815663,0.0065370118520647093579581910828422024
-0.56,0.24413575094032473347916822694174425,0.0070004374849251341952613870322848573
-0.54444444444444444444444444444444445,0.23651239527836328761352709864940843,0.0074926246456139269242990810582877736
-0.52888888888888888888888888888888889,0.22902191330503406402904191118151188,0.0080150445530965015157084136865736371
-0.51333333333333333333333333333333334,0.22166640731934122102594324143976014,0.0085692213833356731314986266390636565
-0.49777777777777777777777777777777778,0.21444778114180284215502008845177978,0.0091567326769816217657628645212032548
-0.48222222222222222222222222222222222,0.20736774035192709973008387343761871,0.0097792096398613886161748505806536218
-0.46666666666666666666666666666666667,0.20042779299278420862392849531038246,0.010438337328858494695287315724401047
-0.45111111111111111111111111111111111,0.19363796516645963285505401196876224,0.011134925597434474567222190345658244
-0.43555555555555555555555555555555556,0.18698175964668596936517619440088374,0.011872572270587784171581908543880518
-0.42,0.18046899920774042986959813633612421,0.012652245504205850927270075893361978
-0.40444444444444444444444444444444445,0.1741004179678341834961403402959299,0.013475844997640405225820540897980473
-0.38888888888888888888888888888888889,0.16787656260392088587433129816213018,0.014345323253304351748321874518619166
-0.37333333333333333333333333333333334,0.16179779558226146644724105744033089,0.015262684920611697718912272244772925
-0.35777777777777777777777777777777778,0.15586429875281577007665258500722446,0.016229985974724690739155337706908738
-0.34222222222222222222222222222222222,0.15007607728842690346970433743838041,0.017249332723492826047948392356758718
-0.32666666666666666666666666666666667,0.14443296394898077786761575936960379,0.018322880636239671755633472946155759
-0.31111111111111111111111111111111111,0.13893462365004071859085772883992779,0.019452832988366968022713774108806651
-0.29555555555555555555555555555555556,0.13358740057736079678742688524253331,0.02063986074756108869217437865188413
-0.28,0.1283767687064354683670941468496208,0.021889334656909209956596486007449252
-0.26444444444444444444444444444444445,0.12330894850781722124130863261202143,0.023202090181928936426066573109813352
-0.24888888888888888888888888888888889,0.11838298473509529607915505362810269,0.024580504343935129031206792822654838
-0.23333333333333333333333333333333333,0.11359778094776154852303773428892331,0.026026992250113741130348838992777754
-0.21777777777777777777777777777777778,0.10895210545054263664838486847385424,0.027544004529686072159225929027563594
-0.20222222222222222222222222222222222,0.10444459738311984215444294978582128,0.029134024556109313032063223864494542
-0.18666666666666666666666666666666667,0.10007377293788723623197544687913613,0.030799565453355264879328745102113737
-0.17111111111111111111111111111111111,0.095838031683596109875420785195113198,0.032543166885009921946508752579237275
-0.15555555555555555555555555555555556,0.091735662973016660529274359900165668,0.034367391625676762209065424989442814
-0.14,0.087769911668152684377410403669435135,0.036272296212431071183935385262997818
-0.12444444444444444444444444444444445,0.083928580972087567382211190709381943,0.038265417062408970616619975179587924
-0.10888888888888888888888888888888889,0.080214897120165568007147889128030361,0.04034694728546183249867993756138413
-0.093333333333333333333333333333333331,0.076626773720168779915062418400677581,0.042519503480289849639715838945051861
-0.077777777777777777777777777777777779,0.073162046718410875018546915896907201,0.044785704992405868319740180294055819
-0.062222222222222222222222222222222221,0.06981848087794019060450596817807205,0.04714816921466552262145355881123042
-0.046666666666666666666666666666666669,0.066593776201947952452989746889018502,0.04960950669006243315202472166726749
-0.03111111111111111111111111111111111,0.063485574285342103534223061966611772,0.052172316023337194151314744331879699
-0.015555555555555555555555555555555558,0.060491464578297003324327529723505531,0.054839178608929865353943638819078993
0.0,0.057612653183795736666352773693765958,0.057612653183795736666352773693765958
0.015555555555555555555555555555555558,0.054839178608929865353943638819078993,0.060491464578297003324327529723505531
0.03111111111111111111111111111111111,0.052172316023337194151314744331879699,0.063485574285342103534223061966611772
0.046666666666666666666666666666666669,0.04960950669006243315202472166726749,0.066593776201947952452989746889018502
0.062222222222222222222222222222222221,0.04714816921466552262145355881123042,0.06981848087794019060450596817807205
0.077777777777777777777777777777777779,0.044785704992405868319740180294055819,0.073162046718410875018546915896907201
0.093333333333333333333333333333333331,0.042519503480289849639715838945051861,0.076626773720168779915062418400677581
0.10888888888888888888888888888888889,0.04034694728546183249867993756138413,0.080214897120165568007147889128030361
0.12444444444444444444444444444444445,0.038265417062408970616619975179587924,0.083928580972087567382211190709381943
0.14,0.036272296212431071183935385262997818,0.087769911668152684377410403669435135
0.15555555555555555555555555555555556,0.034367391625676762209065424989442814,0.091735662973016660529274359900165668
0.17111111111111111111111111111111111,0.032543166885009921946508752579237275,0.095838031683596109875420785195113198
0.18666666666666666666666666666666667,0.030799565453355264879328745102113737,0.10007377293788723623197544687913613
0.20222222222222222222222222222222222,0.029134024556109313032063223864494542,0.10444459738311984215444294978582128
0.21777777777777777777777777777777778,0.027544004529686072159225929027563594,0.10895210545054263664838486847385424
0.23333333333333333333333333333333333,0.026026992250113741130348838992777754,0.11359778094776154852303773428892331
0.24888888888888888888888888888888889,0.024580504343935129031206792822654838,0.11838298473509529607915505362810269
0.26444444444444444444444444444444445,0.023202090181928936426066573109813352,0.12330894850781722124130863261202143
0.28,0.021889334656909209956596486007449252,0.1283767687064354683670941468496208
0.29555555555555555555555555555555556,0.02063986074756108869217437865188413,0.13358740057736079678742688524253331
0.31111111111111111111111111111111111,0.019452832988366968022713774108806651,0.13893462365004071859085772883992779
0.32666666666666666666666666666666667,0.018322880636239671755633472946155759,0.14443296394898077786761575936960379
0.34222222222222222222222222222222222,0.017249332723492826047948392356758718,0.15007607728842690346970433743838041
0.35777777777777777777777777777777778,0.016229985974724690739155337706908738,0.15586429875281577007665258500722446
0.37333333333333333333333333333333334,0.015262684920611697718912272244772925,0.16179779558226146644724105744033089
0.38888888888888888888888888888888889,0.014345323253304351748321874518619166,0.16787656260392088587433129816213018
0.40444444444444444444444444444444445,0.013475844997640405225820540897980473,0.1741004179678341834961403402959299
0.42,0.012652245504205850927270075893361978,0.18046899920774042986959813633612421
0.43555555555555555555555555555555556,0.011872572270587784171581908543880518,0.18698175964668596936517619440088374
0.45111111111111111111111111111111111,0.011134925597434474567222190345658244,0.19363796516645963285505401196876224
0.46666666666666666666666666666666667,0.010438337328858494695287315724401047,0.20042779299278420862392849531038246
0.48222222222222222222222222222222223,0.0097792096398613886161748505806536218,0.20736774035192709973008387343761871
0.49777777777777777777777777777777778,0.0091567326769816217657628645212032548,0.21444778114180284215502008845177978
0.51333333333333333333333333333333334,0.0085692213833356731314986266390636565,0.22166640731934122102594324143976014
0.52888888888888888888888888888888889,0.0080150445530965015157084136865736371,0.22902191330503406402904191118151188
0.54444444444444444444444444444444445,0.0074926246456139269242990810582877736,0.23651239527836328761352709864940843
0.56,0.0070004374849251341952613870322848573,0.24413575094032473347916822694174425
0.57555555555555555555555555555555556,0.0065370118520647093579581910828422024,0.25188967975247904543066854816815663
0.59111111111111111111111111111111111,0.0061009289775339723959532546490949183,0.25977168366040236743933515840204762
0.60666666666666666666666666666666667,0.0056908219412125666955242926424635076,0.26777906830778969702844493285487623
0.62222222222222222222222222222222222,0.00530585887032296269808702393314603,0.27589833589374559359334059578972734
0.63777777777777777777777777777777778,0.0049437771348916240569282983392860066,0.28414747018678360772409504918370534
0.65333333333333333333333333333333334,0.0046038758774094450431362896590842679,0.29251274828237791704550385074087184
0.66888888888888888888888888888888889,0.0042849879093542537102154258446963285,0.30099071293384113399864792848755026
0.68444444444444444444444444444444445,0.0039859937505622805965934565403495327,0.3095777241169714586518042070390118
0.7,0.0037058206195645596988812184444860989,0.31826996322206997213785645098729507
0.71555555555555555555555555555555556,0.0034434413783144141725174325110448652,0.32706343773138217737961111502435706
0.73111111111111111111111111111111111,0.0031978734372298946666448311755233506,0.33595398637393427030313016624532246
0.74666666666666666666666666666666667,0.0029681776262405981104529822218301581,0.34493728474790683334157433070149868
0.76222222222222222222222222222222222,0.0027537258595136064048273369831048424,0.35399704555066787830808256230118755
0.77777777777777777777777777777777778,0.0025531069125724403183474706281084597,0.36315214321389116078603859049806373
0.79333333333333333333333333333333333,0.0023657924473959416761882743965529139,0.37238610787313200355326681662031156
0.80888888888888888888888888888888889,0.0021910051385772919934099222232132268,0.38169402790382597609687854057230385
0.82444444444444444444444444444444444,0.002028005108916397640900318835331936,0.39107086319550452493679897712479836
0.84,0.0018760887020011706256827010879312094,0.40051145327318457205730880244168313
0.85555555555555555555555555555555556,0.0017345872535508150657708365901265814,0.41001052576892703876799569626561557
0.87111111111111111111111111111111111,0.0016028658651656432806940269887363946,0.41956270522053866187604526599835305
0.88666666666666666666666666666666667,0.0014803221838718310459618774135684342,0.42916252217305304315488086214243296
0.90222222222222222222222222222222222,0.0013663851905971471976767878890923323,0.43880442255738242300019902670693195
0.91777777777777777777777777777777778,0.0012606461457750371260729881233316603,0.44847021945813152480745664442448017
0.93333333333333333333333333333333333,0.0011623193571052329020593366436107427,0.4581792982735179139723852010644036
0.94888888888888888888888888888888889,0.0010710628900068179009222673415506948,0.46791339548235297556208836445659757
0.96444444444444444444444444444444444,0.00098641918667687009429179399368915481,0.47766671698313488029811097402765145
0.98,0.00090795619375209548001885432811076139,0.48743343412733703378872653708995027
0.99555555555555555555555555555555555,0.00083526625674687091259537204395733016,0.49720769416688917306994641920691694
1.0111111111111111111111111111111111,0.00076796503879043290408992076055483471,0.50698363077390479418078073316250569
1.0266666666666666666666666666666667,0.00070569046500682617091601083148157543,0.51675537460114769095361403636072808
1.0422222222222222222222222222222222,0.00064810169369350451892989716208036614,0.52651706385155931658165928681886956
1.0577777777777777777777777777777778,0.00059487811527594135311098152725016902,0.53626285482513062003321141932754801
1.0733333333333333333333333333333333,0.00054577955353353823172270085143436139,0.54597435299496844805573929190360986
1.0888888888888888888888888888888889,0.0005003959056788684646833453265248176,0.55567098040451938485308016415510013
1.1044444444444444444444444444444445,0.00045852777002106905385505760578113288,0.56533439886796741820131012067546373
1.12,0.00041992601471981013822790904141299509,0.57495894090460177106593336103667321
1.1355555555555555555555555555555556,0.00038435717545214570086993812539820261,0.58453900841648553283461927010873144
1.1511111111111111111111111111111111,0.00035160263269206112467845580232506734,0.59406908244816605993821653539136704
1.1666666666666666666666666666666667,0.00032145781939640777199750786449277627,0.60354373271172178912827752135919026
1.1822222222222222222222222222222222,0.00029373145898297677329032575299153837,0.61295762684978708841132344080763172
1.1977777777777777777777777777777778,0.0002682448333908036314611334299766014,0.62230553941028047591715583853678519
1.2133333333333333333333333333333333,0.00024483108092557367703786569302432829,0.63158236050774932239318862609334682
1.2288888888888888888888888888888889,0.00022336119233983924609071178940475794,0.64077123740152733901957229493991346
1.2444444444444444444444444444444444,0.00020363448587319684216904487274671632,0.649891157358472216772318528375131
1.26,0.00018554479147450708185538674252766581,0.65892543703218520174996501834907621
1.2755555555555555555555555555555556,0.00016896622073723456503870714305977937,0.66786950815155214985154273939077223
1.2911111111111111111111111111111111,0.00015378166283244470373340273054306539,0.67671895582641223076582805971753502
1.3066666666666666666666666666666667,0.00013988225089788005886191928610549632,0.68546952488029679887241957248096244
1.3222222222222222222222222222222222,0.00012716685433850716365980504974329702,0.69411712573476053045712883414690056
1.3377777777777777777777777777777778,0.00011554159631148413340992282780494802,0.7026578398326190887455753505243447
1.3533333333333333333333333333333333,0.00010491939564322878335117806397672356,0.71108792458920021201816320041726256
1.3688888888888888888888888888888889,0.000095219532406165281501848130776670602,0.71940381786253269052607329719681374
1.3844444444444444444444444444444444,0.000086378185241662895868073868370951076,0.72759159978677508108883575672704349
1.4,0.00007830328064192379731714353538712451,0.73566932325908344874906862302992374
1.4155555555555555555555555555555556,0.000070942794934652401580184348107901848,0.7436232925851711043880552370545915
1.4311111111111111111111111111111111,0.000064237548310983051802136601223687793,0.75145070200777001407122612968266433
1.4466666666666666666666666666666667,0.000058132877536591679800040267368904913,0.75914894115591740288534001652090744
1.4622222222222222222222222222222222,0.000052578326680874788381365128790745768,0.76671559654150531448964337845397882
1.4777777777777777777777777777777778,0.00004752735589969372424956967230694054,0.77414845256235396606912971224021949
1.4933333333333333333333333333333333,0.000042937067484142347769254829968194903,0.7814454920171113391656294668957346
1.5088888888888888888888888888888889,0.0000387679483994208956049952978942476,0.78860489613893350851953666159522696
1.5244444444444444444444444444444444,0.000034988296337994000476124801322955648,0.79561604141016547641181988186870197
1.54,0.000031554887163102321934468779030751019,0.80249569271012181487768816448388983
1.5555555555555555555555555555555556,0.000028442111272958169980634650695285091,0.80923343775704642700262822041977801
1.5711111111111111111111111111111111,0.000025621720056662237636101841400683533,0.81582824231550354153076074837352484
1.5866666666666666666666666666666667,0.000023067783752063048962225779950519366,0.82227926388906515862930311473082735
1.6022222222222222222222222222222222,0.000020756517495809047779356989849151973,0.82858584909770021032204538393237481
1.6177777777777777777777777777777778,0.000018666118901653952551867411505828338,0.83474753066325019788499092397824915
1.6333333333333333333333333333333333,0.00001677661653894701511786906724580444,0.84076402402059468117449611080015783
1.6488888888888888888888888888888889,0.000015069728705548260655025056113799966,0.84663522357304858639016726456548824
1.6644444444444444444444444444444444,0.000013528731912013337107357810604088373,0.85236119861137361192502801128457357
1.68,0.000012140048283597070016537499599618426,0.85793505327765706415913278104101622
1.6955555555555555555555555555555556,0.000010886124247071292494924878873372208,0.86337165137453225010497872559180807
1.7111111111111111111111111111111111,0.0000097561047312584895925801804627885574,0.86866423589001962035111082940064572
1.7266666666666666666666666666666667,0.0000087383576413654648006172182447322919,0.87381352864597314569341212589269468
1.7422222222222222222222222222222222,0.0000078222784815643019951426436526548952,0.87882040163268479222297471513846594
1.7577777777777777777777777777777778,0.0000069982061245847752682384683005293612,0.88368587135122158794103011746918734
1.7733333333333333333333333333333333,0.0000062573448440745269508862833338641972,0.88841109297007658983043356261324189
1.7888888888888888888888888888888889,0.0000055916922046096166745947273110622401,0.89299735431861107984021653125999728
1.8044444444444444444444444444444444,0.0000049939724249009445227488370958318149,0.89744606973971002270765282240500796
1.82,0.0000044575748498568798166902636679673728,0.90175877382392627053876747049307077
1.8355555555555555555555555555555556,0.0000039770869655299896572219246392991714,0.90593178885238524967754105038508582
1.8511111111111111111111111111111111,0.0000035458216538568923356530274853983946,0.90997769372943866924774611919076602
1.8666666666666666666666666666666667,0.000003159497670947446453102603991585398,0.91389284608381739908497013319064325
1.8822222222222222222222222222222222,0.0000028136395154495092131567186354091393,0.91767919711405000075639794869084971
1.8977777777777777777777777777777778,0.0000025041944362554762746747887377412405,0.92133878592647659487943338847782116
1.9133333333333333333333333333333333,0.0000022274949520124125399847756626811559,0.92487373300729541003695319645096424
1.9288888888888888888888888888888889,0.0000019802244405481756466609324732224239,0.92828623372101799918728038889321264
1.9444444444444444444444444444444444,0.0000017593855719650721245429408647450135,0.9315785518536202828020653863151171
1.96,0.0000015622713734002048907538042557569947,0.93475301321789574327437145061540067
1.9755555555555555555555555555555556,0.0000013864387270306440079604133140238953,0.93781199933769080994914399134700123
1.9911111111111111111111111111111111,0.0000012298757035934736117120508475587052,0.94075419729824387713204465873391912
2.0066666666666666666666666666666667,0.0000010901920893749954587463701318859535,0.94358971095701376035754148570656742
2.0222222222222222222222222222222222,0.00000096581367048784035864372340850614173,0.94631716328524867289513201963070968
2.0377777777777777777777777777777778,0.00000085512993478800219614657423615218819,0.94893909756824092692709889671563091
2.0533333333333333333333333333333333,0.00000075669215851075186797799483389464133,0.95145808293541581319670574463292097
2.0688888888888888888888888888888889,0.00000066919801404371909475056554561658229,0.95387670881730768494960516108042379
2.0844444444444444444444444444444444,0.00000059147754870055415560882394105136499,0.95619757957235963475090739344954861
2.1,0.00000052248042217539089978719519991286044,0.95842330929263444737475192687301209
2.1155555555555555555555555555555556,0.00000046126429856649794400924370346722621,0.96055651679653127810668520350309084
2.1311111111111111111111111111111111,0.00000040705045608323710127836240931299211,0.96259723107368450807472338943230783
2.1466666666666666666666666666666667,0.00000035894201875472738074142011946849627,0.96455335702163411586879234211941988
2.1622222222222222222222222222222222,0.00000031633569772165489201634705695758575,0.9664247950745894086629966320017616
2.1777777777777777777777777777777778,0.00000027862487308973618968501744339330483,0.96821413687182345364608080826035702
2.1933333333333333333333333333333333,0.00000024526708602651416449949267233638058,0.96992395676759918145031388836244863
2.2088888888888888888888888888888889,0.00000021577757010106032272210218702812112,0.97155680806135663104812814063883975
2.2244444444444444444444444444444444,0.00000018972339881680515610274524935581538,0.97311521944482421682911840872766535
2.24,0.00000016671819458786480193085449450275197,0.97460169166677500094006790926214753
2.2555555555555555555555555555555556,0.00000014641734885441621921299823876703314,0.9760186944153506193998892339156595
2.2711111111111111111111111111111111,0.00000012851370716013648118209807191151574,0.97736866341711364743990339127982826
2.2866666666666666666666666666666667,0.00000011275285166360843337769066114837909,0.97865237359665204468072304247728929
2.3022222222222222222222222222222222,0.000000098850603649501655183175526184325414,0.97987551238000453276572014499800582
2.3177777777777777777777777777777778,0.000000086612045858967626331538789519363191,0.98103869205498768343364654828391124
2.3333333333333333333333333333333333,0.00000007584455125812788744500797930921793,0.98214418781569422935108617680679992
2.3488888888888888888888888888888889,0.000000066376986351276998205611160332192719,0.98319422956535761121412287678375639
2.3644444444444444444444444444444444,0.000000058057411594193638493464254761739044,0.9841910002602504591969601323170206
2.38,0.000000050751016136254970626201002127179933,0.985136634446504434153394316473365
2.3955555555555555555555555555555555,0.000000044338264360859405602084649094767924,0.98603321698440050475814253282353091
2.4111111111111111111111111111111111,0.000000038713233709442877820697764319431181,0.98688278195429744983745177999845613
2.4266666666666666666666666666666667,0.000000033782125126100052315223082508511117,0.9876873117380284007278959627545641
2.4422222222222222222222222222222222,0.000000029467162712005749856691648543657476,0.98844777703525658175250548398346044
2.4577777777777777777777777777777778,0.00000002568381332736506705645850953477431,0.98916802542590665314365761385477027
2.4733333333333333333333333333333333,0.000000022373157104912412523487773511211432,0.98984886656597862577539903316786948
2.4888888888888888888888888888888889,0.000000019477874696437707536070633578175484,0.99049207020494687521135505248380876
2.5044444444444444444444444444444444,0.000000016947370942398977561746625546946189,0.99109935219854605202130576278358591
2.52,0.000000014737014829188052261017335768071683,0.9916723744995645140910110059845772
2.5355555555555555555555555555555556,0.000000012807461789637682959253334958148284,0.99221274527491941545414518493858057
2.5511111111111111111111111111111111,0.000000011124049855530999527972432006204072,0.99272201914158543339329687480262503
2.5666666666666666666666666666666667,0.0000000096562619961275564629603296672437284,0.99320169751395228115132307602149762
2.5822222222222222222222222222222222,0.0000000083772477274971031126749302658280899,0.99365322905521943400152301076877332
2.5977777777777777777777777777777778,0.0000000072647429641535593146334888784649676,0.99407747670866205500757090172884807
2.6133333333333333333333333333333333,0.0000000062951364998328984116949017009453006,0.99447688446326660292647777249132988
2.6288888888888888888888888888888889,0.0000000054517520976833508736818279192710464,0.99485217914676650233613278993348033
2.6444444444444444444444444444444444,0.0000000047185987262082371878778389833094005,0.99520460482204141921319865597503645
2.66,0.0000000040816516972971756768408692190558473,0.99553535636417430835886342300590493
2.6755555555555555555555555555555556,0.0000000035286187505178578756220645348944761,0.99584558038595032758528762448868516
2.6911111111111111111111111111111111,0.0000000030487329466001684959344230134275594,0.99613637621872133699090721294785667
2.7066666666666666666666666666666667,0.0000000026325694256493031091553823338297807,0.99640879694236470931600454260959709
2.7222222222222222222222222222222222,0.0000000022718833932960945690317208611449125,0.99666385045828305237071987277342724
2.7377777777777777777777777777777778,0.0000000019594669753907526139560783919812424,0.99690250059962036604863611209546832
2.7533333333333333333333333333333333,0.0000000016893484480922712006847012847443397,0.99712538882703854610712408380533673
2.7688888888888888888888888888888889,0.0000000014553342592271880995264564915327192,0.99733397154630269198015266445979705
2.7844444444444444444444444444444444,0.0000000012530022105880289879983963790558154,0.99752878846516948808963325630455446
2.8,0.0000000010781680165220681425417247060782386,0.99771063885012493706252992976927519
2.8155555555555555555555555555555556,0.00000000092718528375867922773723665178539316,0.99788028382033958570907125453404755
2.8311111111111111111111111111111111,0.00000000079687838874627663263286929170494776,0.99803844757264496921150101854961482
2.8466666666666666666666666666666667,0.00000000068448345908266262944220481465674826,0.99818581860994599710514251791998203
2.8622222222222222222222222222222222,0.00000000058759651631471598242103566923015425,0.99832305096927715635101894292120677
2.8777777777777777777777777777777778,0.00000000050412794246863758299198156085037798,0.99845076544596821410673503131036253
2.8933333333333333333333333333333333,0.00000000043234881410913938766700867552381742,0.99856940247550836676861086499920103
2.9088888888888888888888888888888889,0.00000000037049865674113657730907998959450515,0.99867982717633223867399065002851408
2.9244444444444444444444444444444444,0.00000000031731030719736020280203538060063531,0.99878240838074008633457546754583132
2.94,0.00000000027159818034467898407733596575209699,0.99887764600761720512880474241891784
2.9555555555555555555555555555555556,0.00000000023233499311080410671832491429002364,0.99896601268899154960703136746271363
2.9711111111111111111111111111111111,0.00000000019863119205096429550290254930036361,0.99904795491058543627646630942017126
2.9866666666666666666666666666666667,0.00000000016971697591595849322919607293474659,0.99912389413057994527195515648759384
3.0022222222222222222222222222222222,0.00000000014492659658066014393944929125730591,0.99919422787493541657972738757009426
3.0177777777777777777777777777777778,0.00000000012368465890554929604150063675975898,0.99925933080781314703110107127011953
3.0333333333333333333333333333333333,0.00000000010549417312864987070965901136255408,0.99931955577583627409115268978012927
3.0488888888888888888888888888888889,8.9944777531819359186741128235758106e-11,0.99937516550579605212246760719404339
3.0644444444444444444444444444444444,7.6626430038079719737490387308791069e-11,0.99942661616110350756825560480028055
3.08,6.5241811771826590367070232510703402e-11,0.99947412614672353013746583505049353
3.0955555555555555555555555555555556,5.5516001062003424494887608635747497e-11,0.99951797094700652875802876364172139
3.1111111111111111111111111111111111,4.7212287468449853570764996527371864e-11,0.99955840902468450179531918281208545
3.1266666666666666666666666666666667,4.0126989504621870459175167572507341e-11,0.99959568269134414294137839905934554
3.1422222222222222222222222222222222,3.4084956617156235779434922368613055e-11,0.99963001894752824656168468942851316
3.1577777777777777777777777777777778,2.8935667702122183965213732734613283e-11,0.99966163029241172470776673331654484
3.1733333333333333333333333333333333,2.4549849319341013708801104972028073e-11,0.99969071550310795506152432610679187
3.1888888888888888888888888888888889,2.0816546347163296074510094993946112e-11,0.99971746038376177256397283754101644
3.2044444444444444444444444444444444,1.7644376176593962440923272698676141e-11,0.99974200797828563759802828552711351
3.22,1.4943606740359918978300999501073013e-11,0.99976458378229594021014657922326701
3.2355555555555555555555555555555556,1.2648789695786694549888780923789612e-11,0.99978530568548513103230930437994662
3.2511111111111111111111111111111111,1.0700076919957291688339232673089085e-11,0.99980431451008949495151193848766836
3.2666666666666666666666666666666667,9.0462623766424183550375275984982893e-12,0.99982174140833133122089635495480081
3.2822222222222222222222222222222222,7.6435617539110206722776059345150961e-12,0.99983770843813571911119740380764855
3.2977777777777777777777777777777778,6.4545603109553562604462624244642211e-12,0.99985232911185788228936261019600061
3.3133333333333333333333333333333333,5.4473063536075413364501638067167696e-12,0.99986570891869720986647230156574713
3.3288888888888888888888888888888889,4.5945307022226000820878307871609064e-12,0.99987794582150809356416964837694693
3.3444444444444444444444444444444444,3.8729750881869863366545276091024832e-12,0.99988913072874612107416092381736739
3.36,3.2635405365219521903694987035946161e-12,0.99989933529920593950262463808476477
3.3755555555555555555555555555555556,2.7477750069728434438010510804999153e-12,0.99990866404326200825279340160305334
3.3911111111111111111111111111111111,2.3121575295716050339082828289838376e-12,0.99991717546319341110069616413983812
3.4066666666666666666666666666666667,1.9444542638953406430157708500184021e-12,0.99992493650578703226268782922206844
3.4222222222222222222222222222222222,1.6342634823702930473125042646642085e-12,0.99993200907692825612588586792368806
3.4377777777777777777777777777777778,1.372746741172116696911296450771725e-12,0.9999384503808506777232412247384053
3.4533333333333333333333333333333333,1.1523986394859649959152048079192478e-12,0.99994431324007702222739799175591432
3.4688888888888888888888888888888889,9.6684975840100414704498803184881315e-13,0.99994964639685228575919175486134236
3.4844444444444444444444444444444444,8.1069810936812313428196837371669941e-13,0.99995449479686225544079367302187974
3.5,6.7952086962542884956979873989989389e-13,0.99995889985602023512510316506663671
3.5155555555555555555555555555555556,5.6910320639462991595154606071621058e-13,0.99996289477659407287967376822689654
3.5311111111111111111111111111111111,4.7634662132040276142666280184199346e-13,0.99996652497837765066730942543891624
3.5466666666666666666666666666666667,3.9847303793136831239965211529112462e-13,0.99996981729831341948310540279721024
3.5622222222222222222222222222222222,3.3313369296016410351107764452015125e-13,0.99997280139236191468740738058106844
3.5777777777777777777777777777777778,2.7834403338186253073464606058560572e-13,0.99997550449284436983607239449121779
3.5933333333333333333333333333333333,2.3242828824751536211392636203541011e-13,0.99997795158926840421314602424026783
3.6088888888888888888888888888888889,1.9397230854774942474992837076876208e-13,0.99998016559725682837323747855621169
3.6244444444444444444444444444444444,1.6178346811826557035407352370428113e-13,0.99998216751622019196584605502315711
3.64,1.3485659072800207734036593610960631e-13,0.99998397657639162251064639801292739
3.6555555555555555555555555555555556,1.1237164097277479453433984543936415e-13,0.99998560836577361140024458403499191
3.6711111111111111111111111111111111,9.3558288209729431448555417311080724e-14,0.99998708319422398981359945845423145
3.6866666666666666666666666666666667,7.7848699176670008753569152802435246e-14,0.99998841354445632970825286820112976
3.7022222222222222222222222222222222,6.4738700200747800147566987618465188e-14,0.99998961284955927521644683016348593
3.7177777777777777777777777777777778,5.380468431864207383570549700618891e-14,0.99999069336899259007722569871268893
3.7333333333333333333333333333333333,4.4690958649854366549311477034084163e-14,0.99999166628352730398975223080554774
3.7488888888888888888888888888888889,3.7099042339525638455249685761725366e-14,0.99999254178324361742225021985279008
3.7644444444444444444444444444444444,3.0778620268493831013121346574831036e-14,0.99999332914902514872596806435012973
3.78,2.5519901342813633614758203182811196e-14,0.99999403682796667406240262895753765
3.7955555555555555555555555555555556,2.1147167484415464348887551163081233e-14,0.99999467250309155368675254474793124
3.8111111111111111111111111111111111,1.751761579294509191518456312555358e-14,0.9999952424578228442903839606502629
3.8266666666666666666666666666666667,1.4498905188309663937177408792984267e-14,0.9999957545073164405875027178127867
3.8422222222222222222222222222222222,1.1993300626085834015527232305195413e-14,0.99999621363010527299387368901526699
3.8577777777777777777777777777777778,9.9148352671886554758451467783506683e-15,0.99999662504969556590414820319755427
3.8733333333333333333333333333333333,8.1917282186612632635028094431477472e-15,0.99999699350116574060700800130112056
3.8888888888888888888888888888888889,6.7640808932773112255653901224962835e-15,0.99999732327396363631116408009764492
3.9044444444444444444444444444444444,5.5819411406109009365938175758135421e-15,0.99999761825124791776788430368338674
3.92,4.6036774903521328724777180308373896e-15,0.99999788194602367027651951547062544
3.9355555555555555555555555555555556,3.7946147148342158274786941859643187e-15,0.99999811753430687218300857136636835
3.9511111111111111111111111111111111,3.1258894487301406363006456363095998e-15,0.99999832788553780219047562558055798
3.9666666666666666666666666666666667,2.5741402876360275501040440024561339e-15,0.99999851536092360866757106179799223
3.9822222222222222222222222222222222,2.1179937356467615352927298176883217e-15,0.99999868278195421502736590387511696
3.9977777777777777777777777777777778,1.7416472431873968104749819824442106e-15,0.99999883199931201124343801475332025
4.0133333333333333333333333333333333,1.4313266777295578116319676168187374e-15,0.99999896491244312191103646764376418
4.0288888888888888888888888888888889,1.1756021107335528261489221313336798e-15,0.99999908323175664474751435033871778
4.0444444444444444444444444444444444,9.6499474566384023756694167188153646e-16,0.9999991884964191233712733860624671
4.06,7.9164872908653249916005182343084702e-16,0.99999928209058369260883084730383384
4.0755555555555555555555555555555556,6.4905731153615625629973259167271957e-16,0.99999936525818017732956512611802381
4.0911111111111111111111111111111111,5.318345048374386641745066709117677e-16,0.99999943911638338678507825248114385
4.1066666666666666666666666666666667,4.3552479964130051447742261147751054e-16,0.9999995046678683421071699683938213
4.1222222222222222222222222222222222,3.5653736517989321695767526385978815e-16,0.99999956274107151835704454972813274
4.1377777777777777777777777777777778,2.9162686635317107253142742217176288e-16,0.99999961429190802464561692383874332
4.1533333333333333333333333333333333,2.3839265204020436150121067266656673e-16,0.99999965996258795789481978691456247
4.1688888888888888888888888888888889,1.9476056775868447293231370375325651e-16,0.99999970039954312639120760511368658
4.1844444444444444444444444444444444,1.5902009613132994564832336651304018e-16,0.99999973618104986950504618610596545
4.2,1.2976147822080951438641265699577036e-16,0.9999997678240761097868358139279433
4.2155555555555555555555555555555556,1.0582355086593446374123321325408122e-16,0.99999979579047881294656658128099957
4.2311111111111111111111111111111111,8.6250501536817043166351682366519428e-17,0.99999982049260929448418866442379161
4.2466666666666666666666666666666667,7.0256039208295869379847325430373982e-17,0.99999984229837917659027880952679115
4.2622222222222222222222222222222222,5.7208991948431909783919121914683752e-17,0.99999986151244819371594748642460643
4.2777777777777777777777777777777778,4.6544896781126517733569461768693663e-17,0.99999987847667542485281245855867371
4.2933333333333333333333333333333333,3.7846221260915002004041661568803197e-17,0.99999989342488088479059510115539354
4.3088888888888888888888888888888889,3.0754993106209295565968095825477353e-17,0.99999990658874057801902569035480524
4.3244444444444444444444444444444444,2.4977638894051554489453438056259421e-17,0.99999991817429014852459882250586345
4.34,2.0273547613818605450540239774792184e-17,0.99999992836464350222308328616549865
4.3555555555555555555555555555555556,1.6445637824354413316721477309836636e-17,0.99999993732243719926355207214041106
4.3711111111111111111111111111111111,1.3332582368777545884969918137338387e-17,0.99999994519202667517965262551278004
4.3866666666666666666666666666666667,1.0802403473924335399891696149420781e-17,0.99999995210145805121148385077595563
4.4022222222222222222222222222222222,8.7472000765606425934793490946438694e-18,0.99999995816423717915035038405248643
4.4177777777777777777777777777777778,7.0807534897545772693213611713875839e-18,0.99999996347447181245695002692578707
4.4333333333333333333333333333333333,5.7268197689308234064329077707613088e-18,0.99999996813486579183892299734056281
4.4488888888888888888888888888888889,4.6290305804175425630409987973497076e-18,0.99999997221683792691833103320474673
4.4644444444444444444444444444444445,3.7394614522098278688627717092192624e-18,0.99999997579003235226382701585389718
4.48,3.0190515648274732319543414363180089e-18,0.99999997891598552957721901574286204
4.4955555555555555555555555555555556,2.4359840635707156440363932458490812e-18,0.99999998164903503352093739369717093
4.5111111111111111111111111111111111,1.9643586324202122588741899191617955e-18,0.99999998403713078825174434567278859
4.5266666666666666666666666666666667,1.583104285847635407593221179637979e-18,0.99999998612255870891017888028670846
4.5422222222222222222222222222222222,1.2750894743907054474527245384822198e-18,0.9999999879425857466457109609705201
4.5577777777777777777777777777777778,1.0263941577564531749846464120844652e-18,0.9999999895300344650545327589821323
4.5733333333333333333333333333333333,8.2594778983618570685291661711858221e-19,0.99999999091212250106192184250226123
4.5888888888888888888888888888888889,6.6406583826788210711764835586468096e-19,0.99999999211782127569808200705068105
4.6044444444444444444444444444444445,5.3359531580048278572110683124134159e-19,0.99999999316755378837261072811978156
4.62,4.2850430229673467898539233136994593e-19,0.99999999408094680383427478235415424
4.6355555555555555555555555555555556,3.4390671678022825023405017278823048e-19,0.99999999487523102086004394713862894
4.6511111111111111111111111111111111,2.7584708978968364225563547510529193e-19,0.99999999556552389194285929676777723
4.6666666666666666666666666666666667,2.2112529037962623207132187008145016e-19,0.99999999616508030467511252242510553
4.6822222222222222222222222222222222,1.7715388121419542424959417981507718e-19,0.99999999668551462118790360771855201
4.6977777777777777777777777777777778,1.4184210149648405705928336142340376e-19,0.99999999713699721059645322964776475
4.7133333333333333333333333333333333,1.1350156690306771293462619940305855e-19,0.99999999752842828310450833425896718
4.7288888888888888888888888888888889,9.0795986143625401077197668975078033e-20,0.99999999786718298842130705121038219
4.7444444444444444444444444444444444,7.256848678573248280425240396036747e-20,0.99999999816093621255493922609505457
4.76,5.7965775883833994219023345371156614e-20,0.9999999984151592461301771067771151
4.7755555555555555555555555555555556,4.627403742302714151632144687596678e-20,0.9999999986350395661070847607971355
4.7911111111111111111111111111111111,3.6918604159998212601115793037636199e-20,0.99999999882510232656952652569315016
4.8066666666666666666666666666666667,2.9437117134360820100476112397756753e-20,0.99999999898929240631509098500388158
4.8222222222222222222222222222222222,2.3457805926294639381977765812627334e-20,0.99999999913104662863402605678814309
4.8377777777777777777777777777777778,1.8681923820688874433284536589030994e-20,0.99999999925335728660703636765866839
4.8533333333333333333333333333333333,1.4869552042783172482498202834270028e-20,0.99999999935882798214140214448818847
4.8688888888888888888888888888888889,1.1828134104714900918389409275467988e-20,0.9999999994497226749732061398152707
4.8844444444444444444444444444444444,9.4060196120749550423348238306222498e-21,0.99999999952791472454552158742760094
4.9,7.4732353292697577010561368421346666e-21,0.99999999959531382492198136154414137
4.9155555555555555555555555555555556,5.9340808640129713892622920280254297e-21,0.9999999996532939009177994696242178
4.9311111111111111111111111111111111,4.7091255765119134716226825897046499e-21,0.99999999970314131914271063615471857
4.9466666666666666666666666666666667,3.7348148687818122594807418311742469e-21,0.9999999997459710916558844540816902
4.9622222222222222222222222222222222,2.9603282420055000600889844527140966e-21,0.99999999978274908878689542678833014
4.9777777777777777777777777777777778,2.3450528022563987096219711802322188e-21,0.99999999981431145759503121415016714
4.9933333333333333333333333333333333,1.8565529410685136094121139636413256e-21,0.99999999984138158593487795907035396
5.0088888888888888888888888888888889,1.4689397765589773619228407714640695e-21,0.99999999986458491226989464875002004
5.0244444444444444444444444444444444,1.161916215587823889009195251318358e-21,0.9999999998844380419117606056679758
5.04,9.1823880317634064972480172283616425e-22,0.99999999990145865875369043634231943
5.0555555555555555555555555555555556,7.2523435765203633565039389215053013e-22,0.99999999991602173732752360668342816
5.0711111111111111111111111111111111,5.7245715311989567219344394805159727e-22,0.99999999992847463154599251283460899
5.0866666666666666666666666666666667,4.5159536512325938845800745434797619e-22,0.99999999993911671386679304981638049
5.1022222222222222222222222222222222,3.5603920727552719413899349816239773e-22,0.99999999994820584015833151738549792
5.1177777777777777777777777777777778,2.8053562585725455951568128880841188e-22,0.99999999995596396690555486188863819
5.1333333333333333333333333333333333,2.2091237736860145913678936164154202e-22,0.99999999996258202860894003469139117
5.1488888888888888888888888888888889,1.7385768646189599307207226501143648e-22,0.99999999996822416995987331554246528
5.1644444444444444444444444444444444,1.3674439908819124414016408927142544e-22,0.99999999997303141567750946513932496
5.18,1.0752329692620368151038949700358936e-22,0.99999999997711996345808635142634538
5.1955555555555555555555555555555556,8.4469927548502148109020301835750727e-23,0.99999999998060421577560321555936841
5.2111111111111111111111111111111111,6.6319833803155283574629317232896341e-23,0.99999999998356754511415207392691943
5.2266666666666666666666666666666667,5.2038704711946017331841881845521445e-23,0.9999999999860863205706604748851459
5.2422222222222222222222222222222222,4.0808558101991112890629359455193381e-23,0.99999999998822594818134654783223294
5.2577777777777777777777777777777778,3.1982891532279745037233333775149269e-23,0.99999999999004240945451400947727741
5.2733333333333333333333333333333333,2.5051046986383324019239188509171017e-23,0.99999999999158358923107227029572299
5.2888888888888888888888888888888889,1.9609914231964625867700519262354575e-23,0.9999999999928904209552542754228223
5.3044444444444444444444444444444444,1.5341475635068098125835843523657176e-23,0.99999999999399787380408693914851211
5.32,1.1994997719489705296590268507835936e-23,0.99999999999493580294514860817563102
5.3355555555555555555555555555555556,9.3759156315558434336051549156721745e-24,0.99999999999572873652114796225742091
5.3511111111111111111111111111111111,7.3220067329040329110997083195261697e-24,0.99999999999640043062319446769090638
5.3666666666666666666666666666666667,5.7146285636385011832756777803644873e-24,0.99999999999696828147793845523254032
5.3822222222222222222222222222222222,4.4574581159061864868572350881113536e-24,0.99999999999744805496164841608865575
5.3977777777777777777777777777777778,3.4747841052303535037199114298689723e-24,0.99999999999785316910735331233467929
5.4133333333333333333333333333333333,2.70713281251719422701184399087382e-24,0.99999999999819503658159743775940289
5.4288888888888888888888888888888889,2.1078142767461560400318563739755155e-24,0.99999999999848335830647467884848679
5.4444444444444444444444444444444444,1.6401968983714177790700847352127059e-24,0.99999999999872637502952669360869037
5.46,1.27555817738719205937017823384551e-24,0.9999999999989310827216218797149623
5.4755555555555555555555555555555556,9.9139085505734972247090588720228577e-25,0.9999999999991034168819547854591121
5.4911111111111111111111111111111111,7.7032113686743801422828283154846348e-25,0.99999999999924823809139132160567789
5.5066666666666666666666666666666667,5.9799324433122408818599827320637555e-25,0.99999999999937018227964485010082745
5.5222222222222222222222222222222222,4.6393766571647135835504370428881706e-25,0.99999999999947265689143082122423564
5.5377777777777777777777777777777778,3.5971710271717895643803157552968644e-25,0.9999999999995587187389795469792401
5.5533333333333333333333333333333333,2.7874020268271387896695143950496002e-25,0.99999999999963095317018259385615607
5.5688888888888888888888888888888889,2.1586084626630768142009122003503392e-25,0.99999999999969154541721333338122853
5.5844444444444444444444444444444444,1.670637209944419908227177287734511e-25,0.99999999999974234136500687334614904
5.6,1.2921775488721739804165768806420533e-25,0.99999999999978489927451205630695302
5.6155555555555555555555555555555556,9.9882885198670592230593760564633206e-26,0.99999999999982053377817862426900329
5.6311111111111111111111111111111111,7.7184555769421721390657117607507176e-26,0.99999999999985031799327727416617641
5.6466666666666666666666666666666667,5.9586079027923791784781034273839579e-26,0.99999999999987526221294502306257718
5.6622222222222222222222222222222222,4.596982610506657574233941084691701e-26,0.99999999999989611088096407038396041
5.6777777777777777777777777777777778,3.5441014615376826363467400860339192e-26,0.99999999999991352597862700932700268
5.6933333333333333333333333333333333,2.7304464593778768810239393150301956e-26,0.99999999999992806424840121307064163
5.7088888888888888888888888888888889,2.1020402663691079042041546542747376e-26,0.99999999999994019363228635849580783
5.7244444444444444444444444444444444,1.6169977336916853096943034801368626e-26,0.99999999999995030719025390559764847
5.74,1.2428368367540495860547902557497408e-26,0.99999999999995873487736577052315727
5.7555555555555555555555555555555556,9.5438309149252800882854443654926969e-27,0.99999999999996575350250802771091794
5.7711111111111111111111111111111111,7.3213748989903997848788372144963717e-27,0.99999999999997159514400723646659957
5.7866666666666666666666666666666667,5.6120017577628213747995094554469282e-27,0.99999999999997644852470896441841596
5.8022222222222222222222222222222222,4.2946179585365911558963860649278373e-27,0.99999999999998048890587685013456686
5.8177777777777777777777777777777778,3.2814363996105487411295157747778971e-27,0.99999999999998384568801385722347863
5.8333333333333333333333333333333333,2.5026803345172033339797643143579316e-27,0.99999999999998663285623409187027487
5.8488888888888888888888888888888889,1.904468750996346001495161036078634e-27,0.99999999999998894567933373740038872
5.8644444444444444444444444444444444,1.4452206128631442201275260864697983e-27,0.99999999999999086373346588228448033
5.88,1.0928666189112400118008737766761671e-27,0.99999999999999245344568439228226223
5.8955555555555555555555555555555555,8.2268847978550418189262930447733915e-28,0.99999999999999377023220861303719826
5.9111111111111111111111111111111111,6.1564553735655036790467982114027066e-28,0.99999999999999486029481881705074191
5.9266666666666666666666666666666667,4.5707961139266853752744702053374158e-28,0.99999999999999576212906276789011279
5.9422222222222222222222222222222222,3.3585031723537071236765403827050761e-28,0.99999999999999650691280739079014025
5.9577777777777777777777777777777778,2.4297991029082727949616090796052538e-28,0.99999999999999712322731161003149664
5.9733333333333333333333333333333333,1.7198211464656107273632308228086032e-28,0.99999999999999763220135096479224929
5.9888888888888888888888888888888889,1.1773812046308164040937663660342393e-28,0.99999999999999805227755711373027635
6.0044444444444444444444444444444444,7.6319288113550474349553090007941192e-29,0.99999999999999839877476830181235278
6.02,4.4712269523901074576101519988301761e-29,0.99999999999999868440923593139592035
6.0355555555555555555555555555555556,2.0607169212001027551248464014269812e-29,0.99999999999999891973023893376094191
6.0511111111111111111111111111111111,2.234404364322102656255024680469914e-30,0.99999999999999911348392684438874689
6.0666666666666666666666666666666667,-1.1760851409852309459931141903095215e-29,0.99999999999999927291702048530738723
6.0822222222222222222222222222222222,-2.241525792834333003707946522366188e-29,0.99999999999999940403014819389460648
6.0977777777777777777777777777777778,-3.0512413425795754761762810432566772e-29,0.99999999999999951166270341974566353
6.1133333333333333333333333333333333,-3.6678602682048072993623880134301137e-29,0.999999999999999600196700717463416
6.1288888888888888888888888888888889,-4.1364716048511435237537658163316287e-29,0.99999999999999967287349146732646033
6.1444444444444444444444444444444444,-4.4924106841985641043994826040282619e-29,0.99999999999999973249742428742708666
6.16,-4.7626358663966308591057842336289369e-29,0.99999999999999978138344697807124047
6.1755555555555555555555555555555556,-4.9677055902010768516338686666337613e-29,0.99999999999999982144133054764755536
6.1911111111111111111111111111111111,-5.1232905195027493757718368878656168e-29,0.99999999999999985424561005331940564
6.2066666666666666666666666666666667,-5.2413332061205153682745043190636983e-29,0.99999999999999988109362717277471801
6.2222222222222222222222222222222222,-5.3309350467209836822685197953659411e-29,0.99999999999999990305366770289280242
6.2377777777777777777777777777777778,-5.3990370380456891674496991899342988e-29,0.99999999999999992100485868387181439
6.2533333333333333333333333333333333,-5.4508794140101737976552413174405812e-29,0.99999999999999993565307493488300856
6.2688888888888888888888888888888889,-5.4906508841643836792995416549120646e-29,0.99999999999999994763000163667596927
6.2844444444444444444444444444444444,-5.5213996428928400500984015685319412e-29,0.99999999999999995740290233353746307
6.3,-5.5455539664752596996491199678332414e-29,0.99999999999999996537258059007899748
6.3155555555555555555555555555555556,-5.565030866380390175109429871954442e-29,0.99999999999999997186785196274701518
6.3311111111111111111111111111111111,-5.5813845177621937606188421140332854e-29,0.99999999999999997715830691992411505
6.3466666666666666666666666666666667,-5.595925208908701535393864205625717e-29,0.99999999999999998146484161575950137
6.3622222222222222222222222222222222,-5.6098226248776540231976005017729923e-29,0.99999999999999998496834134756356905
6.3777777777777777777777777777777778,-5.6241956999336893463522863152851084e-29,0.99999999999999998781683617699516122
6.3933333333333333333333333333333333,-5.640178320629588086677258321300816e-29,0.99999999999999999012869624680256323
6.4088888888888888888888888888888889,-5.6590940559885569135932890621614583e-29,0.99999999999999999200877929394711853
6.4244444444444444444444444444444444,-5.6824334751652351172628331826707483e-29,0.99999999999999999353461700546616945
6.44,-5.7120508311604741937358607590921773e-29,0.99999999999999999477221291199292196
6.4555555555555555555555555555555556,-5.7502865261737952125070124980589357e-29,0.99999999999999999577541538209815724
6.4711111111111111111111111111111111,-5.8001471315102511449137201007621689e-29,0.99999999999999999658812898746435509
6.4866666666666666666666666666666667,-5.8655338237486108609122048434597296e-29,0.99999999999999999724612865828375626
6.5022222222222222222222222222222222,-5.951538134418048613325332479713996e-29,0.9999999999999999977785470280190284
6.5177777777777777777777777777777778,-6.0648266610873037528090712166108281e-29,0.99999999999999999820909306394262688
6.5333333333333333333333333333333333,-6.2141399283592600935142735190461803e-29,0.99999999999999999855704989543692752
6.5488888888888888888888888888888889,-6.4106551712884853891019604371336917e-29,0.9999999999999999988377647999036444
6.5644444444444444444444444444444444,-6.6699126696956752514632803253926403e-29,0.99999999999999999906468606405530823
6.58,-7.0114276281448760511192777571930285e-29,0.9999999999999999992477483709669723
6.5955555555555555555555555555555556,-7.4610839761493864399478712192147138e-29,0.99999999999999999939534005100996783
6.6111111111111111111111111111111111,-8.0528100682826963450505127685058418e-29,0.99999999999999999951426255105350767
6.6266666666666666666666666666666667,-8.8310566826937491902887865116026645e-29,0.99999999999999999961002723805406632
6.6422222222222222222222222222222222,-9.8540253517722661938047936238059063e-29,0.99999999999999999968709734565112438
6.6577777777777777777777777777777778,-1.1197879490726951357102899805951278e-28,0.99999999999999999974908507752417466
6.6733333333333333333333333333333333,-1.296222775899761401261220727285928e-28,0.99999999999999999979891207698857573
6.6888888888888888888888888888888889,-1.5277261901754209321181592547211469e-28,0.99999999999999999983893998870339519
6.7044444444444444444444444444444444,-1.8308557619288873399515051799566754e-28,0.99999999999999999987103939725148001
6.72,-2.2285707258413252599290803332935049e-28,0.9999999999999999998968323456283623
6.7355555555555555555555555555555556,-2.7494833150063822600781985114146013e-28,0.99999999999999999991751551799142284
6.7511111111111111111111111111111111,-3.431346450788287607006148705940864e-28,0.99999999999999999993409124257991096
6.7666666666666666666666666666666667,-4.3233547725433891533681289020152446e-28,0.99999999999999999994736723824582153
6.7822222222222222222222222222222222,-5.4895731182979989252948679247868213e-28,0.99999999999999999995799399868999083
6.7977777777777777777777777777777778,-7.0133803264466202121034651992040391e-28,0.99999999999999999996649507447573101
6.8133333333333333333333333333333333,-9.0032260016335459470800211613957494e-28,0.99999999999999999997329158656879617
6.8288888888888888888888888888888889,-1.1600083245327608777707734701753595e-27,0.99999999999999999997872205769468686
6.8444444444444444444444444444444444,-1.4987088671523500536192343326151214e-27,0.99999999999999999998305844568073484
6.86,-1.9395502024862305580426513713064541e-27,0.99999999999999999998651510213718486
6.8755555555555555555555555555555556,-2.51448766025187328622848440653179e-27,0.9999999999999999999892760259152685
6.8911111111111111111111111111111111,-3.263012864942187294827138187661397e-27,0.99999999999999999999147673686786578
6.9066666666666666666666666666666667,-4.2369511545303782035458823407841912e-27,0.99999999999999999999322985346553085
6.9222222222222222222222222222222222,-5.5034233776183563118511280435929252e-27,0.99999999999999999999462557187484196
6.9377777777777777777777777777777778,-7.1493069482417088996561542448735807e-27,0.99999999999999999999573608583130456
6.9533333333333333333333333333333333,-9.2869823375074944550148949262603272e-27,0.99999999999999999999661914426746602
6.9688888888888888888888888888888889,-1.2061730750596368593007973334323429e-26,0.99999999999999999999732091309907516
6.9844444444444444444444444444444444,-1.5661251456118508204120935444756057e-26,0.99999999999999999999787827581785154
7.0,-2.0321037332312351158385887065958891e-26,0.99999999999999999999832068177393961
