zeta,trade_off_alpha,trade_off_beta
-7.0,0.99999999999999999999832068177393959,-2.0321037342374582801424668134171276e-26
-6.9844444444444444444444444444444444,0.99999999999999999999787827581785153,-1.5661251465898621202962367511055945e-26
-6.9688888888888888888888888888888889,0.99999999999999999999732091309907514,-1.2061730760141382721684947899029569e-26
-6.9533333333333333333333333333333333,0.999999999999999999996619144267466,-9.2869823468174097135274119893727206e-27
-6.9377777777777777777777777777777778,0.99999999999999999999573608583130455,-7.1493069574105648360699968070297257e-27
-6.9222222222222222222222222222222222,0.99999999999999999999462557187484194,-5.5034233867872122482649706057490702e-27
-6.9066666666666666666666666666666667,0.99999999999999999999322985346553084,-4.2369511634641352697952674013465889e-27
-6.8911111111111111111111111111111111,0.99999999999999999999147673686786576,-3.2630128735468059428462827459925484e-27
-6.8755555555555555555555555555555556,0.99999999999999999998927602591526848,-2.5144876686684128381160629635879436e-27
-6.86,0.99999999999999999998651510213718485,-1.9395502109027701099302299283626078e-27
-6.8444444444444444444444444444444444,0.99999999999999999998305844568073482,-1.4987088756159093795397043899900245e-27
-6.8288888888888888888888888888888889,0.99999999999999999997872205769468684,-1.1600083328082411075596775262752647e-27
-6.8133333333333333333333333333333333,0.99999999999999999997329158656879615,-9.0032260834479527643112317160198124e-28
-6.7977777777777777777777777777777778,0.99999999999999999996649507447573099,-7.0133804026186541453876957155781667e-28
-6.7822222222222222222222222222222222,0.99999999999999999995799399868999081,-5.4895731944700328585790984411609489e-28
-6.7666666666666666666666666666666667,0.99999999999999999994736723824582151,-4.3233548487154230866523594183893722e-28
-6.7511111111111111111111111111111111,0.99999999999999999993409124257991094,-3.4313465227285418773301441936275401e-28
-6.7355555555555555555555555555555556,0.99999999999999999991751551799142282,-2.7494833860062410497443639927262881e-28
-6.72,0.99999999999999999989683234562836228,-2.2285707973113817899241608177926864e-28
-6.7044444444444444444444444444444444,0.99999999999999999987103939725147999,-1.8308558315181529086309256517058784e-28
-6.6888888888888888888888888888888889,0.99999999999999999983893998870339517,-1.5277262588242910201397497200953607e-28
-6.6733333333333333333333333333333333,0.99999999999999999979891207698857571,-1.2962228431380382682960661830976579e-28
-6.6577777777777777777777777777777778,0.99999999999999999974908507752417464,-1.1197880139599833011005604204693846e-28
-6.6422222222222222222222222222222222,0.99999999999999999968709734565112436,-9.8540259959431704444183479906735287e-29
-6.6266666666666666666666666666666667,0.9999999999999999996100272380540663,-8.8310573033547664244565907190955562e-29
-6.6111111111111111111111111111111111,0.99999999999999999951426255105350765,-8.0528106560298717561942667528741104e-29
-6.5955555555555555555555555555555556,0.99999999999999999939534005100996781,-7.461084549790629641224175107958144e-29
-6.58,0.99999999999999999924774837096697228,-7.0114282017861192523955816459364587e-29
-6.5644444444444444444444444444444444,0.9999999999999999990646860640553082,-6.6699132245290088395829840866362859e-29
-6.5488888888888888888888888888888889,0.99999999999999999883776479990364438,-6.4106557073139093640650640708775527e-29
-6.5333333333333333333333333333333333,0.9999999999999999985570498954369275,-6.214140454980729261899077089040149e-29
-6.5177777777777777777777777777777778,0.99999999999999999820909306394262686,-6.0648271689008633080372746591050122e-29
-6.5022222222222222222222222222222222,0.99999999999999999777854702801902837,-5.9515386210727098537523607787709224e-29
-6.4866666666666666666666666666666667,0.99999999999999999724612865828375624,-5.8655342915953624881826330150168714e-29
-6.4711111111111111111111111111111111,0.99999999999999999658812898746435507,-5.8001475781981044573829731288820531e-29
-6.4555555555555555555555555555555556,0.99999999999999999577541538209815722,-5.7502869705106598233316905102413467e-29
-6.44,0.99999999999999999477221291199292194,-5.7120512472854743848256385800249115e-29
-6.4244444444444444444444444444444444,0.99999999999999999353461700546616943,-5.682433877184303098485160907978644e-29
-6.4088888888888888888888888888888889,0.99999999999999999200877929394711851,-5.6590944297957604750807165962196771e-29
-6.3933333333333333333333333333333333,0.9999999999999999901286962468025632,-5.6401786779798707366526607437967233e-29
-6.3777777777777777777777777777777778,0.9999999999999999878168361769951612,-5.6241960502310058913939636899685965e-29
-6.3622222222222222222222222222222222,0.99999999999999998496834134756356903,-5.6098229681220044633055528286440612e-29
-6.3466666666666666666666666666666667,0.99999999999999998146484161575950135,-5.5959255262921762574114913571845821e-29
-6.3311111111111111111111111111111111,0.99999999999999997715830691992411503,-5.5813848163377588694798691380923658e-29
-6.3155555555555555555555555555555556,0.99999999999999997186785196274701515,-5.5650311437970569691692817525762648e-29
-6.3,0.99999999999999996537258059007899746,-5.5455542297859942838415217528302257e-29
-6.2844444444444444444444444444444444,0.99999999999999995740290233353746305,-5.5213998920976424244233532579040871e-29
-6.2688888888888888888888888888888889,0.99999999999999994763000163667596925,-5.4906511122102877388233182008469528e-29
-6.2533333333333333333333333333333333,0.99999999999999993565307493488300854,-5.4508796279501456473115677677506309e-29
-6.2377777777777777777777777777777778,0.99999999999999992100485868387181436,-5.399037235528740105594000528682037e-29
-6.2222222222222222222222222222222222,0.99999999999999990305366770289280239,-5.3309352230451363056116459906764217e-29
-6.2066666666666666666666666666666667,0.99999999999999988109362717277471799,-5.2413333648122527292833178948431308e-29
-6.1911111111111111111111111111111111,0.99999999999999985424561005331940562,-5.1232906687905319302023503998951571e-29
-6.1755555555555555555555555555555556,0.99999999999999982144133054764755533,-4.9677057206809497929077820511635169e-29
-6.16,0.99999999999999978138344697807124044,-4.762635980419582888867672506596381e-29
-6.1444444444444444444444444444444444,0.99999999999999973249742428742708663,-4.4924107788258593455936269955115531e-29
-6.1288888888888888888888888888888889,0.99999999999999967287349146732646031,-4.1364716830215178534358850962526084e-29
-6.1133333333333333333333333333333333,0.99999999999999960019670071746341597,-3.6678603293305135421213384278044136e-29
-6.0977777777777777777777777777777778,0.9999999999999995116627034197456635,-3.0512413890116023336566376080217704e-29
-6.0822222222222222222222222222222222,0.99999999999999940403014819389460646,-2.2415258228094389496762779755689697e-29
-6.0666666666666666666666666666666667,0.9999999999999992729170204853073872,-1.1760851548707579650813853781902218e-29
-6.0511111111111111111111111111111111,0.99999999999999911348392684438874686,2.2344043874646476880688099936044146e-30
-6.0355555555555555555555555555555556,0.99999999999999891973023893376094188,2.0607169394202651928703027749423975e-29
-6.02,0.99999999999999868440923593139592032,4.4712269861855700437509178529313515e-29
-6.0044444444444444444444444444444444,0.99999999999999839877476830181235275,7.6319288598441894063746687045045014e-29
-5.9888888888888888888888888888888889,0.99999999999999805227755711373027632,1.1773812110372606160752332844638534e-28
-5.9733333333333333333333333333333333,0.99999999999999763220135096479224926,1.7198211544589723129547858769960116e-28
-5.9577777777777777777777777777777778,0.99999999999999712322731161003149661,2.4297991123122276015399091433551461e-28
-5.9422222222222222222222222222222222,0.99999999999999650691280739079014021,3.3585031836972276091116148346033837e-28
-5.9266666666666666666666666666666667,0.99999999999999576212906276789011276,4.5707961266220243641551752913997704e-28
-5.9111111111111111111111111111111111,0.99999999999999486029481881705074187,6.1564553877889853239964770578244187e-28
-5.8955555555555555555555555555555556,0.99999999999999377023220861303719822,8.2268848133715672497804881499607138e-28
-5.88,0.99999999999999245344568439228226219,1.0928666206392167075096364133902098e-27
-5.8644444444444444444444444444444444,0.99999999999999086373346588228448029,1.4452206147086703509185174739807146e-27
-5.8488888888888888888888888888888889,0.99999999999998894567933373740038868,1.9044687530299512284177184248645482e-27
-5.8333333333333333333333333333333333,0.99999999999998663285623409187027482,2.5026803366330931654598818287016574e-27
-5.8177777777777777777777777777777778,0.99999999999998384568801385722347858,3.281436401891007781724753540237246e-27
-5.8022222222222222222222222222222222,0.9999999999999804889058768501345668,4.2946179609581095185902983313434346e-27
-5.7866666666666666666666666666666667,0.9999999999999764485247089644184159,5.6120017603489089466085419729781486e-27
-5.7711111111111111111111111111111111,0.9999999999999715951440072364665995,7.32137490176456645281943573330259e-27
-5.7555555555555555555555555555555556,0.99999999999996575350250802771091787,9.5438309177934863042918258849364141e-27
-5.74,0.99999999999995873487736577052315719,1.2428368370526251511636512827737999e-26
-5.7244444444444444444444444444444444,0.99999999999995030719025390559764839,1.6169977340067177957146765322724839e-26
-5.7088888888888888888888888888888889,0.99999999999994019363228635849580773,2.1020402667005973111360397315219213e-26
-5.6933333333333333333333333333333333,0.99999999999992806424840121307064153,2.7304464597211212314640472673570666e-26
-5.6777777777777777777777777777777778,0.99999999999991352597862700932700257,3.5441014618926819302950709134404777e-26
-5.6622222222222222222222222222222222,0.99999999999989611088096407038396029,4.5969826108663588455855610621301344e-26
-5.6466666666666666666666666666666667,0.99999999999987526221294502306257704,5.958607903175590336846169154981766e-26
-5.6311111111111111111111111111111111,0.99999999999985031799327727416617625,7.7184555773347872522403557884122756e-26
-5.6155555555555555555555555555555556,0.99999999999982053377817862426900311,9.9882885202831842232504658342842533e-26
-5.6,0.99999999999978489927451205630695282,1.2921775489140215793058503159257403e-25
-5.5844444444444444444444444444444444,0.99999999999974234136500687334614883,1.670637209989088693558424213037323e-25
-5.5688888888888888888888888888888889,0.99999999999969154541721333338122829,2.1586084627082157972724880406563386e-25
-5.5533333333333333333333333333333333,0.99999999999963095317018259385615581,2.7874020268750989591830637253747247e-25
-5.5377777777777777777777777777777778,0.99999999999955871873897954697923982,3.5971710272202199316341940006251763e-25
-5.5222222222222222222222222222222222,0.99999999999947265689143082122423533,4.6393766572136141485446442032196701e-25
-5.5066666666666666666666666666666667,0.99999999999937018227964485010082712,5.9799324433630222378155055524080049e-25
-5.4911111111111111111111111111111111,0.99999999999924823809139132160567755,7.7032113687265720914593378808384467e-25
-5.4755555555555555555555555555555556,0.99999999999910341688195478545911174,9.9139085506280401625872130123926071e-25
-5.46,0.99999999999893108272162187971496193,1.2755581773925523136099278648818475e-24
-5.4444444444444444444444444444444444,0.99999999999872637502952669360869001,1.6401968983771541915020974982515933e-24
-5.4288888888888888888888888888888889,0.99999999999848335830647467884848644,2.1078142767519394722379020285147216e-24
-5.4133333333333333333333333333333333,0.99999999999819503658159743775940257,2.7071328125231657383140212114143011e-24
-5.3977777777777777777777777777777778,0.99999999999785316910735331233467903,3.4747841052364660743441873249104097e-24
-5.3822222222222222222222222222222222,0.99999999999744805496164841608865558,4.4574581159125341563516754406543848e-24
-5.3666666666666666666666666666666667,0.99999999999696828147793845523254029,5.7146285636448958725441510244078372e-24
-5.3511111111111111111111111111111111,0.99999999999640043062319446769090653,7.3220067329106156794643131295707946e-24
-5.3355555555555555555555555555555556,0.99999999999572873652114796225742131,9.3759156315625672612918584002177556e-24
-5.32,0.99999999999493580294514860817563176,1.1994997719496429124276971992381517e-23
-5.3044444444444444444444444444444444,0.99999999999399787380408693914851329,1.5341475635075057052392711465704351e-23
-5.2888888888888888888888888888888889,0.99999999999289042095525427542282405,1.9609914231971725853579485878902706e-23
-5.2733333333333333333333333333333333,0.99999999999158358923107227029572547,2.5051046986390659103988319583220742e-23
-5.2577777777777777777777777777777778,0.9999999999900424094545140094772808,3.1982891532287080121982464849198994e-23
-5.2422222222222222222222222222222222,0.99999999998822594818134654783223749,4.0808558101998777113796720769745337e-23
-5.2266666666666666666666666666666667,0.99999999998608632057066047488515189,5.2038704711953681555009243160073402e-23
-5.2111111111111111111111111111111111,0.99999999998356754511415207392692721,6.6319833803163182896666843004949891e-23
-5.1955555555555555555555555555555556,0.9999999999806042157756032155593784,8.4469927548510376569476057848306509e-23
-5.18,0.99999999997711996345808635142635807,1.0752329692621195699061928590764546e-22
-5.1644444444444444444444444444444444,0.99999999997303141567750946513934094,1.3674439908819970769949000974148282e-22
-5.1488888888888888888888888888888889,0.99999999996822416995987331554248526,1.7385768646190464471049431704749513e-22
-5.1333333333333333333333333333333333,0.99999999996258202860894003469141597,2.209123773686102048147594794606013e-22
-5.1177777777777777777777777777777778,0.99999999995596396690555486188866881,2.805356258572633992331994724104718e-22
-5.1022222222222222222222222222222222,0.9999999999482058401583315173855355,3.5603920727553622193560781333045893e-22
-5.0866666666666666666666666666666667,0.99999999993911671386679304981642639,4.5159536512326860433371790108203867e-22
-5.0711111111111111111111111111111111,0.99999999992847463154599251283466478,5.7245715311990517018779859213466166e-22
-5.0555555555555555555555555555555556,0.99999999991602173732752360668349568,7.2523435765204592768429660201659516e-22
-5.04,0.9999999999014586587536904363424008,9.1823880317635052387734863005123119e-22
-5.0244444444444444444444444444444444,0.99999999988443804191176060566807348,1.1619162155878338572012902243164256e-21
-5.0088888888888888888888888888888889,0.99999999986458491226989464875013682,1.4689397765589873301149357444621371e-21
-4.9933333333333333333333333333333333,0.9999999998413815859348779590704931,1.8565529410685236716437570024223938e-21
-4.9777777777777777777777777777777778,0.99999999981431145759503121415033233,2.3450528022564091480118064821452895e-21
-4.9622222222222222222222222222222222,0.99999999978274908878689542678852559,2.960328242005510592518367820410168e-21
-4.9466666666666666666666666666666667,0.99999999974597109165588445408192067,3.7348148687818231680683174620023208e-21
-4.9311111111111111111111111111111111,0.99999999970314131914271063615498943,4.7091255765119243802102582205327239e-21
-4.9155555555555555555555555555555556,0.99999999965329390091779946962453508,5.9340808640129822978498676588535037e-21
-4.9,0.99999999959531382492198136154451182,7.4732353292697688917623566703117424e-21
-4.8844444444444444444444444444444444,0.99999999952791472454552158742803205,9.4060196120749664211201397903653269e-21
-4.8688888888888888888888888888888889,0.99999999944972267497320613981577067,1.1828134104714912579293369432560067e-20
-4.8533333333333333333333333333333333,0.9999999993588279821414021444887665,1.4869552042783184049362614925579107e-20
-4.8377777777777777777777777777777778,0.99999999925335728660703636765933443,1.8681923820688886376307140943472075e-20
-4.8222222222222222222222222222222222,0.99999999913104662863402605678890794,2.3457805926294651513079466298634417e-20
-4.8066666666666666666666666666666667,0.99999999898929240631509098500475685,2.9437117134360832231577812883763835e-20
-4.7911111111111111111111111111111111,0.99999999882510232656952652569414821,3.6918604159998224920296589655209283e-20
-4.7755555555555555555555555555555556,0.99999999863503956610708476079826934,4.6274037423027154023581339625105865e-20
-4.76,0.99999999841515924613017710677839824,5.7965775883834007196480978449210702e-20
-4.7444444444444444444444444444444444,0.99999999816093621255493922609650085,7.256848678573249606382868123577056e-20
-4.7288888888888888888888888888888889,0.99999999786718298842130705121200543,9.0795986143625414336773946250481123e-20
-4.7133333333333333333333333333333333,0.99999999752842828310450833426078058,1.1350156690306772638228157281002764e-19
-4.6977777777777777777777777777777778,0.99999999713699721059645322964978115,1.4184210149648407060097828289615585e-19
-4.6822222222222222222222222222222222,0.99999999668551462118790360772078253,1.7715388121419543797936819741939527e-19
-4.6666666666666666666666666666666667,0.99999999616508030467511252242755899,2.2112529037962624589513543575155125e-19
-4.6511111111111111111111111111111111,0.99999999556552389194285929677045917,2.7584708978968365654964678110430803e-19
-4.6355555555555555555555555555555556,0.99999999487523102086004394714154045,3.4390671678022826471614057491881258e-19
-4.62,0.99999999408094680383427478235729041,4.2850430229673469337344318543474502e-19
-4.6044444444444444444444444444444444,0.99999999316755378837261072812312974,5.3359531580048280039127632950348969e-19
-4.5888888888888888888888888888888889,0.99999999211782127569808200705421867,6.6406583826788212197589695025839506e-19
-4.5733333333333333333333333333333333,0.99999999091212250106192184250595317,8.2594778983618572189924430764386231e-19
-4.5577777777777777777777777777777778,0.99999998953003446505453275898592778,1.0263941577564531902190531987413113e-18
-4.5422222222222222222222222222222222,0.99999998794258574664571096097434935,1.2750894743907054624990522290074999e-18
-4.5266666666666666666666666666666667,0.999999986122558708910178880290478,1.5831042858476354230157070624263911e-18
-4.5111111111111111111111111111111111,0.99999998403713078825174434567637632,1.9643586324202122745787944461475566e-18
-4.4955555555555555555555555555555556,0.99999998164903503352093739370042025,2.4359840635707156597409977728348423e-18
-4.48,0.99999997891598552957721901574557498,3.019051564827473248035104155566902e-18
-4.4644444444444444444444444444444444,0.9999999757900323522638270158558264,3.7394614522098278851316135245997215e-18
-4.4488888888888888888888888888888889,0.99999997221683792691833103320558638,4.6290305804175425793098406127301667e-18
-4.4333333333333333333333333333333333,0.99999996813486579183892299733993792,5.7268197689308234228898286822733339e-18
-4.4177777777777777777777777777777778,0.99999996347447181245695002692324144,7.080753489754577286154440275162741e-18
-4.4022222222222222222222222222222222,0.99999995816423717915035038404747234,8.7472000765606426103124281984190265e-18
-4.3866666666666666666666666666666667,0.99999995210145805121148385076780821,1.0802403473924335417194972993524853e-17
-4.3711111111111111111111111111111111,0.99999994519202667517965262550070845,1.3332582368777545902179155433376676e-17
-4.3555555555555555555555555555555556,0.99999993732243719926355207212347545,1.6445637824354413333930714605874925e-17
-4.34,0.99999992836464350222308328614258724,2.0273547613818605468031595715027822e-17
-4.3244444444444444444444444444444444,0.99999991817429014852459882247566693,2.4977638894051554507320952188758191e-17
-4.3088888888888888888888888888888889,0.99999990658874057801902569031578797,3.0754993106209295584305807698305038e-17
-4.2933333333333333333333333333333333,0.99999989342488088479059510110576147,3.7846221260915002022191294345499316e-17
-4.2777777777777777777777777777777778,0.99999987847667542485281245849633865,4.6544896781126517751719094545389782e-17
-4.2622222222222222222222222222222222,0.99999986151244819371594748634714645,5.720899194843190980235087333557722e-17
-4.2466666666666666666666666666666667,0.99999984229837917659027880943143205,7.025603920829586939827907685126745e-17
-4.2311111111111111111111111111111111,0.99999982049260929448418866430728761,8.6250501536817043185159591979676028e-17
-4.2155555555555555555555555555555556,0.99999979579047881294656658113964777,1.0582355086593446376004112286723782e-16
-4.2,0.99999976782407610978683581375750466,1.2976147822080951440578480389732166e-16
-4.1844444444444444444444444444444444,0.99999973618104986950504618590160198,1.5902009613132994566769551341459148e-16
-4.1688888888888888888888888888888889,0.9999997003995431263912076048698932,1.9476056775868447295206200884707094e-16
-4.1533333333333333333333333333333333,0.99999965996258795789481978662509358,2.3839265204020436152114705685651273e-16
-4.1377777777777777777777777777777778,0.99999961429190802464561692349653386,2.9162686635317107255155188545784044e-16
-4.1222222222222222222222222222222222,0.99999956274107151835704454932521386,3.5653736517989321697836396443426041e-16
-4.1066666666666666666666666666666667,0.99999950466786834210716996792132718,4.3552479964130051449848747024424593e-16
-4.0911111111111111111111111111111111,0.9999994391163833867850782519289412,5.3183450483743866419575960877463466e-16
-4.0755555555555555555555555555555556,0.99999936525818017732956512547487596,6.490573115361562563211736086317181e-16
-4.06,0.99999928209058369260883084655721275,7.9164872908653249918168091948597711e-16
-4.0444444444444444444444444444444444,0.99999918849641912337127338519844602,9.6499474566384023758951116341732438e-16
-4.0288888888888888888888888888888889,0.99999908323175664474751434934186119,1.1756021107335528261714916228694677e-15
-4.0133333333333333333333333333333333,0.99999896491244312191103646649701616,1.4313266777295578116552894247390516e-15
-3.9977777777777777777777777777777778,0.99999883199931201124343801343789261,1.7416472431873968104986799485567879e-15
-3.9822222222222222222222222222222222,0.99999868278195421502736590237037885,2.11799373564676153531774433747382e-15
-3.9666666666666666666666666666666667,0.9999985153609236086675710600813632,2.5741402876360275501296227595300269e-15
-3.9511111111111111111111111111111111,0.99999832788553780219047562362773017,3.1258894487301406363273528679602822e-15
-3.9355555555555555555555555555555556,0.99999811753430687218300856915028051,3.7946147148342158275063418130956589e-15
-3.92,0.99999788194602367027651951296228284,4.6036774903521328725066822116416508e-15
-3.9044444444444444444444444444444444,0.99999761825124791776788430085150651,5.5819411406109009366240983102907242e-15
-3.8888888888888888888888888888888889,0.99999732327396363631116407690861127,6.7640808932773112255977397270309128e-15
-3.8733333333333333333333333333333333,0.99999699350116574060700799771896506,8.1917282186612632635372279177398238e-15
-3.8577777777777777777777777777777778,0.99999662504969556590414819918396663,9.9148352671886554758818222020963237e-15
-3.8422222222222222222222222222222222,0.99999621363010527299387368452964275,1.1993300626085834015566540836286911e-14
-3.8266666666666666666666666666666667,0.99999575450731644058750271281231868,1.4498905188309663937219538510517738e-14
-3.8111111111111111111111111111111111,0.99999524245782284429038395509008447,1.7517615792945091915230454425009682e-14
-3.7955555555555555555555555555555556,0.99999467250309155368675253858213638,2.1147167484415464348937768281748361e-14
-3.78,0.99999403682796667406240262213706846,2.5519901342813633614813310357977745e-14
-3.7644444444444444444444444444444444,0.99999332914902514872596805682545424,3.0778620268493831013181719964689269e-14
-3.7488888888888888888888888888888889,0.99999254178324361742225021157359288,3.7099042339525638455316829999044335e-14
-3.7333333333333333333333333333333333,0.99999166628352730398975222172127977,4.4690958649854366549385768277056132e-14
-3.7177777777777777777777777777777778,0.99999069336899259007722568877323476,5.3804684318642073835788063729390668e-14
-3.7022222222222222222222222222222222,0.99998961284955927521644681931996292,6.4738700200747800147659334454665787e-14
-3.6866666666666666666666666666666667,0.99998841354445632970825285640683448,7.7848699176670008753672408226211476e-14
-3.6711111111111111111111111111111111,0.99998708319422398981359944566574961,9.3558288209729431448670709797009374e-14
-3.6555555555555555555555555555555556,0.99998560836577361140024457021348904,1.1237164097277479453446867962021427e-13
-3.64,0.99998397657639162251064638312703688,1.3485659072800207734050981661814696e-13
-3.6244444444444444444444444444444444,0.99998216751622019196584603904651809,1.6178346811826557035423414325237748e-13
-3.6088888888888888888888888888888889,0.99998016559725682837323746147354203,1.9397230854774942475010666975189481e-13
-3.5933333333333333333333333333333333,0.99997795158926840421314600604820443,2.3242828824751536211412440932363665e-13
-3.5777777777777777777777777777777778,0.99997550449284436983607237520079532,2.7834403338186253073486536081169512e-13
-3.5622222222222222222222222222222222,0.99997280139236191468740736022049619,3.3313369296016410351131951423777645e-13
-3.5466666666666666666666666666666667,0.99996981729831341948310538141496784,3.9847303793136831239991617834209334e-13
-3.5311111111111111111111111111111111,0.99996652497837765066730940310718838,4.7634662132040276142694981054269023e-13
-3.5155555555555555555555555555555556,0.99996289477659407287967374504536647,5.6910320639462991595185526275025087e-13
-3.5,0.99995889985602023512510314116748772,6.7952086962542884957012844255541253e-13
-3.4844444444444444444444444444444444,0.99995449479686225544079364857162665,8.1069810936812313428231462733267762e-13
-3.4688888888888888888888888888888889,0.99994964639685228575919173006872797,9.6684975840100414704534575828965539e-13
-3.4533333333333333333333333333333333,0.99994431324007702222739796687628587,1.1523986394859649959155662959420127e-12
-3.4377777777777777777777777777777778,0.99993845038085067772324120007954859,1.3727467411721166969116496633142601e-12
-3.4222222222222222222222222222222222,0.99993200907692825612588584385210329,1.6342634823702930473128341553988232e-12
-3.4066666666666666666666666666666667,0.99992493650578703226268780616969122,1.9444542638953406430160567302445221e-12
-3.3911111111111111111111111111111111,0.99991717546319341110069614261120415,2.3121575295716050339084968629952354e-12
-3.3755555555555555555555555555555556,0.99990866404326200825279338218290027,2.7477750069728434438011573451892297e-12
-3.36,0.99989933529920593950262462144605832,3.2635405365219521903694513076623909e-12
-3.3444444444444444444444444444444444,0.99988913072874612107416091072458995,3.8729750881869863366542691884243984e-12
-3.3288888888888888888888888888888889,0.99987794582150809356416963970912603,4.5945307022226000820872872385730861e-12
-3.3133333333333333333333333333333333,0.99986570891869720986647229831243469,5.4473063536075413364492429714621094e-12
-3.2977777777777777777777777777777778,0.99985232911185788228936261347079543,6.4545603109553562604448505146895614e-12
-3.2822222222222222222222222222222222,0.9998377084381357191111974148578792,7.6435617539110206722755613266610499e-12
-3.2666666666666666666666666666666667,0.99982174140833133122089637517137994,9.0462623766424183550346785763500883e-12
-3.2511111111111111111111111111111111,0.99980431451008949495151196941503873,1.0700076919957291688335367083426293e-11
-3.2355555555555555555555555555555556,0.99978530568548513103230934772602542,1.2648789695786694549883642038646009e-11
-3.22,0.99976458378229594021014663686928109,1.4943606740359918978294277178019078e-11
-3.2044444444444444444444444444444444,0.99974200797828563759802835953720288,1.7644376176593962440914592284152381e-11
-3.1888888888888888888888888888888889,0.99971746038376177256397293014580283,2.0816546347163296074499011680890175e-11
-3.1733333333333333333333333333333333,0.99969071550310795506152443978576431,2.4549849319341013708787079725750446e-11
-3.1577777777777777777777777777777778,0.99966163029241172470776687073543224,2.8935667702122183965196127778898984e-11
-3.1422222222222222222222222222222222,0.99963001894752824656168485346902016,3.4084956617156235779412980308941962e-11
-3.1266666666666666666666666666666667,0.99959568269134414294137859282517648,4.0126989504621870459147994657014637e-11
-3.1111111111111111111111111111111111,0.99955840902468450179531940963364254,4.7212287468449853570731539701198308e-11
-3.0955555555555555555555555555555556,0.99951797094700652875802902707922978,5.5516001062003424494846632407310601e-11
-3.08,0.99947412614672353013746613889528734,6.5241811771826590367020292808703068e-11
-3.0644444444444444444444444444444444,0.99942661616110350756825595307396486,7.6626430038079719737429800825316919e-11
-3.0488888888888888888888888888888889,0.99937516550579605212246800414522873,8.994477753181935918666794101708043e-11
-3.0333333333333333333333333333333333,0.99931955577583627409115313980659064,0.00000000010549417312864987070957098319855885
-3.0177777777777777777777777777777778,0.99925933080781314703110157911898072,0.00000000012368465890554929604139514394705517
-3.0022222222222222222222222222222222,0.9991942278749354165797279581219504,0.000000000144926596580660143939323339388604
-2.9866666666666666666666666666666667,0.99912389413057994527195579480606677,0.00000000016971697591595849322904623652546875
-2.9711111111111111111111111111111111,0.99904795491058543627646702073138054,0.00000000019863119205096429550272492157152498
-2.9555555555555555555555555555555556,0.99896601268899154960703215713017154,0.00000000023233499311080410671811505958422106
-2.94,0.9988776460076172051288056159134517,0.00000000027159818034467898407708886762367843
-2.9244444444444444444444444444444444,0.99878240838074008633457643041013198,0.00000000031731030719736020280174539047010666
-2.9088888888888888888888888888888889,0.9986798271763322386739917078359084,0.00000000037049865674113657730874077709564882
-2.8933333333333333333333333333333333,0.99856940247550836676861202330624925,0.00000000043234881410913938766661317922696914
-2.8777777777777777777777777777777778,0.99845076544596821410673629546210248,0.00000000050412794246863758299152203452988447
-2.8622222222222222222222222222222222,0.99832305096927715635102031840577019,0.00000000058759651631471598242050339259872339
-2.8466666666666666666666666666666667,0.99818581860994599710514400989195595,0.00000000068448345908266262944159031210143782
-2.8311111111111111111111111111111111,0.99803844757264496921150263188791522,0.00000000079687838874627663263216224652309765
-2.8155555555555555555555555555555556,0.9978802838203395857090729937580715,0.00000000092718528375867922773642591784552933
-2.8,0.9977106388501249370625317989468002,0.0000000010781680165220681425407983448716551
-2.7844444444444444444444444444444444,0.99752878846516948808963525895114257,0.0000000012530022105880289879973417362447661
-2.7688888888888888888888888888888889,0.99733397154630269198015480342950738,0.0000000014553342592271880995252603129952207
-2.7533333333333333333333333333333333,0.99712538882703854610712636117260333,0.0000000016893484480922712006833498909234932
-2.7377777777777777777777777777777778,0.99690250059962036604863852884695432,0.0000000019594669753907526139545581462021827
-2.7222222222222222222222222222222222,0.99666385045828305237072242921593978,0.0000000022718833932960945690300178288154864
-2.7066666666666666666666666666666667,0.99640879694236470931600723768240729,0.0000000026325694256493031091534833552437109
-2.6911111111111111111111111111111111,0.99613637621872133699091004424935758,0.0000000030487329466001684959323160443756879
-2.6755555555555555555555555555555556,0.99584558038595032758529058811430131,0.000000003528618750517857875619739339360075
-2.66,0.99553535636417430835886651337781212,0.0000000040816516972971756768383182420897041
-2.6444444444444444444444444444444444,0.99520460482204141921320186566411497,0.0000000047185987262082371878750584292872761
-2.6288888888888888888888888888888889,0.99485217914676650233613610947403232,0.0000000054517520976833508736788190744658794
-2.6133333333333333333333333333333333,0.99447688446326660292648119018920494,0.0000000062951364998328984116916725466816143
-2.5977777777777777777777777777777778,0.99407747670866205500757440346373945,0.0000000072647429641535593146300560369851991
-2.5822222222222222222222222222222222,0.99365322905521943400152657971644254,0.0000000083772477274971031126713215466954723
-2.5666666666666666666666666666666667,0.99320169751395228115132669269986812,0.0000000096562619961275564629565861819155687
-2.5511111111111111111111111111111111,0.99272201914158543339330051658652261,0.000000011124049855530999527968612205901866
-2.5355555555555555555555555555555556,0.99221274527491941545414882594745317,0.000000012807461789637682959249518305349752
-2.52,0.99167237449956451409101461687148312,0.000000014737014829188052261013627349338681
-2.5044444444444444444444444444444444,0.99109935219854605202130931052559609,0.00000001694737094239897756174316147643714
-2.4888888888888888888888888888888889,0.99049207020494687521135850017548556,0.000000019477874696437707536067587298483181
-2.4733333333333333333333333333333333,0.98984886656597862577540233981961007,0.000000022373157104912412523485363115282246
-2.4577777777777777777777777777777778,0.98916802542590665314366073419792317,0.000000025683813327365067056457006237931078
-2.4422222222222222222222222222222222,0.9884477770352565817525083682842384,0.000000029467162712005749856691386451111198
-2.4266666666666666666666666666666667,0.98768731173802840072789855705229325,0.000000033782125126100052315224467402792487
-2.4111111111111111111111111111111111,0.98688278195429744983745402478315766,0.000000038713233709442877820701293116796926
-2.3955555555555555555555555555555556,0.98603321698440050475814436397645407,0.000000044338264360859405602090918461104193
-2.38,0.98513663444650443415339566479835408,0.000000050751016136254970626210727002852874
-2.3644444444444444444444444444444444,0.98419100026025045919696092343206892,0.000000058057411594193638493478287252071138
-2.3488888888888888888888888888888889,0.9831942295653576112141230310353224,0.000000066376986351276998205630511050490532
-2.3333333333333333333333333333333333,0.98214418781569422935108560920938779,0.000000075844551258127887445033841401055456
-2.3177777777777777777777777777777778,0.98103869205498768343364516848742084,0.000000086612045858967626331572565630114972
-2.3022222222222222222222222222222222,0.97987551238000453276571785728533746,0.000000098850603649501655183218858614264183
-2.2866666666666666666666666666666667,0.97865237359665204468071974579464696,0.00000011275285166360843337774546547030956
-2.2711111111111111111111111111111111,0.97736866341711364743989898081779641,0.00000012851370716013648118216655498724741
-2.2555555555555555555555555555555556,0.976018694415350619399883596812558,0.00000014641734885441621921308299450145737
-2.24,0.9746016916667750009400609290043802,0.00000016671819458786480193095849809125476
-2.2244444444444444444444444444444444,0.97311521944482421682910996395888631,0.00000018972339881680515610287192364873875
-2.2088888888888888888888888888888889,0.97155680806135663104811810538712255,0.00000021577757010106032272225545743142743
-2.1933333333333333333333333333333333,0.96992395676759918145030213231250745,0.00000024526708602651416449967702669942218
-2.1777777777777777777777777777777778,0.96821413687182345364606719707224217,0.00000027862487308973618968523799707779662
-2.1622222222222222222222222222222222,0.96642479507458940866298102767719595,0.00000031633569772165489201660962322470226
-2.1466666666666666666666666666666667,0.96455335702163411586877460341665928,0.00000035894201875472738074173128528640831
-2.1311111111111111111111111111111111,0.96259723107368450807470337233009929,0.00000040705045608323710127872961660891712
-2.1155555555555555555555555555555556,0.96055651679653127810666276495017453,0.00000046126429856649794400967524645933816
-2.1,0.95842330929263444737472691583455373,0.00000052248042217539089978770057201428336
-2.0844444444444444444444444444444444,0.95619757957235963475087966084290469,0.00000059147754870055415560941368807631919
-2.0688888888888888888888888888888889,0.95387670881730768494957455738863935,0.00000066919801404371909475125144498628495
-2.0533333333333333333333333333333333,0.95145808293541581319667212061021572,0.00000075669215851075186797879000003118954
-2.0377777777777777777777777777777778,0.94893909756824092692706210413763773,0.00000085512993478800219614749322910439325
-2.0222222222222222222222222222222222,0.94631716328524867289509191208727324,0.00000096581367048784035864478234483193648
-2.0066666666666666666666666666666667,0.9435897109570137603574979194344593,0.0000010901920893749954587475867965729962
-1.9911111111111111111111111111111111,0.94075419729824387713199749348637001,0.0000012298757035934736117134448054815564
-1.9755555555555555555555555555555556,0.93781199933769080994909309621997593,0.000001386438727030644007962005746949031
-1.96,0.93475301321789574327431669037434208,0.0000015622713734002048907556188518790661
-1.9444444444444444444444444444444444,0.9315785518536202828020066367831612,0.000001759385571965072124545003160532262
-1.9288888888888888888888888888888889,0.9282862337210179991872175331771376,0.0000019802244405481756466632701842504444
-1.9133333333333333333333333333333333,0.92487373300729541003688612593256196,0.0000022274949520124125399874187578647067
-1.8977777777777777777777777777777778,0.9213387859264765948793620038142042,0.0000025041944362554762746777694960705596
-1.8822222222222222222222222222222222,0.91767919711405000075632216081763645,0.000002813639515449509213160071680608784
-1.8666666666666666666666666666666667,0.91389284608381739908488986432162844,0.000003159497670947446453106366299489955
-1.8511111111111111111111111111111111,0.90997769372943866924766130380738459,0.0000035458216538568923356572383581660832
-1.8355555555555555555555555555555556,0.90593178885238524967745163620871812,0.0000039770869655299896572266256398610127
-1.82,0.90175877382392627053867342545757441,0.0000044575748498568798166954977866991195
-1.8044444444444444444444444444444444,0.89744606973971002270755411751900732,0.0000049939724249009445227546506841357061
-1.7888888888888888888888888888888889,0.8929973543186110798401131594972597,0.0000055916922046096166746011678057359508
-1.7733333333333333333333333333333333,0.88841109297007658983032553375855955,0.0000062573448440745269508933996132647182
-1.7577777777777777777777777777777778,0.88368587135122158794091745889493761,0.0000069982061245847752682463102928877486
-1.7422222222222222222222222222222222,0.87882040163268479222285747251961751,0.0000078222784815643019951512618474121727
-1.7266666666666666666666666666666667,0.87381352864597314569329036385293819,0.0000087383576413654648006266630940980974
-1.7111111111111111111111111111111111,0.86866423589001962035098463208251636,0.0000097561047312584895925905016597235488
-1.6955555555555555555555555555555556,0.86337165137453225010484819714392251,0.000010886124247071292494936124491217981
-1.68,0.85793505327765706415899804601586673,0.000012140048283597070016549715077626706
-1.6644444444444444444444444444444444,0.85236119861137361192488922009853203,0.000013528731912013337107371036227100563
-1.6488888888888888888888888888888889,0.84663522357304858639002457799736859,0.000015069728705548260655039329600587157
-1.6333333333333333333333333333333333,0.84076402402059468117434971598941169,0.000016776616538947015117884418259710411
-1.6177777777777777777777777777777778,0.83474753066325019788484102904878482,0.000018666118901653952551883861132897837
-1.6022222222222222222222222222222222,0.82858584909770021032189221786069353,0.000020756517495809047779374548546419493
-1.5866666666666666666666666666666667,0.82227926388906515862914692709569618,0.000023067783752063048962244445228411252
-1.5711111111111111111111111111111111,0.81582824231550354153060180898461731,0.000025621720056662237636121595218991802
-1.5555555555555555555555555555555556,0.80923343775704642700246681882349737,0.000028442111272958169980655456552099496
-1.54,0.80249569271012181487752460934541389,0.000031554887163102321934490578723852494
-1.5244444444444444444444444444444444,0.79561604141016547641165450023014593,0.000034988296337994000476147511363624536
-1.5088888888888888888888888888888889,0.78860489613893350851936979970022141,0.00003876794839942089560501880460788144
-1.4933333333333333333333333333333333,0.78144549201711133916546148365658167,0.000042937067484142347769278988208222444
-1.4777777777777777777777777777777778,0.77414845256235396606896098413796118,0.000047527355899693724249594297502354192
-1.4622222222222222222222222222222222,0.76671559654150531448947429617135901,0.000052578326680874788381389992903170276
-1.4466666666666666666666666666666667,0.7591489411559174028851709836112406,0.00005813287753659167980006509330782483
-1.4311111111111111111111111111111111,0.75145070200777001407105756113322384,0.000064237548310983051802161056823606756
-1.4155555555555555555555555555555556,0.7436232925851711043878875577507649,0.000070942794934652401580208039661795809
-1.4,0.73566932325908344874890226612724497,0.000078303280641923797317166000734749367
-1.3844444444444444444444444444444444,0.72759159978677508108867116193903857,0.000086378185241662895868094569545546223
-1.3688888888888888888888888888888889,0.71940381786253269052591090586012518,0.000095219532406165281501866449750273111
-1.3533333333333333333333333333333333,0.71108792458920021201800346249917043,0.00010491939564322878335119328485174587
-1.3377777777777777777777777777777778,0.70265783983261908874541871443262841,0.00011554159631148413340993413697260261
-1.3222222222222222222222222222222222,0.69411712573476053045697574734439276,0.0001271668543385071636598115242567716
-1.3066666666666666666666666666666667,0.68546952488029679887227047949697326,0.00013988225089788005886191988439881697
-1.2911111111111111111111111111111111,0.67671895582641223076568340013706225,0.00015378166283244470373339628287738487
-1.2755555555555555555555555555555556,0.66786950815155214985140294583357637,0.00016896622073723456503869234175803589
-1.26,0.65892543703218520174983051445097875,0.00018554479147450708185536213207038065
-1.2444444444444444444444444444444444,0.64989115735847221677218972678407983,0.00020363448587319684216900883981448168
-1.2288888888888888888888888888888889,0.64077123740152733901944959533944933,0.00022336119233983924609066255296665587
-1.2133333333333333333333333333333333,0.63158236050774932239307240462168491,0.00024483108092557367703780131557239728
-1.1977777777777777777777777777777778,0.62230553941028047591704647137104962,0.00026824483339080363146105174800825414
-1.1822222222222222222222222222222222,0.61295762684978708841122127736681608,0.00029373145898297677329022442539204069
-1.1666666666666666666666666666666667,0.60354373271172178912818289071822897,0.00032145781939640777199738434577334993
-1.1511111111111111111111111111111111,0.59406908244816605993812974462719035,0.00035160263269206112467830733496894687
-1.1355555555555555555555555555555556,0.58453900841648553283454060274584026,0.00038435717545214570086976173318275875
-1.12,0.57495894090460177106586307560273185,0.00041992601471981013822770152392517795
-1.1044444444444444444444444444444444,0.56533439886796741820124844937672694,0.00045852777002106905385481553436241814
-1.0888888888888888888888888888888889,0.55567098040451938485302731168072625,0.00050039590567886846468306504190092318
-1.0733333333333333333333333333333333,0.54597435299496844805569543436707112,0.0005457795535335382317223784633039478
-1.0577777777777777777777777777777778,0.53626285482513062003317669142916171,0.00059487811527594135311061297876193226
-1.0422222222222222222222222222222222,0.52651706385155931658163381672126736,0.00064810169369350451892947805209709007
-1.0266666666666666666666666666666667,0.51675537460114769095359790961366362,0.00070569046500682617091553659852046008
-1.0111111111111111111111111111111111,0.50698363077390479418077400400821966,0.00076796503879043290408938663616056121
-0.99555555555555555555555555555555555,0.49720769416688917306994911029609609,0.00083526625674687091259477306682419218
-0.98,0.48743343412733703378873863936303251,0.00090795619375209548001818536217307895
-0.96444444444444444444444444444444444,0.47766671698313488029813244676230599,0.00098641918667687009429104975056407126
-0.94888888888888888888888888888888889,0.46791339548235297556211913548104848,0.0010710628900068179009214424077263233
-0.93333333333333333333333333333333333,0.45817929827351791397242516713510749,0.001162319357105232902058425512778671
-0.91777777777777777777777777777777778,0.44847021945813152480750567176552381,0.0012606461457750371260719852342657873
-0.90222222222222222222222222222222222,0.43880442255738242300025694030034856,0.0013663851905971471976756877991445717
-0.88666666666666666666666666666666667,0.42916252217305304315494748106762672,0.0014803221838718310459606744669505966
-0.87111111111111111111111111111111111,0.4195627052205386618761203697085937,0.001602865865165643280692715748030478
-0.85555555555555555555555555555555556,0.41001052576892703876807903736382217,0.001734587253550815065769411777821093
-0.84,0.40051145327318457205740010795079741,0.0018760887020011706256811576578847921
-0.82444444444444444444444444444444444,0.39107086319550452493689794988197164,0.0020280051089163976408986520520312009
-0.80888888888888888888888888888888889,0.38169402790382597609698486073739909,0.0021910051385772919934081277491266725
-0.79333333333333333333333333333333333,0.37238610787313200355338014328850442,0.0023657924473959416761863483878468268
-0.77777777777777777777777777777777778,0.36315214321389116078615856340569411,0.0025531069125724403183454098389482577
-0.76222222222222222222222222222222222,0.35399704555066787830820880361347165,0.0027537258595136064048251388787162581
-0.74666666666666666666666666666666667,0.34493728474790683334170643952106056,0.0029681776262405981104506452812126437
-0.73111111111111111111111111111111111,0.33595398637393427030326774311110759,0.0031978734372298946666423544802747364
-0.71555555555555555555555555555555556,0.32706343773138217737975374076756802,0.0034434413783144141725148164254057882
-0.7,0.31826996322206997213800369659345119,0.003705820619564559698878464584785345
-0.68444444444444444444444444444444445,0.30957772411697145865195563566186305,0.0039859937505622805965905679322654721
-0.66888888888888888888888888888888889,0.30099071293384113399880309747057535,0.0042849879093542537102124070889039401
-0.65333333333333333333333333333333334,0.29251274828237791704566231363391118,0.0046038758774094450431331471049232864
-0.63777777777777777777777777777777778,0.28414747018678360772425635774251883,0.0049437771348916240569250402659816028
-0.62222222222222222222222222222222222,0.27589833589374559359350430194659762,0.0053058588703229626980836607380033617
-0.60666666666666666666666666666666667,0.26777906830778969702861058840771026,0.0056908219412125666955208371457646239
-0.59111111111111111111111111111111111,0.25977168366040236743950232418557772,0.006100928977533972395949721941339213
-0.57555555555555555555555555555555556,0.25188967975247904543083678800078353,0.0065370118520647093579545990996886257
-0.56,0.24413575094032473347933711218773633,0.0070004374849251341952577566340056847
-0.54444444444444444444444444444444445,0.2365123952783632876136962098839837,0.0074926246456139269242954362399546511
-0.52888888888888888888888888888888889,0.2290219133050340640292108397671009,0.0080150445530965015157047817891805554
-0.51333333333333333333333333333333334,0.22166640731934122102611159100598062,0.0085692213833356731314950385601278377
-0.49777777777777777777777777777777778,0.2144477811418028421551874762725018,0.0091567326769816217657593549232548026
-0.48222222222222222222222222222222222,0.20736774035192709973024993169937869,0.0097792096398613886161714580958971402
-0.46666666666666666666666666666666667,0.20042779299278420862409287226730649,0.010438337328858494695284083153708798
-0.45111111111111111111111111111111111,0.19363796516645963285521637580018455,0.011134925597434474567219164549261033
-0.43555555555555555555555555555555556,0.18698175964668596936533622606623262,0.01187257227058778417157914145507816
-0.42,0.18046899920774042986975553800878934,0.012652245504205850927267623920060651
-0.40444444444444444444444444444444445,0.17410041796783418349629483363626259,0.013475844997640405225818465315067181
-0.38888888888888888888888888888888889,0.16787656260392088587448262486462256,0.014345323253304351748320241607177098
-0.37333333333333333333333333333333334,0.16179779558226146644738897965746259,0.015262684920611697718911153412414834
-0.35777777777777777777777777777777778,0.15586429875281577007679688565141326,0.016229985974724690739154809586769033
-0.34222222222222222222222222222222222,0.15007607728842690346984482036427479,0.017249332723492826047948536882652102
-0.32666666666666666666666666666666667,0.1444329639489807778677522494397143,0.01832288063623967175563437740139646
-0.31111111111111111111111111111111111,0.13893462365004071859099007187730403,0.019452832988366968022715531146189
-0.29555555555555555555555555555555556,0.13358740057736079678755495349679858,0.020639860747561088692177084985322741
-0.28,0.12837676870643546836721782200459849,0.021889334656909209956600246120772087
-0.26444444444444444444444444444444445,0.12330894850781722124142782200203712,0.023202090181928936426071495552325398
-0.24888888888888888888888888888888889,0.11838298473509529607926968432577335,0.024580504343935129031212991256381693
-0.23333333333333333333333333333333333,0.11359778094776154852314775256974744,0.026026992250113741130356432032671483
-0.21777777777777777777777777777777778,0.10895210545054263664849023920181003,0.027544004529686072159235040039341921
-0.20222222222222222222222222222222222,0.10444459738311984215454365572700425,0.029134024556109313032073980718344825
-0.18666666666666666666666666666666667,0.10007377293788723623207148795068452,0.030799565453355264879341279880705509
-0.17111111111111111111111111111111111,0.095838031683596109875512177656821188,0.032543166885009921946523201238727306
-0.15555555555555555555555555555555556,0.091735662973016660529361135496272328,0.034367391625676762209081926972424426
-0.14,0.087769911668152684377492614612537057,0.036272296212431071183954080124988799
-0.12444444444444444444444444444444445,0.083928580972087567382288891005671662,0.038265417062408970616641010727549526
-0.10888888888888888888888888888888889,0.080214897120165568007221151424215985,0.040346947285461832498703460882736334
-0.093333333333333333333333333333333331,0.076626773720168779915131327047532518,0.042519503480289849639741998575558654
-0.077777777777777777777777777777777779,0.073162046718410875018611565953140171,0.044785704992405868319769125586022271
-0.062222222222222222222222222222222221,0.069818480877940190604566464407847654,0.047148169214665522621485439254394003
-0.046666666666666666666666666666666669,0.066593776201947952453046202759654093,0.049609506690062433152059686163884278
-0.03111111111111111111111111111111111,0.063485574285342103534275598652655849,0.05217231602333719415135294042794327
-0.015555555555555555555555555555555558,0.060491464578297003324376275123049221,0.054839178608929865353985211894057096
0.0,0.057612653183795736666397866111693647,0.057612653183795736666397866111693647
0.015555555555555555555555555555555558,0.054839178608929865353985211894057096,0.060491464578297003324376275123049221
0.03111111111111111111111111111111111,0.05217231602333719415135294042794327,0.063485574285342103534275598652655849
0.046666666666666666666666666666666669,0.049609506690062433152059686163884278,0.066593776201947952453046202759654093
0.062222222222222222222222222222222221,0.047148169214665522621485439254394003,0.069818480877940190604566464407847654
0.077777777777777777777777777777777779,0.044785704992405868319769125586022271,0.073162046718410875018611565953140171
0.093333333333333333333333333333333331,0.042519503480289849639741998575558654,0.076626773720168779915131327047532518
0.10888888888888888888888888888888889,0.040346947285461832498703460882736334,0.080214897120165568007221151424215985
0.12444444444444444444444444444444445,0.038265417062408970616641010727549526,0.083928580972087567382288891005671662
0.14,0.036272296212431071183954080124988799,0.087769911668152684377492614612537057
0.15555555555555555555555555555555556,0.034367391625676762209081926972424426,0.091735662973016660529361135496272328
0.17111111111111111111111111111111111,0.032543166885009921946523201238727306,0.095838031683596109875512177656821188
0.18666666666666666666666666666666667,0.030799565453355264879341279880705509,0.10007377293788723623207148795068452
0.20222222222222222222222222222222222,0.029134024556109313032073980718344825,0.10444459738311984215454365572700425
0.21777777777777777777777777777777778,0.027544004529686072159235040039341921,0.10895210545054263664849023920181003
0.23333333333333333333333333333333333,0.026026992250113741130356432032671483,0.11359778094776154852314775256974744
0.24888888888888888888888888888888889,0.024580504343935129031212991256381693,0.11838298473509529607926968432577335
0.26444444444444444444444444444444445,0.023202090181928936426071495552325398,0.12330894850781722124142782200203712
0.28,0.021889334656909209956600246120772087,0.12837676870643546836721782200459849
0.29555555555555555555555555555555556,0.020639860747561088692177084985322741,0.13358740057736079678755495349679858
0.31111111111111111111111111111111111,0.019452832988366968022715531146189,0.13893462365004071859099007187730403
0.32666666666666666666666666666666667,0.01832288063623967175563437740139646,0.1444329639489807778677522494397143
0.34222222222222222222222222222222222,0.017249332723492826047948536882652102,0.15007607728842690346984482036427479
0.35777777777777777777777777777777778,0.016229985974724690739154809586769033,0.15586429875281577007679688565141326
0.37333333333333333333333333333333334,0.015262684920611697718911153412414834,0.16179779558226146644738897965746259
0.38888888888888888888888888888888889,0.014345323253304351748320241607177098,0.16787656260392088587448262486462256
0.40444444444444444444444444444444445,0.013475844997640405225818465315067181,0.17410041796783418349629483363626259
0.42,0.012652245504205850927267623920060651,0.18046899920774042986975553800878934
0.43555555555555555555555555555555556,0.01187257227058778417157914145507816,0.18698175964668596936533622606623262
0.45111111111111111111111111111111111,0.011134925597434474567219164549261033,0.19363796516645963285521637580018455
0.46666666666666666666666666666666667,0.010438337328858494695284083153708798,0.20042779299278420862409287226730649
0.48222222222222222222222222222222223,0.0097792096398613886161714580958971402,0.20736774035192709973024993169937869
0.49777777777777777777777777777777778,0.0091567326769816217657593549232548026,0.2144477811418028421551874762725018
0.51333333333333333333333333333333334,0.0085692213833356731314950385601278377,0.22166640731934122102611159100598062
0.52888888888888888888888888888888889,0.0080150445530965015157047817891805554,0.2290219133050340640292108397671009
0.54444444444444444444444444444444445,0.0074926246456139269242954362399546511,0.2365123952783632876136962098839837
0.56,0.0070004374849251341952577566340056847,0.24413575094032473347933711218773633
0.57555555555555555555555555555555556,0.0065370118520647093579545990996886257,0.25188967975247904543083678800078353
0.59111111111111111111111111111111111,0.006100928977533972395949721941339213,0.25977168366040236743950232418557772
0.60666666666666666666666666666666667,0.0056908219412125666955208371457646239,0.26777906830778969702861058840771026
0.62222222222222222222222222222222222,0.0053058588703229626980836607380033617,0.27589833589374559359350430194659762
0.63777777777777777777777777777777778,0.0049437771348916240569250402659816028,0.28414747018678360772425635774251883
0.65333333333333333333333333333333334,0.0046038758774094450431331471049232864,0.29251274828237791704566231363391118
0.66888888888888888888888888888888889,0.0042849879093542537102124070889039401,0.30099071293384113399880309747057535
0.68444444444444444444444444444444445,0.0039859937505622805965905679322654721,0.30957772411697145865195563566186305
0.7,0.003705820619564559698878464584785345,0.31826996322206997213800369659345119
0.71555555555555555555555555555555556,0.0034434413783144141725148164254057882,0.32706343773138217737975374076756802
0.73111111111111111111111111111111111,0.0031978734372298946666423544802747364,0.33595398637393427030326774311110759
0.74666666666666666666666666666666667,0.0029681776262405981104506452812126437,0.34493728474790683334170643952106056
0.76222222222222222222222222222222222,0.0027537258595136064048251388787162581,0.35399704555066787830820880361347165
0.77777777777777777777777777777777778,0.0025531069125724403183454098389482577,0.36315214321389116078615856340569411
0.79333333333333333333333333333333333,0.0023657924473959416761863483878468268,0.37238610787313200355338014328850442
0.80888888888888888888888888888888889,0.0021910051385772919934081277491266725,0.38169402790382597609698486073739909
0.82444444444444444444444444444444444,0.0020280051089163976408986520520312009,0.39107086319550452493689794988197164
0.84,0.0018760887020011706256811576578847921,0.40051145327318457205740010795079741
0.85555555555555555555555555555555556,0.001734587253550815065769411777821093,0.41001052576892703876807903736382217
0.87111111111111111111111111111111111,0.001602865865165643280692715748030478,0.4195627052205386618761203697085937
0.88666666666666666666666666666666667,0.0014803221838718310459606744669505966,0.42916252217305304315494748106762672
0.90222222222222222222222222222222222,0.0013663851905971471976756877991445717,0.43880442255738242300025694030034856
0.91777777777777777777777777777777778,0.0012606461457750371260719852342657873,0.44847021945813152480750567176552381
0.93333333333333333333333333333333333,0.001162319357105232902058425512778671,0.45817929827351791397242516713510749
0.94888888888888888888888888888888889,0.0010710628900068179009214424077263233,0.46791339548235297556211913548104848
0.96444444444444444444444444444444444,0.00098641918667687009429104975056407126,0.47766671698313488029813244676230599
0.98,0.00090795619375209548001818536217307895,0.48743343412733703378873863936303251
0.99555555555555555555555555555555555,0.00083526625674687091259477306682419218,0.49720769416688917306994911029609609
1.0111111111111111111111111111111111,0.00076796503879043290408938663616056121,0.50698363077390479418077400400821966
1.0266666666666666666666666666666667,0.00070569046500682617091553659852046008,0.51675537460114769095359790961366362
1.0422222222222222222222222222222222,0.00064810169369350451892947805209709007,0.52651706385155931658163381672126736
1.0577777777777777777777777777777778,0.00059487811527594135311061297876193226,0.53626285482513062003317669142916171
1.0733333333333333333333333333333333,0.0005457795535335382317223784633039478,0.54597435299496844805569543436707112
1.0888888888888888888888888888888889,0.00050039590567886846468306504190092318,0.55567098040451938485302731168072625
1.1044444444444444444444444444444445,0.00045852777002106905385481553436241814,0.56533439886796741820124844937672694
1.12,0.00041992601471981013822770152392517795,0.57495894090460177106586307560273185
1.1355555555555555555555555555555556,0.00038435717545214570086976173318275875,0.58453900841648553283454060274584026
1.1511111111111111111111111111111111,0.00035160263269206112467830733496894687,0.59406908244816605993812974462719035
1.1666666666666666666666666666666667,0.00032145781939640777199738434577334993,0.60354373271172178912818289071822897
1.1822222222222222222222222222222222,0.00029373145898297677329022442539204069,0.61295762684978708841122127736681608
1.1977777777777777777777777777777778,0.00026824483339080363146105174800825414,0.62230553941028047591704647137104962
1.2133333333333333333333333333333333,0.00024483108092557367703780131557239728,0.63158236050774932239307240462168491
1.2288888888888888888888888888888889,0.00022336119233983924609066255296665587,0.64077123740152733901944959533944933
1.2444444444444444444444444444444444,0.00020363448587319684216900883981448168,0.64989115735847221677218972678407983
1.26,0.00018554479147450708185536213207038065,0.65892543703218520174983051445097875
1.2755555555555555555555555555555556,0.00016896622073723456503869234175803589,0.66786950815155214985140294583357637
1.2911111111111111111111111111111111,0.00015378166283244470373339628287738487,0.67671895582641223076568340013706225
1.3066666666666666666666666666666667,0.00013988225089788005886191988439881697,0.68546952488029679887227047949697326
1.3222222222222222222222222222222222,0.0001271668543385071636598115242567716,0.69411712573476053045697574734439276
1.3377777777777777777777777777777778,0.00011554159631148413340993413697260261,0.70265783983261908874541871443262841
1.3533333333333333333333333333333333,0.00010491939564322878335119328485174587,0.71108792458920021201800346249917043
1.3688888888888888888888888888888889,0.000095219532406165281501866449750273111,0.71940381786253269052591090586012518
1.3844444444444444444444444444444444,0.000086378185241662895868094569545546223,0.72759159978677508108867116193903857
1.4,0.000078303280641923797317166000734749367,0.73566932325908344874890226612724497
1.4155555555555555555555555555555556,0.000070942794934652401580208039661795809,0.7436232925851711043878875577507649
1.4311111111111111111111111111111111,0.000064237548310983051802161056823606756,0.75145070200777001407105756113322384
1.4466666666666666666666666666666667,0.00005813287753659167980006509330782483,0.7591489411559174028851709836112406
1.4622222222222222222222222222222222,0.000052578326680874788381389992903170276,0.76671559654150531448947429617135901
1.4777777777777777777777777777777778,0.000047527355899693724249594297502354192,0.77414845256235396606896098413796118
1.4933333333333333333333333333333333,0.000042937067484142347769278988208222444,0.78144549201711133916546148365658167
1.5088888888888888888888888888888889,0.00003876794839942089560501880460788144,0.78860489613893350851936979970022141
1.5244444444444444444444444444444444,0.000034988296337994000476147511363624536,0.79561604141016547641165450023014593
1.54,0.000031554887163102321934490578723852494,0.80249569271012181487752460934541389
1.5555555555555555555555555555555556,0.000028442111272958169980655456552099496,0.80923343775704642700246681882349737
1.5711111111111111111111111111111111,0.000025621720056662237636121595218991802,0.81582824231550354153060180898461731
1.5866666666666666666666666666666667,0.000023067783752063048962244445228411252,0.82227926388906515862914692709569618
1.6022222222222222222222222222222222,0.000020756517495809047779374548546419493,0.82858584909770021032189221786069353
1.6177777777777777777777777777777778,0.000018666118901653952551883861132897837,0.83474753066325019788484102904878482
1.6333333333333333333333333333333333,0.000016776616538947015117884418259710411,0.84076402402059468117434971598941169
1.6488888888888888888888888888888889,0.000015069728705548260655039329600587157,0.84663522357304858639002457799736859
1.6644444444444444444444444444444444,0.000013528731912013337107371036227100563,0.85236119861137361192488922009853203
1.68,0.000012140048283597070016549715077626706,0.85793505327765706415899804601586673
1.6955555555555555555555555555555556,0.000010886124247071292494936124491217981,0.86337165137453225010484819714392251
1.7111111111111111111111111111111111,0.0000097561047312584895925905016597235488,0.86866423589001962035098463208251636
1.7266666666666666666666666666666667,0.0000087383576413654648006266630940980974,0.87381352864597314569329036385293819
1.7422222222222222222222222222222222,0.0000078222784815643019951512618474121727,0.87882040163268479222285747251961751
1.7577777777777777777777777777777778,0.0000069982061245847752682463102928877486,0.88368587135122158794091745889493761
1.7733333333333333333333333333333333,0.0000062573448440745269508933996132647182,0.88841109297007658983032553375855955
1.7888888888888888888888888888888889,0.0000055916922046096166746011678057359508,0.8929973543186110798401131594972597
1.8044444444444444444444444444444444,0.0000049939724249009445227546506841357061,0.89744606973971002270755411751900732
1.82,0.0000044575748498568798166954977866991195,0.90175877382392627053867342545757441
1.8355555555555555555555555555555556,0.0000039770869655299896572266256398610127,0.90593178885238524967745163620871812
1.8511111111111111111111111111111111,0.0000035458216538568923356572383581660832,0.90997769372943866924766130380738459
1.8666666666666666666666666666666667,0.000003159497670947446453106366299489955,0.91389284608381739908488986432162844
1.8822222222222222222222222222222222,0.000002813639515449509213160071680608784,0.91767919711405000075632216081763645
1.8977777777777777777777777777777778,0.0000025041944362554762746777694960705596,0.9213387859264765948793620038142042
1.9133333333333333333333333333333333,0.0000022274949520124125399874187578647067,0.92487373300729541003688612593256196
1.9288888888888888888888888888888889,0.0000019802244405481756466632701842504444,0.9282862337210179991872175331771376
1.9444444444444444444444444444444444,0.000001759385571965072124545003160532262,0.9315785518536202828020066367831612
1.96,0.0000015622713734002048907556188518790661,0.93475301321789574327431669037434208
1.9755555555555555555555555555555556,0.000001386438727030644007962005746949031,0.93781199933769080994909309621997593
1.9911111111111111111111111111111111,0.0000012298757035934736117134448054815564,0.94075419729824387713199749348637001
2.0066666666666666666666666666666667,0.0000010901920893749954587475867965729962,0.9435897109570137603574979194344593
2.0222222222222222222222222222222222,0.00000096581367048784035864478234483193648,0.94631716328524867289509191208727324
2.0377777777777777777777777777777778,0.00000085512993478800219614749322910439325,0.94893909756824092692706210413763773
2.0533333333333333333333333333333333,0.00000075669215851075186797879000003118954,0.95145808293541581319667212061021572
2.0688888888888888888888888888888889,0.00000066919801404371909475125144498628495,0.95387670881730768494957455738863935
2.0844444444444444444444444444444444,0.00000059147754870055415560941368807631919,0.95619757957235963475087966084290469
2.1,0.00000052248042217539089978770057201428336,0.95842330929263444737472691583455373
2.1155555555555555555555555555555556,0.00000046126429856649794400967524645933816,0.96055651679653127810666276495017453
2.1311111111111111111111111111111111,0.00000040705045608323710127872961660891712,0.96259723107368450807470337233009929
2.1466666666666666666666666666666667,0.00000035894201875472738074173128528640831,0.96455335702163411586877460341665928
2.1622222222222222222222222222222222,0.00000031633569772165489201660962322470226,0.96642479507458940866298102767719595
2.1777777777777777777777777777777778,0.00000027862487308973618968523799707779662,0.96821413687182345364606719707224217
2.1933333333333333333333333333333333,0.00000024526708602651416449967702669942218,0.96992395676759918145030213231250745
2.2088888888888888888888888888888889,0.00000021577757010106032272225545743142743,0.97155680806135663104811810538712255
2.2244444444444444444444444444444444,0.00000018972339881680515610287192364873875,0.97311521944482421682910996395888631
2.24,0.00000016671819458786480193095849809125476,0.9746016916667750009400609290043802
2.2555555555555555555555555555555556,0.00000014641734885441621921308299450145737,0.976018694415350619399883596812558
2.2711111111111111111111111111111111,0.00000012851370716013648118216655498724741,0.97736866341711364743989898081779641
2.2866666666666666666666666666666667,0.00000011275285166360843337774546547030956,0.97865237359665204468071974579464696
2.3022222222222222222222222222222222,0.000000098850603649501655183218858614264183,0.97987551238000453276571785728533746
2.3177777777777777777777777777777778,0.000000086612045858967626331572565630114972,0.98103869205498768343364516848742084
2.3333333333333333333333333333333333,0.000000075844551258127887445033841401055456,0.98214418781569422935108560920938779
2.3488888888888888888888888888888889,0.000000066376986351276998205630511050490532,0.9831942295653576112141230310353224
2.3644444444444444444444444444444444,0.000000058057411594193638493478287252071138,0.98419100026025045919696092343206892
2.38,0.000000050751016136254970626210727002852874,0.98513663444650443415339566479835408
2.3955555555555555555555555555555555,0.000000044338264360859405602090918461104193,0.98603321698440050475814436397645407
2.4111111111111111111111111111111111,0.000000038713233709442877820701293116796926,0.98688278195429744983745402478315766
2.4266666666666666666666666666666667,0.000000033782125126100052315224467402792487,0.98768731173802840072789855705229325
2.4422222222222222222222222222222222,0.000000029467162712005749856691386451111198,0.9884477770352565817525083682842384
2.4577777777777777777777777777777778,0.000000025683813327365067056457006237931078,0.98916802542590665314366073419792317
2.4733333333333333333333333333333333,0.000000022373157104912412523485363115282246,0.98984886656597862577540233981961007
2.4888888888888888888888888888888889,0.000000019477874696437707536067587298483181,0.99049207020494687521135850017548556
2.5044444444444444444444444444444444,0.00000001694737094239897756174316147643714,0.99109935219854605202130931052559609
2.52,0.000000014737014829188052261013627349338681,0.99167237449956451409101461687148312
2.5355555555555555555555555555555556,0.000000012807461789637682959249518305349752,0.99221274527491941545414882594745317
2.5511111111111111111111111111111111,0.000000011124049855530999527968612205901866,0.99272201914158543339330051658652261
2.5666666666666666666666666666666667,0.0000000096562619961275564629565861819155687,0.99320169751395228115132669269986812
2.5822222222222222222222222222222222,0.0000000083772477274971031126713215466954723,0.99365322905521943400152657971644254
2.5977777777777777777777777777777778,0.0000000072647429641535593146300560369851991,0.99407747670866205500757440346373945
2.6133333333333333333333333333333333,0.0000000062951364998328984116916725466816143,0.99447688446326660292648119018920494
2.6288888888888888888888888888888889,0.0000000054517520976833508736788190744658794,0.99485217914676650233613610947403232
2.6444444444444444444444444444444444,0.0000000047185987262082371878750584292872761,0.99520460482204141921320186566411497
2.66,0.0000000040816516972971756768383182420897041,0.99553535636417430835886651337781212
2.6755555555555555555555555555555556,0.000000003528618750517857875619739339360075,0.99584558038595032758529058811430131
2.6911111111111111111111111111111111,0.0000000030487329466001684959323160443756879,0.99613637621872133699091004424935758
2.7066666666666666666666666666666667,0.0000000026325694256493031091534833552437109,0.99640879694236470931600723768240729
2.7222222222222222222222222222222222,0.0000000022718833932960945690300178288154864,0.99666385045828305237072242921593978
2.7377777777777777777777777777777778,0.0000000019594669753907526139545581462021827,0.99690250059962036604863852884695432
2.7533333333333333333333333333333333,0.0000000016893484480922712006833498909234932,0.99712538882703854610712636117260333
2.7688888888888888888888888888888889,0.0000000014553342592271880995252603129952207,0.99733397154630269198015480342950738
2.7844444444444444444444444444444444,0.0000000012530022105880289879973417362447661,0.99752878846516948808963525895114257
2.8,0.0000000010781680165220681425407983448716551,0.9977106388501249370625317989468002
2.8155555555555555555555555555555556,0.00000000092718528375867922773642591784552933,0.9978802838203395857090729937580715
2.8311111111111111111111111111111111,0.00000000079687838874627663263216224652309765,0.99803844757264496921150263188791522
2.8466666666666666666666666666666667,0.00000000068448345908266262944159031210143782,0.99818581860994599710514400989195595
2.8622222222222222222222222222222222,0.00000000058759651631471598242050339259872339,0.99832305096927715635102031840577019
2.8777777777777777777777777777777778,0.00000000050412794246863758299152203452988447,0.99845076544596821410673629546210248
2.8933333333333333333333333333333333,0.00000000043234881410913938766661317922696914,0.99856940247550836676861202330624925
2.9088888888888888888888888888888889,0.00000000037049865674113657730874077709564882,0.9986798271763322386739917078359084
2.9244444444444444444444444444444444,0.00000000031731030719736020280174539047010666,0.99878240838074008633457643041013198
2.94,0.00000000027159818034467898407708886762367843,0.9988776460076172051288056159134517
2.9555555555555555555555555555555556,0.00000000023233499311080410671811505958422106,0.99896601268899154960703215713017154
2.9711111111111111111111111111111111,0.00000000019863119205096429550272492157152498,0.99904795491058543627646702073138054
2.9866666666666666666666666666666667,0.00000000016971697591595849322904623652546875,0.99912389413057994527195579480606677
3.0022222222222222222222222222222222,0.000000000144926596580660143939323339388604,0.9991942278749354165797279581219504
3.0177777777777777777777777777777778,0.00000000012368465890554929604139514394705517,0.99925933080781314703110157911898072
3.0333333333333333333333333333333333,0.00000000010549417312864987070957098319855885,0.99931955577583627409115313980659064
3.0488888888888888888888888888888889,8.994477753181935918666794101708043e-11,0.99937516550579605212246800414522873
3.0644444444444444444444444444444444,7.6626430038079719737429800825316919e-11,0.99942661616110350756825595307396486
3.08,6.5241811771826590367020292808703068e-11,0.99947412614672353013746613889528734
3.0955555555555555555555555555555556,5.5516001062003424494846632407310601e-11,0.99951797094700652875802902707922978
3.1111111111111111111111111111111111,4.7212287468449853570731539701198308e-11,0.99955840902468450179531940963364254
3.1266666666666666666666666666666667,4.0126989504621870459147994657014637e-11,0.99959568269134414294137859282517648
3.1422222222222222222222222222222222,3.4084956617156235779412980308941962e-11,0.99963001894752824656168485346902016
3.1577777777777777777777777777777778,2.8935667702122183965196127778898984e-11,0.99966163029241172470776687073543224
3.1733333333333333333333333333333333,2.4549849319341013708787079725750446e-11,0.99969071550310795506152443978576431
3.1888888888888888888888888888888889,2.0816546347163296074499011680890175e-11,0.99971746038376177256397293014580283
3.2044444444444444444444444444444444,1.7644376176593962440914592284152381e-11,0.99974200797828563759802835953720288
3.22,1.4943606740359918978294277178019078e-11,0.99976458378229594021014663686928109
3.2355555555555555555555555555555556,1.2648789695786694549883642038646009e-11,0.99978530568548513103230934772602542
3.2511111111111111111111111111111111,1.0700076919957291688335367083426293e-11,0.99980431451008949495151196941503873
3.2666666666666666666666666666666667,9.0462623766424183550346785763500883e-12,0.99982174140833133122089637517137994
3.2822222222222222222222222222222222,7.6435617539110206722755613266610499e-12,0.9998377084381357191111974148578792
3.2977777777777777777777777777777778,6.4545603109553562604448505146895614e-12,0.99985232911185788228936261347079543
3.3133333333333333333333333333333333,5.4473063536075413364492429714621094e-12,0.99986570891869720986647229831243469
3.3288888888888888888888888888888889,4.5945307022226000820872872385730861e-12,0.99987794582150809356416963970912603
3.3444444444444444444444444444444444,3.8729750881869863366542691884243984e-12,0.99988913072874612107416091072458995
3.36,3.2635405365219521903694513076623909e-12,0.99989933529920593950262462144605832
3.3755555555555555555555555555555556,2.7477750069728434438011573451892297e-12,0.99990866404326200825279338218290027
3.3911111111111111111111111111111111,2.3121575295716050339084968629952354e-12,0.99991717546319341110069614261120415
3.4066666666666666666666666666666667,1.9444542638953406430160567302445221e-12,0.99992493650578703226268780616969122
3.4222222222222222222222222222222222,1.6342634823702930473128341553988232e-12,0.99993200907692825612588584385210329
3.4377777777777777777777777777777778,1.3727467411721166969116496633142601e-12,0.99993845038085067772324120007954859
3.4533333333333333333333333333333333,1.1523986394859649959155662959420127e-12,0.99994431324007702222739796687628587
3.4688888888888888888888888888888889,9.6684975840100414704534575828965539e-13,0.99994964639685228575919173006872797
3.4844444444444444444444444444444444,8.1069810936812313428231462733267762e-13,0.99995449479686225544079364857162665
3.5,6.7952086962542884957012844255541253e-13,0.99995889985602023512510314116748772
3.5155555555555555555555555555555556,5.6910320639462991595185526275025087e-13,0.99996289477659407287967374504536647
3.5311111111111111111111111111111111,4.7634662132040276142694981054269023e-13,0.99996652497837765066730940310718838
3.5466666666666666666666666666666667,3.9847303793136831239991617834209334e-13,0.99996981729831341948310538141496784
3.5622222222222222222222222222222222,3.3313369296016410351131951423777645e-13,0.99997280139236191468740736022049619
3.5777777777777777777777777777777778,2.7834403338186253073486536081169512e-13,0.99997550449284436983607237520079532
3.5933333333333333333333333333333333,2.3242828824751536211412440932363665e-13,0.99997795158926840421314600604820443
3.6088888888888888888888888888888889,1.9397230854774942475010666975189481e-13,0.99998016559725682837323746147354203
3.6244444444444444444444444444444444,1.6178346811826557035423414325237748e-13,0.99998216751622019196584603904651809
3.64,1.3485659072800207734050981661814696e-13,0.99998397657639162251064638312703688
3.6555555555555555555555555555555556,1.1237164097277479453446867962021427e-13,0.99998560836577361140024457021348904
3.6711111111111111111111111111111111,9.3558288209729431448670709797009374e-14,0.99998708319422398981359944566574961
3.6866666666666666666666666666666667,7.7848699176670008753672408226211476e-14,0.99998841354445632970825285640683448
3.7022222222222222222222222222222222,6.4738700200747800147659334454665787e-14,0.99998961284955927521644681931996292
3.7177777777777777777777777777777778,5.3804684318642073835788063729390668e-14,0.99999069336899259007722568877323476
3.7333333333333333333333333333333333,4.4690958649854366549385768277056132e-14,0.99999166628352730398975222172127977
3.7488888888888888888888888888888889,3.7099042339525638455316829999044335e-14,0.99999254178324361742225021157359288
3.7644444444444444444444444444444444,3.0778620268493831013181719964689269e-14,0.99999332914902514872596805682545424
3.78,2.5519901342813633614813310357977745e-14,0.99999403682796667406240262213706846
3.7955555555555555555555555555555556,2.1147167484415464348937768281748361e-14,0.99999467250309155368675253858213638
3.8111111111111111111111111111111111,1.7517615792945091915230454425009682e-14,0.99999524245782284429038395509008447
3.8266666666666666666666666666666667,1.4498905188309663937219538510517738e-14,0.99999575450731644058750271281231868
3.8422222222222222222222222222222222,1.1993300626085834015566540836286911e-14,0.99999621363010527299387368452964275
3.8577777777777777777777777777777778,9.9148352671886554758818222020963237e-15,0.99999662504969556590414819918396663
3.8733333333333333333333333333333333,8.1917282186612632635372279177398238e-15,0.99999699350116574060700799771896506
3.8888888888888888888888888888888889,6.7640808932773112255977397270309128e-15,0.99999732327396363631116407690861127
3.9044444444444444444444444444444444,5.5819411406109009366240983102907242e-15,0.99999761825124791776788430085150651
3.92,4.6036774903521328725066822116416508e-15,0.99999788194602367027651951296228284
3.9355555555555555555555555555555556,3.7946147148342158275063418130956589e-15,0.99999811753430687218300856915028051
3.9511111111111111111111111111111111,3.1258894487301406363273528679602822e-15,0.99999832788553780219047562362773017
3.9666666666666666666666666666666667,2.5741402876360275501296227595300269e-15,0.9999985153609236086675710600813632
3.9822222222222222222222222222222222,2.11799373564676153531774433747382e-15,0.99999868278195421502736590237037885
3.9977777777777777777777777777777778,1.7416472431873968104986799485567879e-15,0.99999883199931201124343801343789261
4.0133333333333333333333333333333333,1.4313266777295578116552894247390516e-15,0.99999896491244312191103646649701616
4.0288888888888888888888888888888889,1.1756021107335528261714916228694677e-15,0.99999908323175664474751434934186119
4.0444444444444444444444444444444444,9.6499474566384023758951116341732438e-16,0.99999918849641912337127338519844602
4.06,7.9164872908653249918168091948597711e-16,0.99999928209058369260883084655721275
4.0755555555555555555555555555555556,6.490573115361562563211736086317181e-16,0.99999936525818017732956512547487596
4.0911111111111111111111111111111111,5.3183450483743866419575960877463466e-16,0.9999994391163833867850782519289412
4.1066666666666666666666666666666667,4.3552479964130051449848747024424593e-16,0.99999950466786834210716996792132718
4.1222222222222222222222222222222222,3.5653736517989321697836396443426041e-16,0.99999956274107151835704454932521386
4.1377777777777777777777777777777778,2.9162686635317107255155188545784044e-16,0.99999961429190802464561692349653386
4.1533333333333333333333333333333333,2.3839265204020436152114705685651273e-16,0.99999965996258795789481978662509358
4.1688888888888888888888888888888889,1.9476056775868447295206200884707094e-16,0.9999997003995431263912076048698932
4.1844444444444444444444444444444444,1.5902009613132994566769551341459148e-16,0.99999973618104986950504618590160198
4.2,1.2976147822080951440578480389732166e-16,0.99999976782407610978683581375750466
4.2155555555555555555555555555555556,1.0582355086593446376004112286723782e-16,0.99999979579047881294656658113964777
4.2311111111111111111111111111111111,8.6250501536817043185159591979676028e-17,0.99999982049260929448418866430728761
4.2466666666666666666666666666666667,7.025603920829586939827907685126745e-17,0.99999984229837917659027880943143205
4.2622222222222222222222222222222222,5.720899194843190980235087333557722e-17,0.99999986151244819371594748634714645
4.2777777777777777777777777777777778,4.6544896781126517751719094545389782e-17,0.99999987847667542485281245849633865
4.2933333333333333333333333333333333,3.7846221260915002022191294345499316e-17,0.99999989342488088479059510110576147
4.3088888888888888888888888888888889,3.0754993106209295584305807698305038e-17,0.99999990658874057801902569031578797
4.3244444444444444444444444444444444,2.4977638894051554507320952188758191e-17,0.99999991817429014852459882247566693
4.34,2.0273547613818605468031595715027822e-17,0.99999992836464350222308328614258724
4.3555555555555555555555555555555556,1.6445637824354413333930714605874925e-17,0.99999993732243719926355207212347545
4.3711111111111111111111111111111111,1.3332582368777545902179155433376676e-17,0.99999994519202667517965262550070845
4.3866666666666666666666666666666667,1.0802403473924335417194972993524853e-17,0.99999995210145805121148385076780821
4.4022222222222222222222222222222222,8.7472000765606426103124281984190265e-18,0.99999995816423717915035038404747234
4.4177777777777777777777777777777778,7.080753489754577286154440275162741e-18,0.99999996347447181245695002692324144
4.4333333333333333333333333333333333,5.7268197689308234228898286822733339e-18,0.99999996813486579183892299733993792
4.4488888888888888888888888888888889,4.6290305804175425793098406127301667e-18,0.99999997221683792691833103320558638
4.4644444444444444444444444444444445,3.7394614522098278851316135245997215e-18,0.9999999757900323522638270158558264
4.48,3.019051564827473248035104155566902e-18,0.99999997891598552957721901574557498
4.4955555555555555555555555555555556,2.4359840635707156597409977728348423e-18,0.99999998164903503352093739370042025
4.5111111111111111111111111111111111,1.9643586324202122745787944461475566e-18,0.99999998403713078825174434567637632
4.5266666666666666666666666666666667,1.5831042858476354230157070624263911e-18,0.999999986122558708910178880290478
4.5422222222222222222222222222222222,1.2750894743907054624990522290074999e-18,0.99999998794258574664571096097434935
4.5577777777777777777777777777777778,1.0263941577564531902190531987413113e-18,0.99999998953003446505453275898592778
4.5733333333333333333333333333333333,8.2594778983618572189924430764386231e-19,0.99999999091212250106192184250595317
4.5888888888888888888888888888888889,6.6406583826788212197589695025839506e-19,0.99999999211782127569808200705421867
4.6044444444444444444444444444444445,5.3359531580048280039127632950348969e-19,0.99999999316755378837261072812312974
4.62,4.2850430229673469337344318543474502e-19,0.99999999408094680383427478235729041
4.6355555555555555555555555555555556,3.4390671678022826471614057491881258e-19,0.99999999487523102086004394714154045
4.6511111111111111111111111111111111,2.7584708978968365654964678110430803e-19,0.99999999556552389194285929677045917
4.6666666666666666666666666666666667,2.2112529037962624589513543575155125e-19,0.99999999616508030467511252242755899
4.6822222222222222222222222222222222,1.7715388121419543797936819741939527e-19,0.99999999668551462118790360772078253
4.6977777777777777777777777777777778,1.4184210149648407060097828289615585e-19,0.99999999713699721059645322964978115
4.7133333333333333333333333333333333,1.1350156690306772638228157281002764e-19,0.99999999752842828310450833426078058
4.7288888888888888888888888888888889,9.0795986143625414336773946250481123e-20,0.99999999786718298842130705121200543
4.7444444444444444444444444444444444,7.256848678573249606382868123577056e-20,0.99999999816093621255493922609650085
4.76,5.7965775883834007196480978449210702e-20,0.99999999841515924613017710677839824
4.7755555555555555555555555555555556,4.6274037423027154023581339625105865e-20,0.99999999863503956610708476079826934
4.7911111111111111111111111111111111,3.6918604159998224920296589655209283e-20,0.99999999882510232656952652569414821
4.8066666666666666666666666666666667,2.9437117134360832231577812883763835e-20,0.99999999898929240631509098500475685
4.8222222222222222222222222222222222,2.3457805926294651513079466298634417e-20,0.99999999913104662863402605678890794
4.8377777777777777777777777777777778,1.8681923820688886376307140943472075e-20,0.99999999925335728660703636765933443
4.8533333333333333333333333333333333,1.4869552042783184049362614925579107e-20,0.9999999993588279821414021444887665
4.8688888888888888888888888888888889,1.1828134104714912579293369432560067e-20,0.99999999944972267497320613981577067
4.8844444444444444444444444444444444,9.4060196120749664211201397903653269e-21,0.99999999952791472454552158742803205
4.9,7.4732353292697688917623566703117424e-21,0.99999999959531382492198136154451182
4.9155555555555555555555555555555556,5.9340808640129822978498676588535037e-21,0.99999999965329390091779946962453508
4.9311111111111111111111111111111111,4.7091255765119243802102582205327239e-21,0.99999999970314131914271063615498943
4.9466666666666666666666666666666667,3.7348148687818231680683174620023208e-21,0.99999999974597109165588445408192067
4.9622222222222222222222222222222222,2.960328242005510592518367820410168e-21,0.99999999978274908878689542678852559
4.9777777777777777777777777777777778,2.3450528022564091480118064821452895e-21,0.99999999981431145759503121415033233
4.9933333333333333333333333333333333,1.8565529410685236716437570024223938e-21,0.9999999998413815859348779590704931
5.0088888888888888888888888888888889,1.4689397765589873301149357444621371e-21,0.99999999986458491226989464875013682
5.0244444444444444444444444444444444,1.1619162155878338572012902243164256e-21,0.99999999988443804191176060566807348
5.04,9.1823880317635052387734863005123119e-22,0.9999999999014586587536904363424008
5.0555555555555555555555555555555556,7.2523435765204592768429660201659516e-22,0.99999999991602173732752360668349568
5.0711111111111111111111111111111111,5.7245715311990517018779859213466166e-22,0.99999999992847463154599251283466478
5.0866666666666666666666666666666667,4.5159536512326860433371790108203867e-22,0.99999999993911671386679304981642639
5.1022222222222222222222222222222222,3.5603920727553622193560781333045893e-22,0.9999999999482058401583315173855355
5.1177777777777777777777777777777778,2.805356258572633992331994724104718e-22,0.99999999995596396690555486188866881
5.1333333333333333333333333333333333,2.209123773686102048147594794606013e-22,0.99999999996258202860894003469141597
5.1488888888888888888888888888888889,1.7385768646190464471049431704749513e-22,0.99999999996822416995987331554248526
5.1644444444444444444444444444444444,1.3674439908819970769949000974148282e-22,0.99999999997303141567750946513934094
5.18,1.0752329692621195699061928590764546e-22,0.99999999997711996345808635142635807
5.1955555555555555555555555555555556,8.4469927548510376569476057848306509e-23,0.9999999999806042157756032155593784
5.2111111111111111111111111111111111,6.6319833803163182896666843004949891e-23,0.99999999998356754511415207392692721
5.2266666666666666666666666666666667,5.2038704711953681555009243160073402e-23,0.99999999998608632057066047488515189
5.2422222222222222222222222222222222,4.0808558101998777113796720769745337e-23,0.99999999998822594818134654783223749
5.2577777777777777777777777777777778,3.1982891532287080121982464849198994e-23,0.9999999999900424094545140094772808
5.2733333333333333333333333333333333,2.5051046986390659103988319583220742e-23,0.99999999999158358923107227029572547
5.2888888888888888888888888888888889,1.9609914231971725853579485878902706e-23,0.99999999999289042095525427542282405
5.3044444444444444444444444444444444,1.5341475635075057052392711465704351e-23,0.99999999999399787380408693914851329
5.32,1.1994997719496429124276971992381517e-23,0.99999999999493580294514860817563176
5.3355555555555555555555555555555556,9.3759156315625672612918584002177556e-24,0.99999999999572873652114796225742131
5.3511111111111111111111111111111111,7.3220067329106156794643131295707946e-24,0.99999999999640043062319446769090653
5.3666666666666666666666666666666667,5.7146285636448958725441510244078372e-24,0.99999999999696828147793845523254029
5.3822222222222222222222222222222222,4.4574581159125341563516754406543848e-24,0.99999999999744805496164841608865558
5.3977777777777777777777777777777778,3.4747841052364660743441873249104097e-24,0.99999999999785316910735331233467903
5.4133333333333333333333333333333333,2.7071328125231657383140212114143011e-24,0.99999999999819503658159743775940257
5.4288888888888888888888888888888889,2.1078142767519394722379020285147216e-24,0.99999999999848335830647467884848644
5.4444444444444444444444444444444444,1.6401968983771541915020974982515933e-24,0.99999999999872637502952669360869001
5.46,1.2755581773925523136099278648818475e-24,0.99999999999893108272162187971496193
5.4755555555555555555555555555555556,9.9139085506280401625872130123926071e-25,0.99999999999910341688195478545911174
5.4911111111111111111111111111111111,7.7032113687265720914593378808384467e-25,0.99999999999924823809139132160567755
5.5066666666666666666666666666666667,5.9799324433630222378155055524080049e-25,0.99999999999937018227964485010082712
5.5222222222222222222222222222222222,4.6393766572136141485446442032196701e-25,0.99999999999947265689143082122423533
5.5377777777777777777777777777777778,3.5971710272202199316341940006251763e-25,0.99999999999955871873897954697923982
5.5533333333333333333333333333333333,2.7874020268750989591830637253747247e-25,0.99999999999963095317018259385615581
5.5688888888888888888888888888888889,2.1586084627082157972724880406563386e-25,0.99999999999969154541721333338122829
5.5844444444444444444444444444444444,1.670637209989088693558424213037323e-25,0.99999999999974234136500687334614883
5.6,1.2921775489140215793058503159257403e-25,0.99999999999978489927451205630695282
5.6155555555555555555555555555555556,9.9882885202831842232504658342842533e-26,0.99999999999982053377817862426900311
5.6311111111111111111111111111111111,7.7184555773347872522403557884122756e-26,0.99999999999985031799327727416617625
5.6466666666666666666666666666666667,5.958607903175590336846169154981766e-26,0.99999999999987526221294502306257704
5.6622222222222222222222222222222222,4.5969826108663588455855610621301344e-26,0.99999999999989611088096407038396029
5.6777777777777777777777777777777778,3.5441014618926819302950709134404777e-26,0.99999999999991352597862700932700257
5.6933333333333333333333333333333333,2.7304464597211212314640472673570666e-26,0.99999999999992806424840121307064153
5.7088888888888888888888888888888889,2.1020402667005973111360397315219213e-26,0.99999999999994019363228635849580773
5.7244444444444444444444444444444444,1.6169977340067177957146765322724839e-26,0.99999999999995030719025390559764839
5.74,1.2428368370526251511636512827737999e-26,0.99999999999995873487736577052315719
5.7555555555555555555555555555555556,9.5438309177934863042918258849364141e-27,0.99999999999996575350250802771091787
5.7711111111111111111111111111111111,7.32137490176456645281943573330259e-27,0.9999999999999715951440072364665995
5.7866666666666666666666666666666667,5.6120017603489089466085419729781486e-27,0.9999999999999764485247089644184159
5.8022222222222222222222222222222222,4.2946179609581095185902983313434346e-27,0.9999999999999804889058768501345668
5.8177777777777777777777777777777778,3.281436401891007781724753540237246e-27,0.99999999999998384568801385722347858
5.8333333333333333333333333333333333,2.5026803366330931654598818287016574e-27,0.99999999999998663285623409187027482
5.8488888888888888888888888888888889,1.9044687530299512284177184248645482e-27,0.99999999999998894567933373740038868
5.8644444444444444444444444444444444,1.4452206147086703509185174739807146e-27,0.99999999999999086373346588228448029
5.88,1.0928666206392167075096364133902098e-27,0.99999999999999245344568439228226219
5.8955555555555555555555555555555555,8.2268848133715672497804881499607138e-28,0.99999999999999377023220861303719822
5.9111111111111111111111111111111111,6.1564553877889853239964770578244187e-28,0.99999999999999486029481881705074187
5.9266666666666666666666666666666667,4.5707961266220243641551752913997704e-28,0.99999999999999576212906276789011276
5.9422222222222222222222222222222222,3.3585031836972276091116148346033837e-28,0.99999999999999650691280739079014021
5.9577777777777777777777777777777778,2.4297991123122276015399091433551461e-28,0.99999999999999712322731161003149661
5.9733333333333333333333333333333333,1.7198211544589723129547858769960116e-28,0.99999999999999763220135096479224926
5.9888888888888888888888888888888889,1.1773812110372606160752332844638534e-28,0.99999999999999805227755711373027632
6.0044444444444444444444444444444444,7.6319288598441894063746687045045014e-29,0.99999999999999839877476830181235275
6.02,4.4712269861855700437509178529313515e-29,0.99999999999999868440923593139592032
6.0355555555555555555555555555555556,2.0607169394202651928703027749423975e-29,0.99999999999999891973023893376094188
6.0511111111111111111111111111111111,2.2344043874646476880688099936044146e-30,0.99999999999999911348392684438874686
6.0666666666666666666666666666666667,-1.1760851548707579650813853781902218e-29,0.9999999999999992729170204853073872
6.0822222222222222222222222222222222,-2.2415258228094389496762779755689697e-29,0.99999999999999940403014819389460646
6.0977777777777777777777777777777778,-3.0512413890116023336566376080217704e-29,0.9999999999999995116627034197456635
6.1133333333333333333333333333333333,-3.6678603293305135421213384278044136e-29,0.99999999999999960019670071746341597
6.1288888888888888888888888888888889,-4.1364716830215178534358850962526084e-29,0.99999999999999967287349146732646031
6.1444444444444444444444444444444444,-4.4924107788258593455936269955115531e-29,0.99999999999999973249742428742708663
6.16,-4.762635980419582888867672506596381e-29,0.99999999999999978138344697807124044
6.1755555555555555555555555555555556,-4.9677057206809497929077820511635169e-29,0.99999999999999982144133054764755533
6.1911111111111111111111111111111111,-5.1232906687905319302023503998951571e-29,0.99999999999999985424561005331940562
6.2066666666666666666666666666666667,-5.2413333648122527292833178948431308e-29,0.99999999999999988109362717277471799
6.2222222222222222222222222222222222,-5.3309352230451363056116459906764217e-29,0.99999999999999990305366770289280239
6.2377777777777777777777777777777778,-5.399037235528740105594000528682037e-29,0.99999999999999992100485868387181436
6.2533333333333333333333333333333333,-5.4508796279501456473115677677506309e-29,0.99999999999999993565307493488300854
6.2688888888888888888888888888888889,-5.4906511122102877388233182008469528e-29,0.99999999999999994763000163667596925
6.2844444444444444444444444444444444,-5.5213998920976424244233532579040871e-29,0.99999999999999995740290233353746305
6.3,-5.5455542297859942838415217528302257e-29,0.99999999999999996537258059007899746
6.3155555555555555555555555555555556,-5.5650311437970569691692817525762648e-29,0.99999999999999997186785196274701515
6.3311111111111111111111111111111111,-5.5813848163377588694798691380923658e-29,0.99999999999999997715830691992411503
6.3466666666666666666666666666666667,-5.5959255262921762574114913571845821e-29,0.99999999999999998146484161575950135
6.3622222222222222222222222222222222,-5.6098229681220044633055528286440612e-29,0.99999999999999998496834134756356903
6.3777777777777777777777777777777778,-5.6241960502310058913939636899685965e-29,0.9999999999999999878168361769951612
6.3933333333333333333333333333333333,-5.6401786779798707366526607437967233e-29,0.9999999999999999901286962468025632
6.4088888888888888888888888888888889,-5.6590944297957604750807165962196771e-29,0.99999999999999999200877929394711851
6.4244444444444444444444444444444444,-5.682433877184303098485160907978644e-29,0.99999999999999999353461700546616943
6.44,-5.7120512472854743848256385800249115e-29,0.99999999999999999477221291199292194
6.4555555555555555555555555555555556,-5.7502869705106598233316905102413467e-29,0.99999999999999999577541538209815722
6.4711111111111111111111111111111111,-5.8001475781981044573829731288820531e-29,0.99999999999999999658812898746435507
6.4866666666666666666666666666666667,-5.8655342915953624881826330150168714e-29,0.99999999999999999724612865828375624
6.5022222222222222222222222222222222,-5.9515386210727098537523607787709224e-29,0.99999999999999999777854702801902837
6.5177777777777777777777777777777778,-6.0648271689008633080372746591050122e-29,0.99999999999999999820909306394262686
6.5333333333333333333333333333333333,-6.214140454980729261899077089040149e-29,0.9999999999999999985570498954369275
6.5488888888888888888888888888888889,-6.4106557073139093640650640708775527e-29,0.99999999999999999883776479990364438
6.5644444444444444444444444444444444,-6.6699132245290088395829840866362859e-29,0.9999999999999999990646860640553082
6.58,-7.0114282017861192523955816459364587e-29,0.99999999999999999924774837096697228
6.5955555555555555555555555555555556,-7.461084549790629641224175107958144e-29,0.99999999999999999939534005100996781
6.6111111111111111111111111111111111,-8.0528106560298717561942667528741104e-29,0.99999999999999999951426255105350765
6.6266666666666666666666666666666667,-8.8310573033547664244565907190955562e-29,0.9999999999999999996100272380540663
6.6422222222222222222222222222222222,-9.8540259959431704444183479906735287e-29,0.99999999999999999968709734565112436
6.6577777777777777777777777777777778,-1.1197880139599833011005604204693846e-28,0.99999999999999999974908507752417464
6.6733333333333333333333333333333333,-1.2962228431380382682960661830976579e-28,0.99999999999999999979891207698857571
6.6888888888888888888888888888888889,-1.5277262588242910201397497200953607e-28,0.99999999999999999983893998870339517
6.7044444444444444444444444444444444,-1.8308558315181529086309256517058784e-28,0.99999999999999999987103939725147999
6.72,-2.2285707973113817899241608177926864e-28,0.99999999999999999989683234562836228
6.7355555555555555555555555555555556,-2.7494833860062410497443639927262881e-28,0.99999999999999999991751551799142282
6.7511111111111111111111111111111111,-3.4313465227285418773301441936275401e-28,0.99999999999999999993409124257991094
6.7666666666666666666666666666666667,-4.3233548487154230866523594183893722e-28,0.99999999999999999994736723824582151
6.7822222222222222222222222222222222,-5.4895731944700328585790984411609489e-28,0.99999999999999999995799399868999081
6.7977777777777777777777777777777778,-7.0133804026186541453876957155781667e-28,0.99999999999999999996649507447573099
6.8133333333333333333333333333333333,-9.0032260834479527643112317160198124e-28,0.99999999999999999997329158656879615
6.8288888888888888888888888888888889,-1.1600083328082411075596775262752647e-27,0.99999999999999999997872205769468684
6.8444444444444444444444444444444444,-1.4987088756159093795397043899900245e-27,0.99999999999999999998305844568073482
6.86,-1.9395502109027701099302299283626078e-27,0.99999999999999999998651510213718485
6.8755555555555555555555555555555556,-2.5144876686684128381160629635879436e-27,0.99999999999999999998927602591526848
6.8911111111111111111111111111111111,-3.2630128735468059428462827459925484e-27,0.99999999999999999999147673686786576
6.9066666666666666666666666666666667,-4.2369511634641352697952674013465889e-27,0.99999999999999999999322985346553084
6.9222222222222222222222222222222222,-5.5034233867872122482649706057490702e-27,0.99999999999999999999462557187484194
6.9377777777777777777777777777777778,-7.1493069574105648360699968070297257e-27,0.99999999999999999999573608583130455
6.9533333333333333333333333333333333,-9.2869823468174097135274119893727206e-27,0.999999999999999999996619144267466
6.9688888888888888888888888888888889,-1.2061730760141382721684947899029569e-26,0.99999999999999999999732091309907514
6.9844444444444444444444444444444444,-1.5661251465898621202962367511055945e-26,0.99999999999999999999787827581785153
7.0,-2.0321037342374582801424668134171276e-26,0.99999999999999999999832068177393959
