zeta,trade_off_alpha,trade_off_beta
-7.0,0.99999999999999999999832068177393961,-2.032103733767260539813551810229633e-26
-6.9844444444444444444444444444444444,0.99999999999999999999787827581785154,-1.56612514611026042516074344785435e-26
-6.9688888888888888888888888888888889,0.99999999999999999999732091309907515,-1.2061730755627484414527363868429621e-26
-6.9533333333333333333333333333333333,0.99999999999999999999661914426746602,-9.2869823423975509544356109594102712e-27
-6.9377777777777777777777777777777778,0.99999999999999999999573608583130456,-7.1493069533198444952084362792985225e-27
-6.9222222222222222222222222222222222,0.99999999999999999999462557187484196,-5.5034233827435116814363015783366165e-27
-6.9066666666666666666666666666666667,0.99999999999999999999322985346553085,-4.2369511596555335731310558755278825e-27
-6.8911111111111111111111111111111111,0.99999999999999999999147673686786578,-3.2630128697852240202149627204925915e-27
-6.8755555555555555555555555555555556,0.9999999999999999999892760259152685,-2.5144876650008704635505259387254856e-27
-6.86,0.99999999999999999998651510213718486,-1.9395502072352277353646929035001498e-27
-6.8444444444444444444444444444444444,0.99999999999999999998305844568073484,-1.4987088720894263270728418660838149e-27
-6.8288888888888888888888888888888889,0.99999999999999999997872205769468686,-1.160008329375797603158598003006554e-27
-6.8133333333333333333333333333333333,0.99999999999999999997329158656879617,-9.0032260500639132009582664897076948e-28
-6.7977777777777777777777777777777778,0.99999999999999999996649507447573101,-7.0133803725259987643371355115785113e-28
-6.7822222222222222222222222222222222,0.99999999999999999995799399868999083,-5.4895731643773774775285382371612935e-28
-6.7666666666666666666666666666666667,0.99999999999999999994736723824582153,-4.3233548186227677056017992143897169e-28
-6.7511111111111111111111111111111111,0.99999999999999999993409124257991096,-3.4313464945166774575952440023778632e-28
-6.7355555555555555555555555555555556,0.99999999999999999991751551799142284,-2.7494833592049698509962088110390951e-28
-6.72,0.9999999999999999998968323456283623,-2.2285707690995173701892606265430095e-28
-6.7044444444444444444444444444444444,0.99999999999999999987103939725148001,-1.8308558047168817098827704700186853e-28
-6.6888888888888888888888888888888889,0.99999999999999999983893998870339519,-1.5277262329634153020494245447831569e-28
-6.6733333333333333333333333333333333,0.99999999999999999979891207698857573,-1.2962228186877557711924860173479379e-28
-6.6577777777777777777777777777777778,0.99999999999999999974908507752417466,-1.1197879885693053233391502483446754e-28
-6.6422222222222222222222222222222222,0.99999999999999999968709734565112438,-9.854025751440345473382546333176329e-29
-6.6266666666666666666666666666666667,0.99999999999999999961002723805406632,-8.8310570870638058731556892528480333e-29
-6.6111111111111111111111111111111111,0.99999999999999999951426255105350767,-8.0528104444408886081825153185015337e-29
-6.5955555555555555555555555555555556,0.99999999999999999939534005100996783,-7.4610843382016464932124236735855673e-29
-6.58,0.9999999999999999992477483709669723,-7.0114279948991135076729802434388281e-29
-6.5644444444444444444444444444444444,0.99999999999999999906468606405530823,-6.6699130129400256915712326522637092e-29
-6.5488888888888888888888888888888889,0.9999999999999999988377647999036444,-6.4106555098308584259207627321298145e-29
-6.5333333333333333333333333333333333,0.99999999999999999855704989543692752,-6.2141402527957009204656257184174646e-29
-6.5177777777777777777777777777777778,0.99999999999999999820909306394262688,-6.0648269808217671764712733841071662e-29
-6.5022222222222222222222222222222222,0.9999999999999999977785470280190284,-5.9515384400465798271200845515854957e-29
-6.4866666666666666666666666666666667,0.99999999999999999724612865828375626,-5.865534119973187268128656851581337e-29
-6.4711111111111111111111111111111111,0.99999999999999999658812898746435509,-5.800147418330872745551872045133884e-29
-6.4555555555555555555555555555555556,0.99999999999999999577541538209815724,-5.7502868012394733049222893627432854e-29
-6.44,0.99999999999999999477221291199292196,-5.7120510921202200762836875281516886e-29
-6.4244444444444444444444444444444444,0.99999999999999999353461700546616945,-5.6824337314230035965215099198553134e-29
-6.4088888888888888888888888888888889,0.99999999999999999200877929394711853,-5.6590942863854496747616406240338195e-29
-6.3933333333333333333333333333333333,0.99999999999999999012869624680256323,-5.640178541622526041267309819423285e-29
-6.3777777777777777777777777777777778,0.99999999999999998781683617699516123,-5.6241959138736611960086127655951581e-29
-6.3622222222222222222222222222222222,0.99999999999999998496834134756356906,-5.6098228341156484695647769202080959e-29
-6.3466666666666666666666666666666667,0.99999999999999998146484161575950137,-5.5959253922858202636707154487486169e-29
-6.3311111111111111111111111111111111,0.99999999999999997715830691992411505,-5.5813847081922785938294184049686044e-29
-6.3155555555555555555555555555555556,0.99999999999999997186785196274701518,-5.5650310403535540968079810513274495e-29
-6.3,0.99999999999999996537258059007899748,-5.5455541310444688147693710834563566e-29
-6.2844444444444444444444444444444444,0.99999999999999995740290233353746307,-5.5213997910051282537066275725927449e-29
-6.2688888888888888888888888888888889,0.99999999999999994763000163667596927,-5.490651022872717076329467595222976e-29
-6.2533333333333333333333333333333333,0.99999999999999993565307493488300856,-5.4508795386125749848177171621266541e-29
-6.2377777777777777777777777777777778,0.99999999999999992100485868387181439,-5.3990371579461129513230250027454256e-29
-6.2222222222222222222222222222222222,0.99999999999999990305366770289280242,-5.3309351525154752562743955125522295e-29
-6.2066666666666666666666666666666667,0.99999999999999988109362717277471801,-5.2413332966335803815906424326564117e-29
-6.1911111111111111111111111111111111,0.99999999999999985424561005331940565,-5.1232906053138369857988249695833841e-29
-6.1755555555555555555555555555555556,0.99999999999999982144133054764755536,-4.9677056642572209534379816686641632e-29
-6.16,0.99999999999999978138344697807124047,-4.7626359316365673297427409258938147e-29
-6.1444444444444444444444444444444444,0.99999999999999973249742428742708666,-4.4924107394467985930469954785588791e-29
-6.1288888888888888888888888888888889,0.99999999999999967287349146732646034,-4.1364716495199288550006911191436171e-29
-6.1133333333333333333333333333333333,0.999999999999999600196700717463416,-3.667860301706396297797581990539105e-29
-6.0977777777777777777777777777777778,0.99999999999999951166270341974566353,-3.0512413681465776065610343415766968e-29
-6.0822222222222222222222222222222222,0.99999999999999940403014819389460649,-2.2415258089973803275143997569363154e-29
-6.0666666666666666666666666666666667,0.99999999999999927291702048530738723,-1.1760851484055390355588040843621709e-29
-6.0511111111111111111111111111111111,0.99999999999999911348392684438874689,2.2344043766280591414258470295176246e-30
-6.0355555555555555555555555555555556,0.9999999999999989197302389337609419,2.0607169304571207678503605266807814e-29
-6.02,0.99999999999999868440923593139592035,4.4712269703163963076500364953534083e-29
-6.0044444444444444444444444444444444,0.99999999999999839877476830181235278,7.6319288357465552145177747911454023e-29
-5.9888888888888888888888888888888889,0.99999999999999805227755711373027635,1.1773812078634258688550570129482648e-28
-5.9733333333333333333333333333333333,0.99999999999999763220135096479224929,1.7198211504035168026178939745038706e-28
-5.9577777777777777777777777777777778,0.99999999999999712322731161003149664,2.4297991074927007631685303606833263e-28
-5.9422222222222222222222222222222222,0.99999999999999650691280739079014024,3.3585031777609811374590629193612642e-28
-5.9266666666666666666666666666666667,0.99999999999999576212906276789011279,4.5707961200392559995503652467748458e-28
-5.9111111111111111111111111111111111,0.9999999999999948602948188170507419,6.1564553802658214787338370068245048e-28
-5.8955555555555555555555555555555556,0.99999999999999377023220861303719826,8.2268848049080079238600180925858107e-28
-5.88,0.99999999999999245344568439228226222,1.0928666196400465093106920316167838e-27
-5.8644444444444444444444444444444444,0.99999999999999086373346588228448032,1.4452206136507254351784587168088518e-27
-5.8488888888888888888888888888888889,0.99999999999998894567933373740038871,1.9044687518309469905789851667364369e-27
-5.8333333333333333333333333333333333,0.99999999999998663285623409187027485,2.5026803353870691535882570702547966e-27
-5.8177777777777777777777777777777778,0.99999999999998384568801385722347861,3.2814364005039244477544542808341369e-27
-5.8022222222222222222222222222222222,0.99999999999998048890587685013456684,4.2946179594769866365542160713028265e-27
-5.7866666666666666666666666666666667,0.99999999999997644852470896441841593,5.6120017587502366294902309621406669e-27
-5.7711111111111111111111111111111111,0.99999999999997159514400723646659953,7.3213749000013249265860044713494852e-27
-5.7555555555555555555555555555555556,0.9999999999999657535025080277109179,9.5438309160067348910419488728239345e-27
-5.74,0.99999999999995873487736577052315722,1.2428368368551421002255069814350522e-26
-5.7244444444444444444444444444444444,0.99999999999995030719025390559764842,1.6169977337974798012683093558540488e-26
-5.7088888888888888888888888888888889,0.99999999999994019363228635849580776,2.1020402664702004183748713799600489e-26
-5.6933333333333333333333333333333333,0.99999999999992806424840121307064156,2.7304464594766184064930114656995694e-26
-5.6777777777777777777777777777777778,0.9999999999999135259786270093270026,3.5441014616505300940256796867989179e-26
-5.6622222222222222222222222222222222,0.99999999999989611088096407038396032,4.5969826106077500884046578103770124e-26
-5.6466666666666666666666666666666667,0.99999999999987526221294502306257707,5.9586079028981736700521093031011441e-26
-5.6311111111111111111111111111111111,0.99999999999985031799327727416617628,7.718455577038562675833139336404154e-26
-5.6155555555555555555555555555555556,0.99999999999982053377817862426900314,9.988288519963449759826803632116757e-26
-5.6,0.99999999999978489927451205630695286,1.2921775488820481329634840957089907e-25
-5.5844444444444444444444444444444444,0.99999999999974234136500687334614886,1.6706372099542940607740845028014484e-25
-5.5688888888888888888888888888888889,0.99999999999969154541721333338122832,2.1586084626720105712671615854109016e-25
-5.5533333333333333333333333333333333,0.99999999999963095317018259385615584,2.7874020268374831399567505251197251e-25
-5.5377777777777777777777777777777778,0.99999999999955871873897954697923985,3.5971710271816637169272229703638018e-25
-5.5222222222222222222222222222222222,0.99999999999947265689143082122423537,4.639376657173647340616686427948733e-25
-5.5066666666666666666666666666666667,0.99999999999937018227964485010082716,5.9799324433207044411859032021211304e-25
-5.4911111111111111111111111111111111,0.99999999999924823809139132160567758,7.7032113686833138993490777005451972e-25
-5.4755555555555555555555555555555556,0.99999999999910341688195478545911178,9.9139085505810203885543215120738576e-25
-5.46,0.99999999999893108272162187971496196,1.2755581773877092768845400403490163e-24
-5.4444444444444444444444444444444444,0.99999999999872637502952669360869004,1.6401968983720760559065452162171683e-24
-5.4288888888888888888888888888888889,0.99999999999848335830647467884848648,2.107814276746626237772185288978703e-24
-5.4133333333333333333333333333333333,0.99999999999819503658159743775940261,2.7071328125178525038483044718782825e-24
-5.3977777777777777777777777777777778,0.99999999999785316910735331233467907,3.4747841052308707212342732363724786e-24
-5.3822222222222222222222222222222222,0.99999999999744805496164841608865562,4.4574581159067977439196626776154974e-24
-5.3666666666666666666666666666666667,0.99999999999696828147793845523254033,5.7146285636388303216939080208667185e-24
-5.3511111111111111111111111111111111,0.99999999999640043062319446769090656,7.3220067329043150297439056685280822e-24
-5.3355555555555555555555555555555556,0.99999999999572873652114796225742135,9.3759156315559844929272535901731307e-24
-5.32,0.99999999999493580294514860817563179,1.1994997719489799336138334290836573e-23
-5.3044444444444444444444444444444444,0.99999999999399787380408693914851332,1.5341475635068051106061810632156857e-23
-5.2888888888888888888888888888888889,0.99999999999289042095525427542282409,1.9609914231964578847926486370854256e-23
-5.2733333333333333333333333333333333,0.9999999999915835892310722702957255,2.505104698638322997969112272617038e-23
-5.2577777777777777777777777777777778,0.99999999999004240945451400947728084,3.1982891532279650997685267992148632e-23
-5.2422222222222222222222222222222222,0.99999999998822594818134654783223752,4.0808558101990877791759194997691787e-23
-5.2266666666666666666666666666666667,0.99999999998608632057066047488515193,5.2038704711945641173649618713518895e-23
-5.2111111111111111111111111111111111,0.99999999998356754511415207392692724,6.6319833803154813376888988317893153e-23
-5.1955555555555555555555555555555556,0.99999999998060421577560321555937843,8.446992754850167791127997292074754e-23
-5.18,0.9999999999771199634580863514263581,1.0752329692620311727310110230558553e-22
-5.1644444444444444444444444444444444,0.99999999997303141567750946513934097,1.367443990881906328831016616819213e-22
-5.1488888888888888888888888888888889,0.9999999999682241699598733155424853,1.7385768646189519373591370585593106e-22
-5.1333333333333333333333333333333333,0.99999999996258202860894003469141601,2.2091237736860061278085676959453628e-22
-5.1177777777777777777777777777777778,0.99999999995596396690555486188866884,2.805356258572536191202006309784055e-22
-5.1022222222222222222222222222222222,0.99999999994820584015833151738553553,3.5603920727552597162486864298338945e-22
-5.0866666666666666666666666666666667,0.99999999993911671386679304981642643,4.5159536512325825998343066495196854e-22
-5.0711111111111111111111111111111111,0.99999999992847463154599251283466482,5.7245715311989444967931909287258898e-22
-5.0555555555555555555555555555555556,0.99999999991602173732752360668349572,7.2523435765203492505717290540552057e-22
-5.04,0.99999999990145865875369043634240084,9.1823880317633923913158073609115469e-22
-5.0244444444444444444444444444444444,0.99999999988443804191176060566807351,1.1619162155878223843764261987903478e-21
-5.0088888888888888888888888888888889,0.99999999986458491226989464875013686,1.468939776558975669210975587370058e-21
-4.9933333333333333333333333333333333,0.99999999984138158593487795907049313,1.8565529410685117286211526479813128e-21
-4.9777777777777777777777777777777778,0.99999999981431145759503121415033237,2.3450528022563969228705579303552067e-21
-4.9622222222222222222222222222222222,0.99999999978274908878689542678852563,2.9603282420054980852584750712710832e-21
-4.9466666666666666666666666666666667,0.99999999974597109165588445408192071,3.7348148687818102846502324497312335e-21
-4.9311111111111111111111111111111111,0.99999999970314131914271063615498947,4.709125576511911120633980945129634e-21
-4.9155555555555555555555555555555556,0.99999999965329390091779946962453512,5.9340808640129689442340423176674131e-21
-4.9,0.99999999959531382492198136154451185,7.4732353292697551619883390659936494e-21
-4.8844444444444444444444444444444444,0.99999999952791472454552158742803209,9.4060196120749522211483818571322306e-21
-4.8688888888888888888888888888888889,0.9999999994497226749732061398157707,1.1828134104714897909123871170411967e-20
-4.8533333333333333333333333333333333,0.99999999935882798214140214448876654,1.4869552042783169473232664729214008e-20
-4.8377777777777777777777777777777778,0.99999999925335728660703636765933447,1.8681923820688871424018998483974974e-20
-4.8222222222222222222222222222222222,0.99999999913104662863402605678890798,2.3457805926294636278672679641788313e-20
-4.8066666666666666666666666666666667,0.99999999898929240631509098500475689,2.943711713436081680909193009535173e-20
-4.7911111111111111111111111111111111,0.99999999882510232656952652569414824,3.6918604159998209121652514603665176e-20
-4.7755555555555555555555555555555556,0.99999999863503956610708476079826937,4.6274037423027138224937264573561758e-20
-4.76,0.99999999841515924613017710677839828,5.796577588383399064552051887140259e-20
-4.7444444444444444444444444444444444,0.99999999816093621255493922609650089,7.2568486785732479324789125526396447e-20
-4.7288888888888888888888888888888889,0.99999999786718298842130705121200546,9.0795986143625397409655294409541008e-20
-4.7133333333333333333333333333333333,0.99999999752842828310450833426078062,1.1350156690306770917304427677173853e-19
-4.6977777777777777777777777777777778,0.99999999713699721059645322964978119,1.4184210149648405310962234266051773e-19
-4.6822222222222222222222222222222222,0.99999999668551462118790360772078257,1.7715388121419542029993316105219115e-19
-4.6666666666666666666666666666666667,0.99999999616508030467511252242755902,2.2112529037962622774550265905543213e-19
-4.6511111111111111111111111111111111,0.99999999556552389194285929677045921,2.758470897896836382119349082766229e-19
-4.6355555555555555555555555555555556,0.99999999487523102086004394714154048,3.4390671678022824590823096176221245e-19
-4.62,0.99999999408094680383427478235729045,4.285043022967346746595731203439279e-19
-4.6044444444444444444444444444444444,0.99999999316755378837261072812312978,5.3359531580048278111316897601797455e-19
-4.5888888888888888888888888888888889,0.9999999921178212756980820070542187,6.6406583826788210232163140450974792e-19
-4.5733333333333333333333333333333333,0.99999999091212250106192184250595321,8.2594778983618570233901830996099818e-19
-4.5577777777777777777777777777777778,0.99999998953003446505453275898592782,1.0263941577564531701886294607295322e-18
-4.5422222222222222222222222222222222,0.99999998794258574664571096097434939,1.2750894743907054422805493948641547e-18
-4.5266666666666666666666666666666667,0.99999998612255870891017888029047804,1.583104285847635402515085584085697e-18
-4.5111111111111111111111111111111111,0.99999998403713078825174434567637636,1.9643586324202122536079752274779474e-18
-4.4955555555555555555555555555555556,0.99999998164903503352093739370042029,2.4359840635707156387701785541652332e-18
-4.48,0.99999997891598552957721901574557502,3.0190515648274732267821662926999438e-18
-4.4644444444444444444444444444444444,0.99999997579003235226382701585582644,3.7394614522098278636905965656011973e-18
-4.4488888888888888888888888888888889,0.99999997221683792691833103320558642,4.6290305804175425577747841056658595e-18
-4.4333333333333333333333333333333333,0.99999996813486579183892299733993796,5.7268197689308234009786139829458947e-18
-4.4177777777777777777777777777777778,0.99999996347447181245695002692324148,7.0807534897545772637730278355063869e-18
-4.4022222222222222222222222222222222,0.99999995816423717915035038404747238,8.7472000765606425878369762106968894e-18
-4.3866666666666666666666666666666667,0.99999995210145805121148385076780825,1.080240347392433539453144190967115e-17
-4.3711111111111111111111111111111111,0.99999994519202667517965262550070849,1.333258236877754587942158480145719e-17
-4.3555555555555555555555555555555556,0.99999993732243719926355207212347549,1.6445637824354413311079104425889656e-17
-4.34,0.99999992836464350222308328614258728,2.0273547613818605444427669150516289e-17
-4.3244444444444444444444444444444444,0.99999991817429014852459882247566697,2.4977638894051554483622986076180875e-17
-4.3088888888888888888888888888888889,0.99999990658874057801902569031578801,3.0754993106209295560137643845398807e-17
-4.2933333333333333333333333333333333,0.99999989342488088479059510110576151,3.7846221260915001998305249136790434e-17
-4.2777777777777777777777777777777778,0.99999987847667542485281245849633869,4.6544896781126517727550930692483551e-17
-4.2622222222222222222222222222222222,0.99999986151244819371594748634714649,5.720899194843190977790059083847364e-17
-4.2466666666666666666666666666666667,0.99999984229837917659027880943143209,7.025603920829586937382879435416387e-17
-4.2311111111111111111111111111111111,0.99999982049260929448418866430728765,8.6250501536817043160709309482572448e-17
-4.2155555555555555555555555555555556,0.99999979579047881294656658113964781,1.0582355086593446373530872172593689e-16
-4.2,0.9999997678240761097868358137575047,1.2976147822080951438058220501569181e-16
-4.1844444444444444444444444444444444,0.99999973618104986950504618590160202,1.590200961313299456426809936290932e-16
-4.1688888888888888888888888888888889,0.99999970039954312639120760486989324,1.9476056775868447292667133086930953e-16
-4.1533333333333333333333333333333333,0.99999965996258795789481978662509362,2.3839265204020436149556829978261975e-16
-4.1377777777777777777777777777777778,0.9999996142919080246456169234965339,2.9162686635317107252597312838394747e-16
-4.1222222222222222222222222222222222,0.9999995627410715183570445493252139,3.5653736517989321695203289097584117e-16
-4.1066666666666666666666666666666667,0.99999950466786834210716996792132722,4.3552479964130051447234447588195826e-16
-4.0911111111111111111111111111111111,0.99999943911638338678507825192894124,5.3183450483743866416961661441234698e-16
-4.0755555555555555555555555555555556,0.999999365258180177329565125474876,6.4905731153615625629465445607716729e-16
-4.06,0.99999928209058369260883084655721279,7.9164872908653249915534984602755787e-16
-4.0444444444444444444444444444444444,0.99999918849641912337127338519844606,9.6499474566384023756280393176664201e-16
-4.0288888888888888888888888888888889,0.99999908323175664474751434934186122,1.1756021107335528261451605494110485e-15
-4.0133333333333333333333333333333333,0.99999896491244312191103646649701619,1.4313266777295578116283941139922377e-15
-3.9977777777777777777777777777777778,0.99999883199931201124343801343789264,1.741647243187396810471784637809974e-15
-3.9822222222222222222222222222222222,0.99999868278195421502736590237037888,2.1179937356467615352906609476308745e-15
-3.9666666666666666666666666666666667,0.99999851536092360866757106008136324,2.5741402876360275501021632114948182e-15
-3.9511111111111111111111111111111111,0.99999832788553780219047562362773021,3.1258894487301406362998933199250736e-15
-3.9355555555555555555555555555555556,0.99999811753430687218300856915028055,3.7946147148342158274788822650604503e-15
-3.92,0.99999788194602367027651951296228288,4.6036774903521328724792226636064421e-15
-3.9044444444444444444444444444444444,0.99999761825124791776788430085150654,5.5819411406109009365966387622555156e-15
-3.8888888888888888888888888888888889,0.99999732327396363631116407690861131,6.7640808932773112255697159417073095e-15
-3.8733333333333333333333333333333333,0.9999969935011657406070079977189651,8.1917282186612632635090160533200889e-15
-3.8577777777777777777777777777777778,0.99999662504969556590414819918396667,9.9148352671886554758534222585804572e-15
-3.8422222222222222222222222222222222,0.99999621363010527299387368452964278,1.1993300626085834015538140892771044e-14
-3.8266666666666666666666666666666667,0.99999575450731644058750271281231872,1.4498905188309663937191138567001872e-14
-3.8111111111111111111111111111111111,0.9999952424578228442903839550900845,1.7517615792945091915201866402397684e-14
-3.7955555555555555555555555555555556,0.99999467250309155368675253858213641,2.1147167484415464348908992180040231e-14
-3.78,0.9999940368279666740624026221370685,2.5519901342813633614784722335365747e-14
-3.7644444444444444444444444444444444,0.99999332914902514872596805682545428,3.0778620268493831013152943862981139e-14
-3.7488888888888888888888888888888889,0.99999254178324361742225021157359291,3.7099042339525638455288053897336205e-14
-3.7333333333333333333333333333333333,0.99999166628352730398975222172127981,4.4690958649854366549356616017155739e-14
-3.7177777777777777777777777777777778,0.9999906933689925900772256887732348,5.3804684318642073835758911469490275e-14
-3.7022222222222222222222222222222222,0.99998961284955927521644681931996296,6.4738700200747800147630182194765394e-14
-3.6866666666666666666666666666666667,0.99998841354445632970825285640683452,7.7848699176670008753643067887214952e-14
-3.6711111111111111111111111111111111,0.99998708319422398981359944566574965,9.3558288209729431448640993299820587e-14
-3.6555555555555555555555555555555556,0.99998560836577361140024457021348907,1.1237164097277479453443896312302548e-13
-3.64,0.99998397657639162251064638312703691,1.3485659072800207734048028820005431e-13
-3.6244444444444444444444444444444444,0.99998216751622019196584603904651813,1.617834681182655703542044267551887e-13
-3.6088888888888888888888888888888889,0.99998016559725682837323746147354206,1.9397230854774942475007714133380215e-13
-3.5933333333333333333333333333333333,0.99997795158926840421314600604820447,2.3242828824751536211409469282644787e-13
-3.5777777777777777777777777777777778,0.99997550449284436983607237520079535,2.7834403338186253073483526815631407e-13
-3.5622222222222222222222222222222222,0.99997280139236191468740736022049623,3.3313369296016410351128923350329927e-13
-3.5466666666666666666666666666666667,0.99996981729831341948310538141496787,3.9847303793136831239988608568671229e-13
-3.5311111111111111111111111111111111,0.99996652497837765066730940310718842,4.7634662132040276142691952980821305e-13
-3.5155555555555555555555555555555556,0.9999628947765940728796737450453665,5.6910320639462991595182479393667756e-13
-3.5,0.99995889985602023512510314116748776,6.7952086962542884957009759758364695e-13
-3.4844444444444444444444444444444444,0.99995449479686225544079364857162669,8.1069810936812313428228415851910431e-13
-3.4688888888888888888888888888888889,0.999949646396852285759191730068728,9.6684975840100414704531491331788982e-13
-3.4533333333333333333333333333333333,0.9999443132400770222273979668762859,1.1523986394859649959155354509702471e-12
-3.4377777777777777777777777777777778,0.99993845038085067772324120007954862,1.3727467411721166969116188183424945e-12
-3.4222222222222222222222222222222222,0.99993200907692825612588584385210332,1.6342634823702930473128033104270577e-12
-3.4066666666666666666666666666666667,0.99992493650578703226268780616969125,1.9444542638953406430160256971936604e-12
-3.3911111111111111111111111111111111,0.99991717546319341110069614261120418,2.3121575295716050339084652657070853e-12
-3.3755555555555555555555555555555556,0.9999086640432620082527933821829003,2.7477750069728434438011259359801757e-12
-3.36,0.99989933529920593950262462144605835,3.2635405365219521903694200865324331e-12
-3.3444444444444444444444444444444444,0.99988913072874612107416091072458998,3.8729750881869863366542372149780561e-12
-3.3288888888888888888888888888888889,0.99987794582150809356416963970912606,4.5945307022226000820872552651267438e-12
-3.3133333333333333333333333333333333,0.99986570891869720986647229831243472,5.4473063536075413364492113741739593e-12
-3.2977777777777777777777777777777778,0.99985232911185788228936261347079546,6.4545603109553562604448183531641229e-12
-3.2822222222222222222222222222222222,0.99983770843813571911119741485787923,7.6435617539110206722755295412938036e-12
-3.2666666666666666666666666666666667,0.99982174140833133122089637517137997,9.0462623766424183550346462267455537e-12
-3.2511111111111111111111111111111111,0.99980431451008949495151196941503876,1.0700076919957291688335334921900855e-11
-3.2355555555555555555555555555555556,0.99978530568548513103230934772602545,1.2648789695786694549883609689041475e-11
-3.22,0.99976458378229594021014663686928112,1.4943606740359918978294244452256351e-11
-3.2044444444444444444444444444444444,0.99974200797828563759802835953720291,1.7644376176593962440914559934547846e-11
-3.1888888888888888888888888888888889,0.99971746038376177256397293014580286,2.0816546347163296074498979143206544e-11
-3.1733333333333333333333333333333333,0.99969071550310795506152443978576434,2.4549849319341013708787046623829527e-11
-3.1577777777777777777777777777777778,0.99966163029241172470776687073543227,2.8935667702122183965196094865057161e-11
-3.1422222222222222222222222222222222,0.99963001894752824656168485346902018,3.4084956617156235779412947207021043e-11
-3.1266666666666666666666666666666667,0.99959568269134414294137859282517651,4.0126989504621870459147961367014622e-11
-3.1111111111111111111111111111111111,0.99955840902468450179531940963364257,4.7212287468449853570731506411198293e-11
-3.0955555555555555555555555555555556,0.99951797094700652875802902707922981,5.5516001062003424494846599117310586e-11
-3.08,0.99947412614672353013746613889528737,6.5241811771826590367020258954465764e-11
-3.0644444444444444444444444444444444,0.99942661616110350756825595307396489,7.6626430038079719737429766971079615e-11
-3.0488888888888888888888888888888889,0.99937516550579605212246800414522876,8.994477753181935918666790697476403e-11
-3.0333333333333333333333333333333333,0.99931955577583627409115313980659067,0.00000000010549417312864987070957094934432155
-3.0177777777777777777777777777777778,0.99925933080781314703110157911898075,0.00000000012368465890554929604139510990473877
-3.0022222222222222222222222222222222,0.99919422787493541657972795812195043,0.00000000014492659658066014393932330515820851
-2.9866666666666666666666666666666667,0.9991238941305799452719557948060668,0.00000000016971697591595849322904620229507325
-2.9711111111111111111111111111111111,0.99904795491058543627646702073138057,0.0000000001986311920509642955027248867768922
-2.9555555555555555555555555555555556,0.99896601268899154960703215713017157,0.00000000023233499311080410671811502535382556
-2.94,0.99887764600761720512880561591345173,0.00000000027159818034467898407708883264096655
-2.9244444444444444444444444444444444,0.998782408380740086334576430410132,0.00000000031731030719736020280174535567547388
-2.9088888888888888888888888888888889,0.99867982717633223867399170783590842,0.00000000037049865674113657730874074192485784
-2.8933333333333333333333333333333333,0.99856940247550836676861202330624928,0.00000000043234881410913938766661314405617816
-2.8777777777777777777777777777777778,0.99845076544596821410673629546210251,0.0000000005041279424686375829915219991710144
-2.8622222222222222222222222222222222,0.99832305096927715635102031840577022,0.00000000058759651631471598242050335723985331
-2.8466666666666666666666666666666667,0.99818581860994599710514400989195597,0.00000000068448345908266262944159027693064685
-2.8311111111111111111111111111111111,0.99803844757264496921150263188791524,0.00000000079687838874627663263216221154038577
-2.8155555555555555555555555555555556,0.99788028382033958570907299375807153,0.00000000092718528375867922773642588211050107
-2.8,0.99771063885012493706253179894680022,0.0000000010781680165220681425407983091366268
-2.7844444444444444444444444444444444,0.99752878846516948808963525895114259,0.0000000012530022105880289879973417005097378
-2.7688888888888888888888888888888889,0.99733397154630269198015480342950741,0.0000000014553342592271880995252602770721134
-2.7533333333333333333333333333333333,0.99712538882703854610712636117260336,0.0000000016893484480922712006833498548123067
-2.7377777777777777777777777777777778,0.99690250059962036604863852884695434,0.0000000019594669753907526139545581102790754
-2.7222222222222222222222222222222222,0.9966638504582830523707224292159398,0.0000000022718833932960945690300177923281418
-2.7066666666666666666666666666666667,0.99640879694236470931600723768240731,0.0000000026325694256493031091534833191325245
-2.6911111111111111111111111111111111,0.9961363762187213369909100442493576,0.0000000030487329466001684959323160077002642
-2.6755555555555555555555555555555556,0.99584558038595032758529058811430134,0.0000000035286187505178578756197393030608094
-2.66,0.99553535636417430835886651337781214,0.0000000040816516972971756768383182061665968
-2.6444444444444444444444444444444444,0.99520460482204141921320186566411499,0.0000000047185987262082371878750583929880106
-2.6288888888888888888888888888888889,0.99485217914676650233613610947403234,0.000000005451752097683350873678819038354693
-2.6133333333333333333333333333333333,0.99447688446326660292648119018920496,0.0000000062951364998328984116916725101942696
-2.5977777777777777777777777777777778,0.99407747670866205500757440346373947,0.0000000072647429641535593146300560004978545
-2.5822222222222222222222222222222222,0.99365322905521943400152657971644257,0.0000000083772477274971031126713215102081276
-2.5666666666666666666666666666666667,0.99320169751395228115132669269986815,0.0000000096562619961275564629565861452401449
-2.5511111111111111111111111111111111,0.99272201914158543339330051658652263,0.000000011124049855530999527968612169414521
-2.5355555555555555555555555555555556,0.9922127452749194154541488259474532,0.000000012807461789637682959249518268674328
-2.52,0.99167237449956451409101461687148315,0.00000001473701482918805226101362731209902
-2.5044444444444444444444444444444444,0.99109935219854605202130931052559611,0.000000016947370942398977561743161439949796
-2.4888888888888888888888888888888889,0.99049207020494687521135850017548559,0.000000019477874696437707536067587261619678
-2.4733333333333333333333333333333333,0.98984886656597862577540233981961009,0.000000022373157104912412523485363078418743
-2.4577777777777777777777777777777778,0.98916802542590665314366073419792319,0.000000025683813327365067056457006201067575
-2.4422222222222222222222222222222222,0.98844777703525658175250836828423842,0.000000029467162712005749856691386414247695
-2.4266666666666666666666666666666667,0.98768731173802840072789855705229327,0.000000033782125126100052315224467366305143
-2.4111111111111111111111111111111111,0.98688278195429744983745402478315768,0.000000038713233709442877820701293079745344
-2.3955555555555555555555555555555556,0.98603321698440050475814436397645409,0.000000044338264360859405602090918424616848
-2.38,0.9851366344465044341533956647983541,0.00000005075101613625497062621072696617745
-2.3644444444444444444444444444444444,0.98419100026025045919696092343206894,0.000000058057411594193638493478287215583793
-2.3488888888888888888888888888888889,0.98319422956535761121412303103532242,0.000000066376986351276998205630511013250871
-2.3333333333333333333333333333333333,0.98214418781569422935108560920938782,0.000000075844551258127887445033841364191953
-2.3177777777777777777777777777777778,0.98103869205498768343364516848742086,0.000000086612045858967626331572565593627628
-2.3022222222222222222222222222222222,0.97987551238000453276571785728533748,0.00000009885060364950165518321885857740068
-2.2866666666666666666666666666666667,0.97865237359665204468071974579464698,0.00000011275285166360843337774546543344606
-2.2711111111111111111111111111111111,0.97736866341711364743989898081779643,0.00000012851370716013648118216655495038391
-2.2555555555555555555555555555555556,0.97601869441535061939988359681255802,0.00000014641734885441621921308299446497003
-2.24,0.97460169166677500094006092900438022,0.00000016671819458786480193095849805476741
-2.2244444444444444444444444444444444,0.97311521944482421682910996395888633,0.0000001897233988168051561028719236122514
-2.2088888888888888888888888888888889,0.97155680806135663104811810538712257,0.00000021577757010106032272225545739494009
-2.1933333333333333333333333333333333,0.96992395676759918145030213231250747,0.00000024526708602651416449967702666293484
-2.1777777777777777777777777777777778,0.96821413687182345364606719707224219,0.00000027862487308973618968523799704168543
-2.1622222222222222222222222222222222,0.96642479507458940866298102767719597,0.00000031633569772165489201660962318821491
-2.1466666666666666666666666666666667,0.9645533570216341158687746034166593,0.00000035894201875472738074173128525029712
-2.1311111111111111111111111111111111,0.96259723107368450807470337233009931,0.00000040705045608323710127872961657280593
-2.1155555555555555555555555555555556,0.96055651679653127810666276495017455,0.00000046126429856649794400967524642360313
-2.1,0.95842330929263444737472691583455375,0.00000052248042217539089978770057197817218
-2.0844444444444444444444444444444444,0.9561975795723596347508796608429047,0.00000059147754870055415560941368804058417
-2.0688888888888888888888888888888889,0.95387670881730768494957455738863937,0.00000066919801404371909475125144495054992
-2.0533333333333333333333333333333333,0.95145808293541581319667212061021574,0.00000075669215851075186797878999999583066
-2.0377777777777777777777777777777778,0.94893909756824092692706210413763775,0.00000085512993478800219614749322906865822
-2.0222222222222222222222222222222222,0.94631716328524867289509191208727326,0.00000096581367048784035864478234479695377
-2.0066666666666666666666666666666667,0.94358971095701376035749791943445932,0.0000010901920893749954587475867965380135
-1.9911111111111111111111111111111111,0.94075419729824387713199749348637003,0.0000012298757035934736117134448054461976
-1.9755555555555555555555555555555556,0.93781199933769080994909309621997594,0.0000013864387270306440079620057469140483
-1.96,0.9347530132178957432743166903743421,0.0000015622713734002048907556188518437072
-1.9444444444444444444444444444444444,0.93157855185362028280200663678316122,0.0000017593855719650721245450031604976555
-1.9288888888888888888888888888888889,0.92828623372101799918721753317713762,0.0000019802244405481756466632701842158378
-1.9133333333333333333333333333333333,0.92487373300729541003688612593256198,0.0000022274949520124125399874187578301001
-1.8977777777777777777777777777777778,0.92133878592647659487936200381420421,0.000002504194436255476274677769496035953
-1.8822222222222222222222222222222222,0.91767919711405000075632216081763647,0.0000028136395154495092131600716805745536
-1.8666666666666666666666666666666667,0.91389284608381739908488986432162846,0.0000031594976709474464531063662994557246
-1.8511111111111111111111111111111111,0.90997769372943866924766130380738461,0.0000035458216538568923356572383581318528
-1.8355555555555555555555555555555556,0.90593178885238524967745163620871814,0.0000039770869655299896572266256398267823
-1.82,0.90175877382392627053867342545757443,0.0000044575748498568798166954977866648891
-1.8044444444444444444444444444444444,0.89744606973971002270755411751900733,0.0000049939724249009445227546506841018519
-1.7888888888888888888888888888888889,0.89299735431861107984011315949725972,0.0000055916922046096166746011678057024728
-1.7733333333333333333333333333333333,0.88841109297007658983032553375855957,0.0000062573448440745269508933996132316163
-1.7577777777777777777777777777777778,0.88368587135122158794091745889493762,0.0000069982061245847752682463102928542705
-1.7422222222222222222222222222222222,0.87882040163268479222285747251961753,0.0000078222784815643019951512618473794469
-1.7266666666666666666666666666666667,0.87381352864597314569329036385293821,0.0000087383576413654648006266630940653716
-1.7111111111111111111111111111111111,0.86866423589001962035098463208251638,0.000009756104731258489592590501659690823
-1.6955555555555555555555555555555556,0.86337165137453225010484819714392253,0.000010886124247071292494936124491185631
-1.68,0.85793505327765706415899804601586674,0.000012140048283597070016549715077594356
-1.6644444444444444444444444444444444,0.85236119861137361192488922009853204,0.000013528731912013337107371036227068213
-1.6488888888888888888888888888888889,0.84663522357304858639002457799736861,0.000015069728705548260655039329600555184
-1.6333333333333333333333333333333333,0.8407640240205946811743497159894117,0.000016776616538947015117884418259678437
-1.6177777777777777777777777777777778,0.83474753066325019788484102904878483,0.000018666118901653952551883861132865488
-1.6022222222222222222222222222222222,0.82858584909770021032189221786069354,0.00002075651749580904777937454854638752
-1.5866666666666666666666666666666667,0.82227926388906515862914692709569619,0.000023067783752063048962244445228379278
-1.5711111111111111111111111111111111,0.81582824231550354153060180898461732,0.000025621720056662237636121595218960581
-1.5555555555555555555555555555555556,0.80923343775704642700246681882349738,0.000028442111272958169980655456552068275
-1.54,0.80249569271012181487752460934541391,0.000031554887163102321934490578723820897
-1.5244444444444444444444444444444444,0.79561604141016547641165450023014594,0.000034988296337994000476147511363593691
-1.5088888888888888888888888888888889,0.78860489613893350851936979970022142,0.000038767948399420895605018804607850595
-1.4933333333333333333333333333333333,0.78144549201711133916546148365658168,0.000042937067484142347769278988208191599
-1.4777777777777777777777777777777778,0.7741484525623539660689609841379612,0.000047527355899693724249594297502323723
-1.4622222222222222222222222222222222,0.76671559654150531448947429617135902,0.000052578326680874788381389992903140184
-1.4466666666666666666666666666666667,0.75914894115591740288517098361124061,0.000058132877536591679800065093307793985
-1.4311111111111111111111111111111111,0.75145070200777001407105756113322385,0.000064237548310983051802161056823577039
-1.4155555555555555555555555555555556,0.74362329258517110438788755775076492,0.000070942794934652401580208039661765717
-1.4,0.73566932325908344874890226612724498,0.000078303280641923797317166000734719651
-1.3844444444444444444444444444444444,0.72759159978677508108867116193903858,0.000086378185241662895868094569545516506
-1.3688888888888888888888888888888889,0.71940381786253269052591090586012519,0.00009521953240616528150186644975024377
-1.3533333333333333333333333333333333,0.71108792458920021201800346249917044,0.00010491939564322878335119328485171653
-1.3377777777777777777777777777777778,0.70265783983261908874541871443262842,0.00011554159631148413340993413697257364
-1.3222222222222222222222222222222222,0.69411712573476053045697574734439277,0.00012716685433850716365981152425674226
-1.3066666666666666666666666666666667,0.68546952488029679887227047949697327,0.000139882250897880058861919884398788
-1.2911111111111111111111111111111111,0.67671895582641223076568340013706225,0.00015378166283244470373339628287735666
-1.2755555555555555555555555555555556,0.66786950815155214985140294583357638,0.0001689662207372345650386923417580073
-1.26,0.65892543703218520174983051445097875,0.00018554479147450708185536213207035206
-1.2444444444444444444444444444444444,0.64989115735847221677218972678407984,0.0002036344858731968421690088398144531
-1.2288888888888888888888888888888889,0.64077123740152733901944959533944934,0.00022336119233983924609066255296662766
-1.2133333333333333333333333333333333,0.63158236050774932239307240462168491,0.00024483108092557367703780131557236982
-1.1977777777777777777777777777777778,0.62230553941028047591704647137104963,0.00026824483339080363146105174800822705
-1.1822222222222222222222222222222222,0.61295762684978708841122127736681608,0.00029373145898297677329022442539201286
-1.1666666666666666666666666666666667,0.60354373271172178912818289071822898,0.00032145781939640777199738434577332247
-1.1511111111111111111111111111111111,0.59406908244816605993812974462719035,0.00035160263269206112467830733496891979
-1.1355555555555555555555555555555556,0.58453900841648553283454060274584026,0.00038435717545214570086976173318273204
-1.12,0.57495894090460177106586307560273185,0.00041992601471981013822770152392515087
-1.1044444444444444444444444444444444,0.56533439886796741820124844937672694,0.00045852777002106905385481553436239181
-1.0888888888888888888888888888888889,0.55567098040451938485302731168072625,0.00050039590567886846468306504190089685
-1.0733333333333333333333333333333333,0.54597435299496844805569543436707112,0.00054577955353353823172237846330392184
-1.0577777777777777777777777777777778,0.53626285482513062003317669142916172,0.00059487811527594135311061297876190631
-1.0422222222222222222222222222222222,0.52651706385155931658163381672126736,0.00064810169369350451892947805209706411
-1.0266666666666666666666666666666667,0.51675537460114769095359790961366362,0.0007056904650068261709155365985204345
-1.0111111111111111111111111111111111,0.50698363077390479418077400400821966,0.00076796503879043290408938663616053525
-0.99555555555555555555555555555555555,0.49720769416688917306994911029609609,0.0008352662567468709125947730668241666
-0.98,0.48743343412733703378873863936303252,0.00090795619375209548001818536217305338
-0.96444444444444444444444444444444444,0.47766671698313488029813244676230599,0.00098641918667687009429104975056404606
-0.94888888888888888888888888888888889,0.46791339548235297556211913548104848,0.0010710628900068179009214424077262981
-0.93333333333333333333333333333333333,0.45817929827351791397242516713510749,0.0011623193571052329020584255127786462
-0.91777777777777777777777777777777778,0.44847021945813152480750567176552381,0.0012606461457750371260719852342657628
-0.90222222222222222222222222222222222,0.43880442255738242300025694030034856,0.0013663851905971471976756877991445472
-0.88666666666666666666666666666666667,0.42916252217305304315494748106762671,0.0014803221838718310459606744669505722
-0.87111111111111111111111111111111111,0.4195627052205386618761203697085937,0.001602865865165643280692715748030454
-0.85555555555555555555555555555555556,0.41001052576892703876807903736382217,0.0017345872535508150657694117778210686
-0.84,0.40051145327318457205740010795079741,0.0018760887020011706256811576578847688
-0.82444444444444444444444444444444444,0.39107086319550452493689794988197163,0.0020280051089163976408986520520311775
-0.80888888888888888888888888888888889,0.38169402790382597609698486073739909,0.0021910051385772919934081277491266488
-0.79333333333333333333333333333333333,0.37238610787313200355338014328850442,0.0023657924473959416761863483878468035
-0.77777777777777777777777777777777778,0.36315214321389116078615856340569411,0.0025531069125724403183454098389482348
-0.76222222222222222222222222222222222,0.35399704555066787830820880361347165,0.0027537258595136064048251388787162351
-0.74666666666666666666666666666666667,0.34493728474790683334170643952106055,0.0029681776262405981104506452812126208
-0.73111111111111111111111111111111111,0.33595398637393427030326774311110759,0.0031978734372298946666423544802747131
-0.71555555555555555555555555555555556,0.32706343773138217737975374076756801,0.0034434413783144141725148164254057656
-0.7,0.31826996322206997213800369659345119,0.0037058206195645596988784645847853228
-0.68444444444444444444444444444444445,0.30957772411697145865195563566186304,0.0039859937505622805965905679322654499
-0.66888888888888888888888888888888889,0.30099071293384113399880309747057535,0.0042849879093542537102124070889039179
-0.65333333333333333333333333333333334,0.29251274828237791704566231363391118,0.0046038758774094450431331471049232642
-0.63777777777777777777777777777777778,0.28414747018678360772425635774251882,0.004943777134891624056925040265981581
-0.62222222222222222222222222222222222,0.27589833589374559359350430194659762,0.0053058588703229626980836607380033399
-0.60666666666666666666666666666666667,0.26777906830778969702861058840771025,0.0056908219412125666955208371457646029
-0.59111111111111111111111111111111111,0.25977168366040236743950232418557771,0.006100928977533972395949721941339192
-0.57555555555555555555555555555555556,0.25188967975247904543083678800078352,0.006537011852064709357954599099688605
-0.56,0.24413575094032473347933711218773632,0.0070004374849251341952577566340056633
-0.54444444444444444444444444444444445,0.23651239527836328761369620988398369,0.0074926246456139269242954362399546304
-0.52888888888888888888888888888888889,0.22902191330503406402921083976710089,0.0080150445530965015157047817891805347
-0.51333333333333333333333333333333334,0.22166640731934122102611159100598061,0.0085692213833356731314950385601278174
-0.49777777777777777777777777777777778,0.21444778114180284215518747627250179,0.0091567326769816217657593549232547823
-0.48222222222222222222222222222222222,0.20736774035192709973024993169937868,0.0097792096398613886161714580958971202
-0.46666666666666666666666666666666667,0.20042779299278420862409287226730648,0.010438337328858494695284083153708778
-0.45111111111111111111111111111111111,0.19363796516645963285521637580018454,0.011134925597434474567219164549261013
-0.43555555555555555555555555555555556,0.18698175964668596936533622606623261,0.01187257227058778417157914145507814
-0.42,0.18046899920774042986975553800878933,0.012652245504205850927267623920060631
-0.40444444444444444444444444444444445,0.17410041796783418349629483363626258,0.013475844997640405225818465315067161
-0.38888888888888888888888888888888889,0.16787656260392088587448262486462255,0.014345323253304351748320241607177079
-0.37333333333333333333333333333333334,0.16179779558226146644738897965746258,0.015262684920611697718911153412414815
-0.35777777777777777777777777777777778,0.15586429875281577007679688565141325,0.016229985974724690739154809586769014
-0.34222222222222222222222222222222222,0.15007607728842690346984482036427478,0.017249332723492826047948536882652084
-0.32666666666666666666666666666666667,0.14443296394898077786775224943971429,0.018322880636239671755634377401396441
-0.31111111111111111111111111111111111,0.13893462365004071859099007187730402,0.019452832988366968022715531146188982
-0.29555555555555555555555555555555556,0.13358740057736079678755495349679857,0.020639860747561088692177084985322723
-0.28,0.12837676870643546836721782200459848,0.021889334656909209956600246120772069
-0.26444444444444444444444444444444445,0.1233089485078172212414278220020371,0.02320209018192893642607149555232538
-0.24888888888888888888888888888888889,0.11838298473509529607926968432577334,0.024580504343935129031212991256381675
-0.23333333333333333333333333333333333,0.11359778094776154852314775256974743,0.026026992250113741130356432032671466
-0.21777777777777777777777777777777778,0.10895210545054263664849023920181001,0.027544004529686072159235040039341903
-0.20222222222222222222222222222222222,0.10444459738311984215454365572700423,0.029134024556109313032073980718344808
-0.18666666666666666666666666666666667,0.10007377293788723623207148795068451,0.030799565453355264879341279880705492
-0.17111111111111111111111111111111111,0.095838031683596109875512177656821175,0.032543166885009921946523201238727289
-0.15555555555555555555555555555555556,0.091735662973016660529361135496272314,0.034367391625676762209081926972424408
-0.14,0.087769911668152684377492614612537043,0.036272296212431071183954080124988782
-0.12444444444444444444444444444444445,0.083928580972087567382288891005671647,0.038265417062408970616641010727549509
-0.10888888888888888888888888888888889,0.08021489712016556800722115142421597,0.040346947285461832498703460882736317
-0.093333333333333333333333333333333331,0.076626773720168779915131327047532503,0.042519503480289849639741998575558637
-0.077777777777777777777777777777777779,0.073162046718410875018611565953140156,0.044785704992405868319769125586022254
-0.062222222222222222222222222222222221,0.069818480877940190604566464407847639,0.047148169214665522621485439254393987
-0.046666666666666666666666666666666669,0.066593776201947952453046202759654078,0.049609506690062433152059686163884261
-0.03111111111111111111111111111111111,0.063485574285342103534275598652655834,0.052172316023337194151352940427943254
-0.015555555555555555555555555555555558,0.060491464578297003324376275123049205,0.054839178608929865353985211894057079
0.0,0.057612653183795736666397866111693631,0.057612653183795736666397866111693631
0.015555555555555555555555555555555558,0.054839178608929865353985211894057079,0.060491464578297003324376275123049205
0.03111111111111111111111111111111111,0.052172316023337194151352940427943254,0.063485574285342103534275598652655834
0.046666666666666666666666666666666669,0.049609506690062433152059686163884261,0.066593776201947952453046202759654078
0.062222222222222222222222222222222221,0.047148169214665522621485439254393987,0.069818480877940190604566464407847639
0.077777777777777777777777777777777779,0.044785704992405868319769125586022254,0.073162046718410875018611565953140156
0.093333333333333333333333333333333331,0.042519503480289849639741998575558637,0.076626773720168779915131327047532503
0.10888888888888888888888888888888889,0.040346947285461832498703460882736317,0.08021489712016556800722115142421597
0.12444444444444444444444444444444445,0.038265417062408970616641010727549509,0.083928580972087567382288891005671647
0.14,0.036272296212431071183954080124988782,0.087769911668152684377492614612537043
0.15555555555555555555555555555555556,0.034367391625676762209081926972424408,0.091735662973016660529361135496272314
0.17111111111111111111111111111111111,0.032543166885009921946523201238727289,0.095838031683596109875512177656821175
0.18666666666666666666666666666666667,0.030799565453355264879341279880705492,0.10007377293788723623207148795068451
0.20222222222222222222222222222222222,0.029134024556109313032073980718344808,0.10444459738311984215454365572700423
0.21777777777777777777777777777777778,0.027544004529686072159235040039341903,0.10895210545054263664849023920181001
0.23333333333333333333333333333333333,0.026026992250113741130356432032671466,0.11359778094776154852314775256974743
0.24888888888888888888888888888888889,0.024580504343935129031212991256381675,0.11838298473509529607926968432577334
0.26444444444444444444444444444444445,0.02320209018192893642607149555232538,0.1233089485078172212414278220020371
0.28,0.021889334656909209956600246120772069,0.12837676870643546836721782200459848
0.29555555555555555555555555555555556,0.020639860747561088692177084985322723,0.13358740057736079678755495349679857
0.31111111111111111111111111111111111,0.019452832988366968022715531146188982,0.13893462365004071859099007187730402
0.32666666666666666666666666666666667,0.018322880636239671755634377401396441,0.14443296394898077786775224943971429
0.34222222222222222222222222222222222,0.017249332723492826047948536882652084,0.15007607728842690346984482036427478
0.35777777777777777777777777777777778,0.016229985974724690739154809586769014,0.15586429875281577007679688565141325
0.37333333333333333333333333333333334,0.015262684920611697718911153412414815,0.16179779558226146644738897965746258
0.38888888888888888888888888888888889,0.014345323253304351748320241607177079,0.16787656260392088587448262486462255
0.40444444444444444444444444444444445,0.013475844997640405225818465315067161,0.17410041796783418349629483363626258
0.42,0.012652245504205850927267623920060631,0.18046899920774042986975553800878933
0.43555555555555555555555555555555556,0.01187257227058778417157914145507814,0.18698175964668596936533622606623261
0.45111111111111111111111111111111111,0.011134925597434474567219164549261013,0.19363796516645963285521637580018454
0.46666666666666666666666666666666667,0.010438337328858494695284083153708778,0.20042779299278420862409287226730648
0.48222222222222222222222222222222223,0.0097792096398613886161714580958971202,0.20736774035192709973024993169937868
0.49777777777777777777777777777777778,0.0091567326769816217657593549232547823,0.21444778114180284215518747627250179
0.51333333333333333333333333333333334,0.0085692213833356731314950385601278174,0.22166640731934122102611159100598061
0.52888888888888888888888888888888889,0.0080150445530965015157047817891805347,0.22902191330503406402921083976710089
0.54444444444444444444444444444444445,0.0074926246456139269242954362399546304,0.23651239527836328761369620988398369
0.56,0.0070004374849251341952577566340056633,0.24413575094032473347933711218773632
0.57555555555555555555555555555555556,0.006537011852064709357954599099688605,0.25188967975247904543083678800078352
0.59111111111111111111111111111111111,0.006100928977533972395949721941339192,0.25977168366040236743950232418557771
0.60666666666666666666666666666666667,0.0056908219412125666955208371457646029,0.26777906830778969702861058840771025
0.62222222222222222222222222222222222,0.0053058588703229626980836607380033399,0.27589833589374559359350430194659762
0.63777777777777777777777777777777778,0.004943777134891624056925040265981581,0.28414747018678360772425635774251882
0.65333333333333333333333333333333334,0.0046038758774094450431331471049232642,0.29251274828237791704566231363391118
0.66888888888888888888888888888888889,0.0042849879093542537102124070889039179,0.30099071293384113399880309747057535
0.68444444444444444444444444444444445,0.0039859937505622805965905679322654499,0.30957772411697145865195563566186304
0.7,0.0037058206195645596988784645847853228,0.31826996322206997213800369659345119
0.71555555555555555555555555555555556,0.0034434413783144141725148164254057656,0.32706343773138217737975374076756801
0.73111111111111111111111111111111111,0.0031978734372298946666423544802747131,0.33595398637393427030326774311110759
0.74666666666666666666666666666666667,0.0029681776262405981104506452812126208,0.34493728474790683334170643952106055
0.76222222222222222222222222222222222,0.0027537258595136064048251388787162351,0.35399704555066787830820880361347165
0.77777777777777777777777777777777778,0.0025531069125724403183454098389482348,0.36315214321389116078615856340569411
0.79333333333333333333333333333333333,0.0023657924473959416761863483878468035,0.37238610787313200355338014328850442
0.80888888888888888888888888888888889,0.0021910051385772919934081277491266488,0.38169402790382597609698486073739909
0.82444444444444444444444444444444444,0.0020280051089163976408986520520311775,0.39107086319550452493689794988197163
0.84,0.0018760887020011706256811576578847688,0.40051145327318457205740010795079741
0.85555555555555555555555555555555556,0.0017345872535508150657694117778210686,0.41001052576892703876807903736382217
0.87111111111111111111111111111111111,0.001602865865165643280692715748030454,0.4195627052205386618761203697085937
0.88666666666666666666666666666666667,0.0014803221838718310459606744669505722,0.42916252217305304315494748106762671
0.90222222222222222222222222222222222,0.0013663851905971471976756877991445472,0.43880442255738242300025694030034856
0.91777777777777777777777777777777778,0.0012606461457750371260719852342657628,0.44847021945813152480750567176552381
0.93333333333333333333333333333333333,0.0011623193571052329020584255127786462,0.45817929827351791397242516713510749
0.94888888888888888888888888888888889,0.0010710628900068179009214424077262981,0.46791339548235297556211913548104848
0.96444444444444444444444444444444444,0.00098641918667687009429104975056404606,0.47766671698313488029813244676230599
0.98,0.00090795619375209548001818536217305338,0.48743343412733703378873863936303252
0.99555555555555555555555555555555555,0.0008352662567468709125947730668241666,0.49720769416688917306994911029609609
1.0111111111111111111111111111111111,0.00076796503879043290408938663616053525,0.50698363077390479418077400400821966
1.0266666666666666666666666666666667,0.0007056904650068261709155365985204345,0.51675537460114769095359790961366362
1.0422222222222222222222222222222222,0.00064810169369350451892947805209706411,0.52651706385155931658163381672126736
1.0577777777777777777777777777777778,0.00059487811527594135311061297876190631,0.53626285482513062003317669142916172
1.0733333333333333333333333333333333,0.00054577955353353823172237846330392184,0.54597435299496844805569543436707112
1.0888888888888888888888888888888889,0.00050039590567886846468306504190089685,0.55567098040451938485302731168072625
1.1044444444444444444444444444444445,0.00045852777002106905385481553436239181,0.56533439886796741820124844937672694
1.12,0.00041992601471981013822770152392515087,0.57495894090460177106586307560273185
1.1355555555555555555555555555555556,0.00038435717545214570086976173318273204,0.58453900841648553283454060274584026
1.1511111111111111111111111111111111,0.00035160263269206112467830733496891979,0.59406908244816605993812974462719035
1.1666666666666666666666666666666667,0.00032145781939640777199738434577332247,0.60354373271172178912818289071822898
1.1822222222222222222222222222222222,0.00029373145898297677329022442539201286,0.61295762684978708841122127736681608
1.1977777777777777777777777777777778,0.00026824483339080363146105174800822705,0.62230553941028047591704647137104963
1.2133333333333333333333333333333333,0.00024483108092557367703780131557236982,0.63158236050774932239307240462168491
1.2288888888888888888888888888888889,0.00022336119233983924609066255296662766,0.64077123740152733901944959533944934
1.2444444444444444444444444444444444,0.0002036344858731968421690088398144531,0.64989115735847221677218972678407984
1.26,0.00018554479147450708185536213207035206,0.65892543703218520174983051445097875
1.2755555555555555555555555555555556,0.0001689662207372345650386923417580073,0.66786950815155214985140294583357638
1.2911111111111111111111111111111111,0.00015378166283244470373339628287735666,0.67671895582641223076568340013706225
1.3066666666666666666666666666666667,0.000139882250897880058861919884398788,0.68546952488029679887227047949697327
1.3222222222222222222222222222222222,0.00012716685433850716365981152425674226,0.69411712573476053045697574734439277
1.3377777777777777777777777777777778,0.00011554159631148413340993413697257364,0.70265783983261908874541871443262842
1.3533333333333333333333333333333333,0.00010491939564322878335119328485171653,0.71108792458920021201800346249917044
1.3688888888888888888888888888888889,0.00009521953240616528150186644975024377,0.71940381786253269052591090586012519
1.3844444444444444444444444444444444,0.000086378185241662895868094569545516506,0.72759159978677508108867116193903858
1.4,0.000078303280641923797317166000734719651,0.73566932325908344874890226612724498
1.4155555555555555555555555555555556,0.000070942794934652401580208039661765717,0.74362329258517110438788755775076492
1.4311111111111111111111111111111111,0.000064237548310983051802161056823577039,0.75145070200777001407105756113322385
1.4466666666666666666666666666666667,0.000058132877536591679800065093307793985,0.75914894115591740288517098361124061
1.4622222222222222222222222222222222,0.000052578326680874788381389992903140184,0.76671559654150531448947429617135902
1.4777777777777777777777777777777778,0.000047527355899693724249594297502323723,0.7741484525623539660689609841379612
1.4933333333333333333333333333333333,0.000042937067484142347769278988208191599,0.78144549201711133916546148365658168
1.5088888888888888888888888888888889,0.000038767948399420895605018804607850595,0.78860489613893350851936979970022142
1.5244444444444444444444444444444444,0.000034988296337994000476147511363593691,0.79561604141016547641165450023014594
1.54,0.000031554887163102321934490578723820897,0.80249569271012181487752460934541391
1.5555555555555555555555555555555556,0.000028442111272958169980655456552068275,0.80923343775704642700246681882349738
1.5711111111111111111111111111111111,0.000025621720056662237636121595218960581,0.81582824231550354153060180898461732
1.5866666666666666666666666666666667,0.000023067783752063048962244445228379278,0.82227926388906515862914692709569619
1.6022222222222222222222222222222222,0.00002075651749580904777937454854638752,0.82858584909770021032189221786069354
1.6177777777777777777777777777777778,0.000018666118901653952551883861132865488,0.83474753066325019788484102904878483
1.6333333333333333333333333333333333,0.000016776616538947015117884418259678437,0.8407640240205946811743497159894117
1.6488888888888888888888888888888889,0.000015069728705548260655039329600555184,0.84663522357304858639002457799736861
1.6644444444444444444444444444444444,0.000013528731912013337107371036227068213,0.85236119861137361192488922009853204
1.68,0.000012140048283597070016549715077594356,0.85793505327765706415899804601586674
1.6955555555555555555555555555555556,0.000010886124247071292494936124491185631,0.86337165137453225010484819714392253
1.7111111111111111111111111111111111,0.000009756104731258489592590501659690823,0.86866423589001962035098463208251638
1.7266666666666666666666666666666667,0.0000087383576413654648006266630940653716,0.87381352864597314569329036385293821
1.7422222222222222222222222222222222,0.0000078222784815643019951512618473794469,0.87882040163268479222285747251961753
1.7577777777777777777777777777777778,0.0000069982061245847752682463102928542705,0.88368587135122158794091745889493762
1.7733333333333333333333333333333333,0.0000062573448440745269508933996132316163,0.88841109297007658983032553375855957
1.7888888888888888888888888888888889,0.0000055916922046096166746011678057024728,0.89299735431861107984011315949725972
1.8044444444444444444444444444444444,0.0000049939724249009445227546506841018519,0.89744606973971002270755411751900733
1.82,0.0000044575748498568798166954977866648891,0.90175877382392627053867342545757443
1.8355555555555555555555555555555556,0.0000039770869655299896572266256398267823,0.90593178885238524967745163620871814
1.8511111111111111111111111111111111,0.0000035458216538568923356572383581318528,0.90997769372943866924766130380738461
1.8666666666666666666666666666666667,0.0000031594976709474464531063662994557246,0.91389284608381739908488986432162846
1.8822222222222222222222222222222222,0.0000028136395154495092131600716805745536,0.91767919711405000075632216081763647
1.8977777777777777777777777777777778,0.000002504194436255476274677769496035953,0.92133878592647659487936200381420421
1.9133333333333333333333333333333333,0.0000022274949520124125399874187578301001,0.92487373300729541003688612593256198
1.9288888888888888888888888888888889,0.0000019802244405481756466632701842158378,0.92828623372101799918721753317713762
1.9444444444444444444444444444444444,0.0000017593855719650721245450031604976555,0.93157855185362028280200663678316122
1.96,0.0000015622713734002048907556188518437072,0.9347530132178957432743166903743421
1.9755555555555555555555555555555556,0.0000013864387270306440079620057469140483,0.93781199933769080994909309621997594
1.9911111111111111111111111111111111,0.0000012298757035934736117134448054461976,0.94075419729824387713199749348637003
2.0066666666666666666666666666666667,0.0000010901920893749954587475867965380135,0.94358971095701376035749791943445932
2.0222222222222222222222222222222222,0.00000096581367048784035864478234479695377,0.94631716328524867289509191208727326
2.0377777777777777777777777777777778,0.00000085512993478800219614749322906865822,0.94893909756824092692706210413763775
2.0533333333333333333333333333333333,0.00000075669215851075186797878999999583066,0.95145808293541581319667212061021574
2.0688888888888888888888888888888889,0.00000066919801404371909475125144495054992,0.95387670881730768494957455738863937
2.0844444444444444444444444444444444,0.00000059147754870055415560941368804058417,0.9561975795723596347508796608429047
2.1,0.00000052248042217539089978770057197817218,0.95842330929263444737472691583455375
2.1155555555555555555555555555555556,0.00000046126429856649794400967524642360313,0.96055651679653127810666276495017455
2.1311111111111111111111111111111111,0.00000040705045608323710127872961657280593,0.96259723107368450807470337233009931
2.1466666666666666666666666666666667,0.00000035894201875472738074173128525029712,0.9645533570216341158687746034166593
2.1622222222222222222222222222222222,0.00000031633569772165489201660962318821491,0.96642479507458940866298102767719597
2.1777777777777777777777777777777778,0.00000027862487308973618968523799704168543,0.96821413687182345364606719707224219
2.1933333333333333333333333333333333,0.00000024526708602651416449967702666293484,0.96992395676759918145030213231250747
2.2088888888888888888888888888888889,0.00000021577757010106032272225545739494009,0.97155680806135663104811810538712257
2.2244444444444444444444444444444444,0.0000001897233988168051561028719236122514,0.97311521944482421682910996395888633
2.24,0.00000016671819458786480193095849805476741,0.97460169166677500094006092900438022
2.2555555555555555555555555555555556,0.00000014641734885441621921308299446497003,0.97601869441535061939988359681255802
2.2711111111111111111111111111111111,0.00000012851370716013648118216655495038391,0.97736866341711364743989898081779643
2.2866666666666666666666666666666667,0.00000011275285166360843337774546543344606,0.97865237359665204468071974579464698
2.3022222222222222222222222222222222,0.00000009885060364950165518321885857740068,0.97987551238000453276571785728533748
2.3177777777777777777777777777777778,0.000000086612045858967626331572565593627628,0.98103869205498768343364516848742086
2.3333333333333333333333333333333333,0.000000075844551258127887445033841364191953,0.98214418781569422935108560920938782
2.3488888888888888888888888888888889,0.000000066376986351276998205630511013250871,0.98319422956535761121412303103532242
2.3644444444444444444444444444444444,0.000000058057411594193638493478287215583793,0.98419100026025045919696092343206894
2.38,0.00000005075101613625497062621072696617745,0.9851366344465044341533956647983541
2.3955555555555555555555555555555555,0.000000044338264360859405602090918424616848,0.98603321698440050475814436397645409
2.4111111111111111111111111111111111,0.000000038713233709442877820701293079745344,0.98688278195429744983745402478315768
2.4266666666666666666666666666666667,0.000000033782125126100052315224467366305143,0.98768731173802840072789855705229327
2.4422222222222222222222222222222222,0.000000029467162712005749856691386414247695,0.98844777703525658175250836828423842
2.4577777777777777777777777777777778,0.000000025683813327365067056457006201067575,0.98916802542590665314366073419792319
2.4733333333333333333333333333333333,0.000000022373157104912412523485363078418743,0.98984886656597862577540233981961009
2.4888888888888888888888888888888889,0.000000019477874696437707536067587261619678,0.99049207020494687521135850017548559
2.5044444444444444444444444444444444,0.000000016947370942398977561743161439949796,0.99109935219854605202130931052559611
2.52,0.00000001473701482918805226101362731209902,0.99167237449956451409101461687148315
2.5355555555555555555555555555555556,0.000000012807461789637682959249518268674328,0.9922127452749194154541488259474532
2.5511111111111111111111111111111111,0.000000011124049855530999527968612169414521,0.99272201914158543339330051658652263
2.5666666666666666666666666666666667,0.0000000096562619961275564629565861452401449,0.99320169751395228115132669269986815
2.5822222222222222222222222222222222,0.0000000083772477274971031126713215102081276,0.99365322905521943400152657971644257
2.5977777777777777777777777777777778,0.0000000072647429641535593146300560004978545,0.99407747670866205500757440346373947
2.6133333333333333333333333333333333,0.0000000062951364998328984116916725101942696,0.99447688446326660292648119018920496
2.6288888888888888888888888888888889,0.000000005451752097683350873678819038354693,0.99485217914676650233613610947403234
2.6444444444444444444444444444444444,0.0000000047185987262082371878750583929880106,0.99520460482204141921320186566411499
2.66,0.0000000040816516972971756768383182061665968,0.99553535636417430835886651337781214
2.6755555555555555555555555555555556,0.0000000035286187505178578756197393030608094,0.99584558038595032758529058811430134
2.6911111111111111111111111111111111,0.0000000030487329466001684959323160077002642,0.9961363762187213369909100442493576
2.7066666666666666666666666666666667,0.0000000026325694256493031091534833191325245,0.99640879694236470931600723768240731
2.7222222222222222222222222222222222,0.0000000022718833932960945690300177923281418,0.9966638504582830523707224292159398
2.7377777777777777777777777777777778,0.0000000019594669753907526139545581102790754,0.99690250059962036604863852884695434
2.7533333333333333333333333333333333,0.0000000016893484480922712006833498548123067,0.99712538882703854610712636117260336
2.7688888888888888888888888888888889,0.0000000014553342592271880995252602770721134,0.99733397154630269198015480342950741
2.7844444444444444444444444444444444,0.0000000012530022105880289879973417005097378,0.99752878846516948808963525895114259
2.8,0.0000000010781680165220681425407983091366268,0.99771063885012493706253179894680022
2.8155555555555555555555555555555556,0.00000000092718528375867922773642588211050107,0.99788028382033958570907299375807153
2.8311111111111111111111111111111111,0.00000000079687838874627663263216221154038577,0.99803844757264496921150263188791524
2.8466666666666666666666666666666667,0.00000000068448345908266262944159027693064685,0.99818581860994599710514400989195597
2.8622222222222222222222222222222222,0.00000000058759651631471598242050335723985331,0.99832305096927715635102031840577022
2.8777777777777777777777777777777778,0.0000000005041279424686375829915219991710144,0.99845076544596821410673629546210251
2.8933333333333333333333333333333333,0.00000000043234881410913938766661314405617816,0.99856940247550836676861202330624928
2.9088888888888888888888888888888889,0.00000000037049865674113657730874074192485784,0.99867982717633223867399170783590842
2.9244444444444444444444444444444444,0.00000000031731030719736020280174535567547388,0.998782408380740086334576430410132
2.94,0.00000000027159818034467898407708883264096655,0.99887764600761720512880561591345173
2.9555555555555555555555555555555556,0.00000000023233499311080410671811502535382556,0.99896601268899154960703215713017157
2.9711111111111111111111111111111111,0.0000000001986311920509642955027248867768922,0.99904795491058543627646702073138057
2.9866666666666666666666666666666667,0.00000000016971697591595849322904620229507325,0.9991238941305799452719557948060668
3.0022222222222222222222222222222222,0.00000000014492659658066014393932330515820851,0.99919422787493541657972795812195043
3.0177777777777777777777777777777778,0.00000000012368465890554929604139510990473877,0.99925933080781314703110157911898075
3.0333333333333333333333333333333333,0.00000000010549417312864987070957094934432155,0.99931955577583627409115313980659067
3.0488888888888888888888888888888889,8.994477753181935918666790697476403e-11,0.99937516550579605212246800414522876
3.0644444444444444444444444444444444,7.6626430038079719737429766971079615e-11,0.99942661616110350756825595307396489
3.08,6.5241811771826590367020258954465764e-11,0.99947412614672353013746613889528737
3.0955555555555555555555555555555556,5.5516001062003424494846599117310586e-11,0.99951797094700652875802902707922981
3.1111111111111111111111111111111111,4.7212287468449853570731506411198293e-11,0.99955840902468450179531940963364257
3.1266666666666666666666666666666667,4.0126989504621870459147961367014622e-11,0.99959568269134414294137859282517651
3.1422222222222222222222222222222222,3.4084956617156235779412947207021043e-11,0.99963001894752824656168485346902018
3.1577777777777777777777777777777778,2.8935667702122183965196094865057161e-11,0.99966163029241172470776687073543227
3.1733333333333333333333333333333333,2.4549849319341013708787046623829527e-11,0.99969071550310795506152443978576434
3.1888888888888888888888888888888889,2.0816546347163296074498979143206544e-11,0.99971746038376177256397293014580286
3.2044444444444444444444444444444444,1.7644376176593962440914559934547846e-11,0.99974200797828563759802835953720291
3.22,1.4943606740359918978294244452256351e-11,0.99976458378229594021014663686928112
3.2355555555555555555555555555555556,1.2648789695786694549883609689041475e-11,0.99978530568548513103230934772602545
3.2511111111111111111111111111111111,1.0700076919957291688335334921900855e-11,0.99980431451008949495151196941503876
3.2666666666666666666666666666666667,9.0462623766424183550346462267455537e-12,0.99982174140833133122089637517137997
3.2822222222222222222222222222222222,7.6435617539110206722755295412938036e-12,0.99983770843813571911119741485787923
3.2977777777777777777777777777777778,6.4545603109553562604448183531641229e-12,0.99985232911185788228936261347079546
3.3133333333333333333333333333333333,5.4473063536075413364492113741739593e-12,0.99986570891869720986647229831243472
3.3288888888888888888888888888888889,4.5945307022226000820872552651267438e-12,0.99987794582150809356416963970912606
3.3444444444444444444444444444444444,3.8729750881869863366542372149780561e-12,0.99988913072874612107416091072458998
3.36,3.2635405365219521903694200865324331e-12,0.99989933529920593950262462144605835
3.3755555555555555555555555555555556,2.7477750069728434438011259359801757e-12,0.9999086640432620082527933821829003
3.3911111111111111111111111111111111,2.3121575295716050339084652657070853e-12,0.99991717546319341110069614261120418
3.4066666666666666666666666666666667,1.9444542638953406430160256971936604e-12,0.99992493650578703226268780616969125
3.4222222222222222222222222222222222,1.6342634823702930473128033104270577e-12,0.99993200907692825612588584385210332
3.4377777777777777777777777777777778,1.3727467411721166969116188183424945e-12,0.99993845038085067772324120007954862
3.4533333333333333333333333333333333,1.1523986394859649959155354509702471e-12,0.9999443132400770222273979668762859
3.4688888888888888888888888888888889,9.6684975840100414704531491331788982e-13,0.999949646396852285759191730068728
3.4844444444444444444444444444444444,8.1069810936812313428228415851910431e-13,0.99995449479686225544079364857162669
3.5,6.7952086962542884957009759758364695e-13,0.99995889985602023512510314116748776
3.5155555555555555555555555555555556,5.6910320639462991595182479393667756e-13,0.9999628947765940728796737450453665
3.5311111111111111111111111111111111,4.7634662132040276142691952980821305e-13,0.99996652497837765066730940310718842
3.5466666666666666666666666666666667,3.9847303793136831239988608568671229e-13,0.99996981729831341948310538141496787
3.5622222222222222222222222222222222,3.3313369296016410351128923350329927e-13,0.99997280139236191468740736022049623
3.5777777777777777777777777777777778,2.7834403338186253073483526815631407e-13,0.99997550449284436983607237520079535
3.5933333333333333333333333333333333,2.3242828824751536211409469282644787e-13,0.99997795158926840421314600604820447
3.6088888888888888888888888888888889,1.9397230854774942475007714133380215e-13,0.99998016559725682837323746147354206
3.6244444444444444444444444444444444,1.617834681182655703542044267551887e-13,0.99998216751622019196584603904651813
3.64,1.3485659072800207734048028820005431e-13,0.99998397657639162251064638312703691
3.6555555555555555555555555555555556,1.1237164097277479453443896312302548e-13,0.99998560836577361140024457021348907
3.6711111111111111111111111111111111,9.3558288209729431448640993299820587e-14,0.99998708319422398981359944566574965
3.6866666666666666666666666666666667,7.7848699176670008753643067887214952e-14,0.99998841354445632970825285640683452
3.7022222222222222222222222222222222,6.4738700200747800147630182194765394e-14,0.99998961284955927521644681931996296
3.7177777777777777777777777777777778,5.3804684318642073835758911469490275e-14,0.9999906933689925900772256887732348
3.7333333333333333333333333333333333,4.4690958649854366549356616017155739e-14,0.99999166628352730398975222172127981
3.7488888888888888888888888888888889,3.7099042339525638455288053897336205e-14,0.99999254178324361742225021157359291
3.7644444444444444444444444444444444,3.0778620268493831013152943862981139e-14,0.99999332914902514872596805682545428
3.78,2.5519901342813633614784722335365747e-14,0.9999940368279666740624026221370685
3.7955555555555555555555555555555556,2.1147167484415464348908992180040231e-14,0.99999467250309155368675253858213641
3.8111111111111111111111111111111111,1.7517615792945091915201866402397684e-14,0.9999952424578228442903839550900845
3.8266666666666666666666666666666667,1.4498905188309663937191138567001872e-14,0.99999575450731644058750271281231872
3.8422222222222222222222222222222222,1.1993300626085834015538140892771044e-14,0.99999621363010527299387368452964278
3.8577777777777777777777777777777778,9.9148352671886554758534222585804572e-15,0.99999662504969556590414819918396667
3.8733333333333333333333333333333333,8.1917282186612632635090160533200889e-15,0.9999969935011657406070079977189651
3.8888888888888888888888888888888889,6.7640808932773112255697159417073095e-15,0.99999732327396363631116407690861131
3.9044444444444444444444444444444444,5.5819411406109009365966387622555156e-15,0.99999761825124791776788430085150654
3.92,4.6036774903521328724792226636064421e-15,0.99999788194602367027651951296228288
3.9355555555555555555555555555555556,3.7946147148342158274788822650604503e-15,0.99999811753430687218300856915028055
3.9511111111111111111111111111111111,3.1258894487301406362998933199250736e-15,0.99999832788553780219047562362773021
3.9666666666666666666666666666666667,2.5741402876360275501021632114948182e-15,0.99999851536092360866757106008136324
3.9822222222222222222222222222222222,2.1179937356467615352906609476308745e-15,0.99999868278195421502736590237037888
3.9977777777777777777777777777777778,1.741647243187396810471784637809974e-15,0.99999883199931201124343801343789264
4.0133333333333333333333333333333333,1.4313266777295578116283941139922377e-15,0.99999896491244312191103646649701619
4.0288888888888888888888888888888889,1.1756021107335528261451605494110485e-15,0.99999908323175664474751434934186122
4.0444444444444444444444444444444444,9.6499474566384023756280393176664201e-16,0.99999918849641912337127338519844606
4.06,7.9164872908653249915534984602755787e-16,0.99999928209058369260883084655721279
4.0755555555555555555555555555555556,6.4905731153615625629465445607716729e-16,0.999999365258180177329565125474876
4.0911111111111111111111111111111111,5.3183450483743866416961661441234698e-16,0.99999943911638338678507825192894124
4.1066666666666666666666666666666667,4.3552479964130051447234447588195826e-16,0.99999950466786834210716996792132722
4.1222222222222222222222222222222222,3.5653736517989321695203289097584117e-16,0.9999995627410715183570445493252139
4.1377777777777777777777777777777778,2.9162686635317107252597312838394747e-16,0.9999996142919080246456169234965339
4.1533333333333333333333333333333333,2.3839265204020436149556829978261975e-16,0.99999965996258795789481978662509362
4.1688888888888888888888888888888889,1.9476056775868447292667133086930953e-16,0.99999970039954312639120760486989324
4.1844444444444444444444444444444444,1.590200961313299456426809936290932e-16,0.99999973618104986950504618590160202
4.2,1.2976147822080951438058220501569181e-16,0.9999997678240761097868358137575047
4.2155555555555555555555555555555556,1.0582355086593446373530872172593689e-16,0.99999979579047881294656658113964781
4.2311111111111111111111111111111111,8.6250501536817043160709309482572448e-17,0.99999982049260929448418866430728765
4.2466666666666666666666666666666667,7.025603920829586937382879435416387e-17,0.99999984229837917659027880943143209
4.2622222222222222222222222222222222,5.720899194843190977790059083847364e-17,0.99999986151244819371594748634714649
4.2777777777777777777777777777777778,4.6544896781126517727550930692483551e-17,0.99999987847667542485281245849633869
4.2933333333333333333333333333333333,3.7846221260915001998305249136790434e-17,0.99999989342488088479059510110576151
4.3088888888888888888888888888888889,3.0754993106209295560137643845398807e-17,0.99999990658874057801902569031578801
4.3244444444444444444444444444444444,2.4977638894051554483622986076180875e-17,0.99999991817429014852459882247566697
4.34,2.0273547613818605444427669150516289e-17,0.99999992836464350222308328614258728
4.3555555555555555555555555555555556,1.6445637824354413311079104425889656e-17,0.99999993732243719926355207212347549
4.3711111111111111111111111111111111,1.333258236877754587942158480145719e-17,0.99999994519202667517965262550070849
4.3866666666666666666666666666666667,1.080240347392433539453144190967115e-17,0.99999995210145805121148385076780825
4.4022222222222222222222222222222222,8.7472000765606425878369762106968894e-18,0.99999995816423717915035038404747238
4.4177777777777777777777777777777778,7.0807534897545772637730278355063869e-18,0.99999996347447181245695002692324148
4.4333333333333333333333333333333333,5.7268197689308234009786139829458947e-18,0.99999996813486579183892299733993796
4.4488888888888888888888888888888889,4.6290305804175425577747841056658595e-18,0.99999997221683792691833103320558642
4.4644444444444444444444444444444445,3.7394614522098278636905965656011973e-18,0.99999997579003235226382701585582644
4.48,3.0190515648274732267821662926999438e-18,0.99999997891598552957721901574557502
4.4955555555555555555555555555555556,2.4359840635707156387701785541652332e-18,0.99999998164903503352093739370042029
4.5111111111111111111111111111111111,1.9643586324202122536079752274779474e-18,0.99999998403713078825174434567637636
4.5266666666666666666666666666666667,1.583104285847635402515085584085697e-18,0.99999998612255870891017888029047804
4.5422222222222222222222222222222222,1.2750894743907054422805493948641547e-18,0.99999998794258574664571096097434939
4.5577777777777777777777777777777778,1.0263941577564531701886294607295322e-18,0.99999998953003446505453275898592782
4.5733333333333333333333333333333333,8.2594778983618570233901830996099818e-19,0.99999999091212250106192184250595321
4.5888888888888888888888888888888889,6.6406583826788210232163140450974792e-19,0.9999999921178212756980820070542187
4.6044444444444444444444444444444445,5.3359531580048278111316897601797455e-19,0.99999999316755378837261072812312978
4.62,4.285043022967346746595731203439279e-19,0.99999999408094680383427478235729045
4.6355555555555555555555555555555556,3.4390671678022824590823096176221245e-19,0.99999999487523102086004394714154048
4.6511111111111111111111111111111111,2.758470897896836382119349082766229e-19,0.99999999556552389194285929677045921
4.6666666666666666666666666666666667,2.2112529037962622774550265905543213e-19,0.99999999616508030467511252242755902
4.6822222222222222222222222222222222,1.7715388121419542029993316105219115e-19,0.99999999668551462118790360772078257
4.6977777777777777777777777777777778,1.4184210149648405310962234266051773e-19,0.99999999713699721059645322964978119
4.7133333333333333333333333333333333,1.1350156690306770917304427677173853e-19,0.99999999752842828310450833426078062
4.7288888888888888888888888888888889,9.0795986143625397409655294409541008e-20,0.99999999786718298842130705121200546
4.7444444444444444444444444444444444,7.2568486785732479324789125526396447e-20,0.99999999816093621255493922609650089
4.76,5.796577588383399064552051887140259e-20,0.99999999841515924613017710677839828
4.7755555555555555555555555555555556,4.6274037423027138224937264573561758e-20,0.99999999863503956610708476079826937
4.7911111111111111111111111111111111,3.6918604159998209121652514603665176e-20,0.99999999882510232656952652569414824
4.8066666666666666666666666666666667,2.943711713436081680909193009535173e-20,0.99999999898929240631509098500475689
4.8222222222222222222222222222222222,2.3457805926294636278672679641788313e-20,0.99999999913104662863402605678890798
4.8377777777777777777777777777777778,1.8681923820688871424018998483974974e-20,0.99999999925335728660703636765933447
4.8533333333333333333333333333333333,1.4869552042783169473232664729214008e-20,0.99999999935882798214140214448876654
4.8688888888888888888888888888888889,1.1828134104714897909123871170411967e-20,0.9999999994497226749732061398157707
4.8844444444444444444444444444444444,9.4060196120749522211483818571322306e-21,0.99999999952791472454552158742803209
4.9,7.4732353292697551619883390659936494e-21,0.99999999959531382492198136154451185
4.9155555555555555555555555555555556,5.9340808640129689442340423176674131e-21,0.99999999965329390091779946962453512
4.9311111111111111111111111111111111,4.709125576511911120633980945129634e-21,0.99999999970314131914271063615498947
4.9466666666666666666666666666666667,3.7348148687818102846502324497312335e-21,0.99999999974597109165588445408192071
4.9622222222222222222222222222222222,2.9603282420054980852584750712710832e-21,0.99999999978274908878689542678852563
4.9777777777777777777777777777777778,2.3450528022563969228705579303552067e-21,0.99999999981431145759503121415033237
4.9933333333333333333333333333333333,1.8565529410685117286211526479813128e-21,0.99999999984138158593487795907049313
5.0088888888888888888888888888888889,1.468939776558975669210975587370058e-21,0.99999999986458491226989464875013686
5.0244444444444444444444444444444444,1.1619162155878223843764261987903478e-21,0.99999999988443804191176060566807351
5.04,9.1823880317633923913158073609115469e-22,0.99999999990145865875369043634240084
5.0555555555555555555555555555555556,7.2523435765203492505717290540552057e-22,0.99999999991602173732752360668349572
5.0711111111111111111111111111111111,5.7245715311989444967931909287258898e-22,0.99999999992847463154599251283466482
5.0866666666666666666666666666666667,4.5159536512325825998343066495196854e-22,0.99999999993911671386679304981642643
5.1022222222222222222222222222222222,3.5603920727552597162486864298338945e-22,0.99999999994820584015833151738553553
5.1177777777777777777777777777777778,2.805356258572536191202006309784055e-22,0.99999999995596396690555486188866884
5.1333333333333333333333333333333333,2.2091237736860061278085676959453628e-22,0.99999999996258202860894003469141601
5.1488888888888888888888888888888889,1.7385768646189519373591370585593106e-22,0.9999999999682241699598733155424853
5.1644444444444444444444444444444444,1.367443990881906328831016616819213e-22,0.99999999997303141567750946513934097
5.18,1.0752329692620311727310110230558553e-22,0.9999999999771199634580863514263581
5.1955555555555555555555555555555556,8.446992754850167791127997292074754e-23,0.99999999998060421577560321555937843
5.2111111111111111111111111111111111,6.6319833803154813376888988317893153e-23,0.99999999998356754511415207392692724
5.2266666666666666666666666666666667,5.2038704711945641173649618713518895e-23,0.99999999998608632057066047488515193
5.2422222222222222222222222222222222,4.0808558101990877791759194997691787e-23,0.99999999998822594818134654783223752
5.2577777777777777777777777777777778,3.1982891532279650997685267992148632e-23,0.99999999999004240945451400947728084
5.2733333333333333333333333333333333,2.505104698638322997969112272617038e-23,0.9999999999915835892310722702957255
5.2888888888888888888888888888888889,1.9609914231964578847926486370854256e-23,0.99999999999289042095525427542282409
5.3044444444444444444444444444444444,1.5341475635068051106061810632156857e-23,0.99999999999399787380408693914851332
5.32,1.1994997719489799336138334290836573e-23,0.99999999999493580294514860817563179
5.3355555555555555555555555555555556,9.3759156315559844929272535901731307e-24,0.99999999999572873652114796225742135
5.3511111111111111111111111111111111,7.3220067329043150297439056685280822e-24,0.99999999999640043062319446769090656
5.3666666666666666666666666666666667,5.7146285636388303216939080208667185e-24,0.99999999999696828147793845523254033
5.3822222222222222222222222222222222,4.4574581159067977439196626776154974e-24,0.99999999999744805496164841608865562
5.3977777777777777777777777777777778,3.4747841052308707212342732363724786e-24,0.99999999999785316910735331233467907
5.4133333333333333333333333333333333,2.7071328125178525038483044718782825e-24,0.99999999999819503658159743775940261
5.4288888888888888888888888888888889,2.107814276746626237772185288978703e-24,0.99999999999848335830647467884848648
5.4444444444444444444444444444444444,1.6401968983720760559065452162171683e-24,0.99999999999872637502952669360869004
5.46,1.2755581773877092768845400403490163e-24,0.99999999999893108272162187971496196
5.4755555555555555555555555555555556,9.9139085505810203885543215120738576e-25,0.99999999999910341688195478545911178
5.4911111111111111111111111111111111,7.7032113686833138993490777005451972e-25,0.99999999999924823809139132160567758
5.5066666666666666666666666666666667,5.9799324433207044411859032021211304e-25,0.99999999999937018227964485010082716
5.5222222222222222222222222222222222,4.639376657173647340616686427948733e-25,0.99999999999947265689143082122423537
5.5377777777777777777777777777777778,3.5971710271816637169272229703638018e-25,0.99999999999955871873897954697923985
5.5533333333333333333333333333333333,2.7874020268374831399567505251197251e-25,0.99999999999963095317018259385615584
5.5688888888888888888888888888888889,2.1586084626720105712671615854109016e-25,0.99999999999969154541721333338122832
5.5844444444444444444444444444444444,1.6706372099542940607740845028014484e-25,0.99999999999974234136500687334614886
5.6,1.2921775488820481329634840957089907e-25,0.99999999999978489927451205630695286
5.6155555555555555555555555555555556,9.988288519963449759826803632116757e-26,0.99999999999982053377817862426900314
5.6311111111111111111111111111111111,7.718455577038562675833139336404154e-26,0.99999999999985031799327727416617628
5.6466666666666666666666666666666667,5.9586079028981736700521093031011441e-26,0.99999999999987526221294502306257707
5.6622222222222222222222222222222222,4.5969826106077500884046578103770124e-26,0.99999999999989611088096407038396032
5.6777777777777777777777777777777778,3.5441014616505300940256796867989179e-26,0.9999999999999135259786270093270026
5.6933333333333333333333333333333333,2.7304464594766184064930114656995694e-26,0.99999999999992806424840121307064156
5.7088888888888888888888888888888889,2.1020402664702004183748713799600489e-26,0.99999999999994019363228635849580776
5.7244444444444444444444444444444444,1.6169977337974798012683093558540488e-26,0.99999999999995030719025390559764842
5.74,1.2428368368551421002255069814350522e-26,0.99999999999995873487736577052315722
5.7555555555555555555555555555555556,9.5438309160067348910419488728239345e-27,0.9999999999999657535025080277109179
5.7711111111111111111111111111111111,7.3213749000013249265860044713494852e-27,0.99999999999997159514400723646659953
5.7866666666666666666666666666666667,5.6120017587502366294902309621406669e-27,0.99999999999997644852470896441841593
5.8022222222222222222222222222222222,4.2946179594769866365542160713028265e-27,0.99999999999998048890587685013456684
5.8177777777777777777777777777777778,3.2814364005039244477544542808341369e-27,0.99999999999998384568801385722347861
5.8333333333333333333333333333333333,2.5026803353870691535882570702547966e-27,0.99999999999998663285623409187027485
5.8488888888888888888888888888888889,1.9044687518309469905789851667364369e-27,0.99999999999998894567933373740038871
5.8644444444444444444444444444444444,1.4452206136507254351784587168088518e-27,0.99999999999999086373346588228448032
5.88,1.0928666196400465093106920316167838e-27,0.99999999999999245344568439228226222
5.8955555555555555555555555555555555,8.2268848049080079238600180925858107e-28,0.99999999999999377023220861303719826
5.9111111111111111111111111111111111,6.1564553802658214787338370068245048e-28,0.9999999999999948602948188170507419
5.9266666666666666666666666666666667,4.5707961200392559995503652467748458e-28,0.99999999999999576212906276789011279
5.9422222222222222222222222222222222,3.3585031777609811374590629193612642e-28,0.99999999999999650691280739079014024
5.9577777777777777777777777777777778,2.4297991074927007631685303606833263e-28,0.99999999999999712322731161003149664
5.9733333333333333333333333333333333,1.7198211504035168026178939745038706e-28,0.99999999999999763220135096479224929
5.9888888888888888888888888888888889,1.1773812078634258688550570129482648e-28,0.99999999999999805227755711373027635
6.0044444444444444444444444444444444,7.6319288357465552145177747911454023e-29,0.99999999999999839877476830181235278
6.02,4.4712269703163963076500364953534083e-29,0.99999999999999868440923593139592035
6.0355555555555555555555555555555556,2.0607169304571207678503605266807814e-29,0.9999999999999989197302389337609419
6.0511111111111111111111111111111111,2.2344043766280591414258470295176246e-30,0.99999999999999911348392684438874689
6.0666666666666666666666666666666667,-1.1760851484055390355588040843621709e-29,0.99999999999999927291702048530738723
6.0822222222222222222222222222222222,-2.2415258089973803275143997569363154e-29,0.99999999999999940403014819389460649
6.0977777777777777777777777777777778,-3.0512413681465776065610343415766968e-29,0.99999999999999951166270341974566353
6.1133333333333333333333333333333333,-3.667860301706396297797581990539105e-29,0.999999999999999600196700717463416
6.1288888888888888888888888888888889,-4.1364716495199288550006911191436171e-29,0.99999999999999967287349146732646034
6.1444444444444444444444444444444444,-4.4924107394467985930469954785588791e-29,0.99999999999999973249742428742708666
6.16,-4.7626359316365673297427409258938147e-29,0.99999999999999978138344697807124047
6.1755555555555555555555555555555556,-4.9677056642572209534379816686641632e-29,0.99999999999999982144133054764755536
6.1911111111111111111111111111111111,-5.1232906053138369857988249695833841e-29,0.99999999999999985424561005331940565
6.2066666666666666666666666666666667,-5.2413332966335803815906424326564117e-29,0.99999999999999988109362717277471801
6.2222222222222222222222222222222222,-5.3309351525154752562743955125522295e-29,0.99999999999999990305366770289280242
6.2377777777777777777777777777777778,-5.3990371579461129513230250027454256e-29,0.99999999999999992100485868387181439
6.2533333333333333333333333333333333,-5.4508795386125749848177171621266541e-29,0.99999999999999993565307493488300856
6.2688888888888888888888888888888889,-5.490651022872717076329467595222976e-29,0.99999999999999994763000163667596927
6.2844444444444444444444444444444444,-5.5213997910051282537066275725927449e-29,0.99999999999999995740290233353746307
6.3,-5.5455541310444688147693710834563566e-29,0.99999999999999996537258059007899748
6.3155555555555555555555555555555556,-5.5650310403535540968079810513274495e-29,0.99999999999999997186785196274701518
6.3311111111111111111111111111111111,-5.5813847081922785938294184049686044e-29,0.99999999999999997715830691992411505
6.3466666666666666666666666666666667,-5.5959253922858202636707154487486169e-29,0.99999999999999998146484161575950137
6.3622222222222222222222222222222222,-5.6098228341156484695647769202080959e-29,0.99999999999999998496834134756356906
6.3777777777777777777777777777777778,-5.6241959138736611960086127655951581e-29,0.99999999999999998781683617699516123
6.3933333333333333333333333333333333,-5.640178541622526041267309819423285e-29,0.99999999999999999012869624680256323
6.4088888888888888888888888888888889,-5.6590942863854496747616406240338195e-29,0.99999999999999999200877929394711853
6.4244444444444444444444444444444444,-5.6824337314230035965215099198553134e-29,0.99999999999999999353461700546616945
6.44,-5.7120510921202200762836875281516886e-29,0.99999999999999999477221291199292196
6.4555555555555555555555555555555556,-5.7502868012394733049222893627432854e-29,0.99999999999999999577541538209815724
6.4711111111111111111111111111111111,-5.800147418330872745551872045133884e-29,0.99999999999999999658812898746435509
6.4866666666666666666666666666666667,-5.865534119973187268128656851581337e-29,0.99999999999999999724612865828375626
6.5022222222222222222222222222222222,-5.9515384400465798271200845515854957e-29,0.9999999999999999977785470280190284
6.5177777777777777777777777777777778,-6.0648269808217671764712733841071662e-29,0.99999999999999999820909306394262688
6.5333333333333333333333333333333333,-6.2141402527957009204656257184174646e-29,0.99999999999999999855704989543692752
6.5488888888888888888888888888888889,-6.4106555098308584259207627321298145e-29,0.9999999999999999988377647999036444
6.5644444444444444444444444444444444,-6.6699130129400256915712326522637092e-29,0.99999999999999999906468606405530823
6.58,-7.0114279948991135076729802434388281e-29,0.9999999999999999992477483709669723
6.5955555555555555555555555555555556,-7.4610843382016464932124236735855673e-29,0.99999999999999999939534005100996783
6.6111111111111111111111111111111111,-8.0528104444408886081825153185015337e-29,0.99999999999999999951426255105350767
6.6266666666666666666666666666666667,-8.8310570870638058731556892528480333e-29,0.99999999999999999961002723805406632
6.6422222222222222222222222222222222,-9.854025751440345473382546333176329e-29,0.99999999999999999968709734565112438
6.6577777777777777777777777777777778,-1.1197879885693053233391502483446754e-28,0.99999999999999999974908507752417466
6.6733333333333333333333333333333333,-1.2962228186877557711924860173479379e-28,0.99999999999999999979891207698857573
6.6888888888888888888888888888888889,-1.5277262329634153020494245447831569e-28,0.99999999999999999983893998870339519
6.7044444444444444444444444444444444,-1.8308558047168817098827704700186853e-28,0.99999999999999999987103939725148001
6.72,-2.2285707690995173701892606265430095e-28,0.9999999999999999998968323456283623
6.7355555555555555555555555555555556,-2.7494833592049698509962088110390951e-28,0.99999999999999999991751551799142284
6.7511111111111111111111111111111111,-3.4313464945166774575952440023778632e-28,0.99999999999999999993409124257991096
6.7666666666666666666666666666666667,-4.3233548186227677056017992143897169e-28,0.99999999999999999994736723824582153
6.7822222222222222222222222222222222,-5.4895731643773774775285382371612935e-28,0.99999999999999999995799399868999083
6.7977777777777777777777777777777778,-7.0133803725259987643371355115785113e-28,0.99999999999999999996649507447573101
6.8133333333333333333333333333333333,-9.0032260500639132009582664897076948e-28,0.99999999999999999997329158656879617
6.8288888888888888888888888888888889,-1.160008329375797603158598003006554e-27,0.99999999999999999997872205769468686
6.8444444444444444444444444444444444,-1.4987088720894263270728418660838149e-27,0.99999999999999999998305844568073484
6.86,-1.9395502072352277353646929035001498e-27,0.99999999999999999998651510213718486
6.8755555555555555555555555555555556,-2.5144876650008704635505259387254856e-27,0.9999999999999999999892760259152685
6.8911111111111111111111111111111111,-3.2630128697852240202149627204925915e-27,0.99999999999999999999147673686786578
6.9066666666666666666666666666666667,-4.2369511596555335731310558755278825e-27,0.99999999999999999999322985346553085
6.9222222222222222222222222222222222,-5.5034233827435116814363015783366165e-27,0.99999999999999999999462557187484196
6.9377777777777777777777777777777778,-7.1493069533198444952084362792985225e-27,0.99999999999999999999573608583130456
6.9533333333333333333333333333333333,-9.2869823423975509544356109594102712e-27,0.99999999999999999999661914426746602
6.9688888888888888888888888888888889,-1.2061730755627484414527363868429621e-26,0.99999999999999999999732091309907515
6.9844444444444444444444444444444444,-1.56612514611026042516074344785435e-26,0.99999999999999999999787827581785154
7.0,-2.032103733767260539813551810229633e-26,0.99999999999999999999832068177393961
