zeta,trade_off_alpha,trade_off_beta
-7.0,0.99999999999999999999832068177393959,-2.0321037338236842686530216106121323e-26
-6.9844444444444444444444444444444444,0.99999999999999999999787827581785153,-1.5661251461854920636133698483643491e-26
-6.9688888888888888888888888888888889,0.99999999999999999999732091309907514,-1.2061730756285761250987844872892113e-26
-6.9533333333333333333333333333333333,0.999999999999999999996619144267466,-9.2869823428677486947645259625977658e-27
-6.9377777777777777777777777777777778,0.99999999999999999999573608583130455,-7.1493069534609038173071107802547709e-27
-6.9222222222222222222222222222222222,0.99999999999999999999462557187484194,-5.5034233826494721333705185776991176e-27
-6.9066666666666666666666666666666667,0.99999999999999999999322985346553084,-4.2369511595144742510323813745716341e-27
-6.8911111111111111111111111111111111,0.99999999999999999999147673686786576,-3.2630128695971449240833967192175936e-27
-6.8755555555555555555555555555555556,0.99999999999999999998927602591526848,-2.5144876648598111414518514377692372e-27
-6.86,0.99999999999999999998651510213718485,-1.9395502070001288652002354019064024e-27
-6.8444444444444444444444444444444444,0.99999999999999999998305844568073482,-1.4987088717132681348097098635338192e-27
-6.8288888888888888888888888888888889,0.99999999999999999997872205769468684,-1.160008328764540540731008498862811e-27
-6.8133333333333333333333333333333333,0.99999999999999999997329158656879615,-9.0032260439513425766823714482702648e-28
-6.7977777777777777777777777777777778,0.99999999999999999996649507447573099,-7.0133803650028349190744954605785975e-28
-6.7822222222222222222222222222222222,0.99999999999999999995799399868999081,-5.4895731568542136322658981861613797e-28
-6.7666666666666666666666666666666667,0.99999999999999999994736723824582151,-4.3233548115698016006680741665772976e-28
-6.7511111111111111111111111111111111,0.99999999999999999993409124257991093,-3.4313464869935136123326039513779493e-28
-6.7355555555555555555555555555555556,0.99999999999999999991751551799142282,-2.749483350741410525075738753664192e-28
-6.72,0.99999999999999999989683234562836228,-2.2285707620465512652555355787305903e-28
-6.7044444444444444444444444444444444,0.99999999999999999987103939725147999,-1.8308557976639156049490454222062661e-28
-6.6888888888888888888888888888888889,0.99999999999999999983893998870339516,-1.52772622308926275514220947784577e-28
-6.6733333333333333333333333333333333,0.99999999999999999979891207698857571,-1.296222808813603224285270950410551e-28
-6.6577777777777777777777777777777778,0.99999999999999999974908507752417464,-1.1197879815163392184054252005322562e-28
-6.6422222222222222222222222222222222,0.99999999999999999968709734565112436,-9.854025657400797407599545695677406e-29
-6.6266666666666666666666666666666667,0.9999999999999999996100272380540663,-8.8310569977262352106618386472240565e-29
-6.6111111111111111111111111111111111,0.99999999999999999951426255105350765,-8.0528103504013405423995146810026107e-29
-6.5955555555555555555555555555555556,0.99999999999999999939534005100996781,-7.4610842488640758307185730679615905e-29
-6.58,0.99999999999999999924774837096697227,-7.0114279102635202484682796696897975e-29
-6.5644444444444444444444444444444444,0.9999999999999999990646860640553082,-6.6699129424103646422339821741395169e-29
-6.5488888888888888888888888888888889,0.99999999999999999883776479990364437,-6.4106554393011973765835122540056222e-29
-6.5333333333333333333333333333333333,0.9999999999999999985570498954369275,-6.2141401822660398711283752402932723e-29
-6.5177777777777777777777777777777778,0.99999999999999999820909306394262685,-6.0648269008881513205557228422330817e-29
-6.5022222222222222222222222222222222,0.99999999999999999777854702801902837,-5.9515383671659300761382590575238304e-29
-6.4866666666666666666666666666666667,0.99999999999999999724612865828375624,-5.8655340494435262187914063734571448e-29
-6.4711111111111111111111111111111111,0.99999999999999999658812898746435506,-5.8001473525031890995037715988846379e-29
-6.4555555555555555555555555555555556,0.99999999999999999577541538209815721,-5.7502867377627783605187639324315124e-29
-6.44,0.99999999999999999477221291199292194,-5.7120510333455025351693121297148617e-29
-6.4244444444444444444444444444444444,0.99999999999999999353461700546616943,-5.6824336702972973537625595054810135e-29
-6.4088888888888888888888888888888889,0.9999999999999999920087792939471185,-5.6590942417166643435147153212218311e-29
-6.3933333333333333333333333333333333,0.9999999999999999901286962468025632,-5.6401784899007746050866594687988774e-29
-6.3777777777777777777777777777777778,0.9999999999999999878168361769951612,-5.6241958645028984614725374309082236e-29
-6.3622222222222222222222222222222222,0.99999999999999998496834134756356903,-5.6098227917978518399624266333335806e-29
-6.3466666666666666666666666666666667,0.99999999999999998146484161575950134,-5.5959253523190123357129401778115746e-29
-6.3311111111111111111111111111111111,0.99999999999999997715830691992411502,-5.5813846658744819642270681180940891e-29
-6.3155555555555555555555555555555556,0.99999999999999997186785196274701515,-5.5650310027377348704947807963278803e-29
-6.3,0.99999999999999996537258059007899745,-5.5455541004816156933898958762692066e-29
-6.2844444444444444444444444444444444,0.99999999999999995740290233353746304,-5.5213997651442525356163023972805411e-29
-6.2688888888888888888888888888888889,0.99999999999999994763000163667596924,-5.4906510017138187615282924517857183e-29
-6.2533333333333333333333333333333333,0.99999999999999993565307493488300854,-5.450879518629171020838829526658133e-29
-6.2377777777777777777777777777777778,0.99999999999999992100485868387181436,-5.399037139138203338166424875245641e-29
-6.2222222222222222222222222222222222,0.99999999999999990305366770289280239,-5.3309351395850373972292329248961276e-29
-6.2066666666666666666666666666666667,0.99999999999999988109362717277471799,-5.241333290756108627479204892812729e-29
-6.1911111111111111111111111111111111,0.99999999999999985424561005331940562,-5.1232905959098821792205249058334918e-29
-6.1755555555555555555555555555555556,0.99999999999999982144133054764755533,-4.9677056583797491993265441288204805e-29
-6.16,0.99999999999999978138344697807124044,-4.762635925759095575631303386050132e-29
-6.1444444444444444444444444444444444,0.99999999999999973249742428742708663,-4.4924107365080627159912767086370378e-29
-6.1288888888888888888888888888888889,0.99999999999999967287349146732646031,-4.1364716483444345041784036111748806e-29
-6.1133333333333333333333333333333333,0.99999999999999960019670071746341597,-3.6678603022941434732087257445234733e-29
-6.0977777777777777777777777777777778,0.9999999999999995116627034197456635,-3.051241368440451194266606218568881e-29
-6.0822222222222222222222222222222222,0.99999999999999940403014819389460646,-2.2415258092912539152199716339284995e-29
-6.0666666666666666666666666666666667,0.9999999999999992729170204853073872,-1.176085148552475829411590022858263e-29
-6.0511111111111111111111111111111111,0.99999999999999911348392684438874686,2.2344043777300850953217415682383151e-30
-6.0355555555555555555555555555555556,0.99999999999999891973023893376094188,2.0607169319264887063782199116417021e-29
-6.02,0.99999999999999868440923593139592032,4.4712269726673850092946115112908813e-29
-6.0044444444444444444444444444444444,0.99999999999999839877476830181235275,7.6319288410362797932180685770047168e-29
-5.9888888888888888888888888888888889,0.99999999999999805227755711373027632,1.1773812083336236091839720161357594e-28
-5.9733333333333333333333333333333333,0.99999999999999763220135096479224926,1.7198211515790111534401814824726071e-28
-5.9577777777777777777777777777777778,0.99999999999999712322731161003149661,2.4297991089032939841552753702458102e-28
-5.9422222222222222222222222222222222,0.99999999999999650691280739079014022,3.3585031794066732286102654305174953e-28
-5.9266666666666666666666666666666667,0.99999999999999576212906276789011276,4.5707961223902447011949402627123189e-28
-5.9111111111111111111111111111111111,0.99999999999999486029481881705074188,6.1564553828519090505428695243557252e-28
-5.8955555555555555555555555555555556,0.99999999999999377023220861303719823,8.2268848080818426710801943641013994e-28
-5.88,0.9999999999999924534456843922822622,1.0928666200514695320984926594058416e-27
-5.8644444444444444444444444444444444,0.9999999999999908637334658822844803,1.4452206141209231755073737199963464e-27
-5.8488888888888888888888888888888889,0.99999999999998894567933373740038869,1.9044687524186941659901289207208052e-27
-5.8333333333333333333333333333333333,0.99999999999998663285623409187027484,2.5026803360335910465405151996376017e-27
-5.8177777777777777777777777777777778,0.9999999999999838456880138572234786,3.2814364012327309452642725357747535e-27
-5.8022222222222222222222222222222222,0.99999999999998048890587685013456683,4.2946179602293030210804800764028179e-27
-5.7866666666666666666666666666666667,0.99999999999997644852470896441841592,5.6120017596906321101480609685156561e-27
-5.7711111111111111111111111111111111,0.99999999999997159514400723646659954,7.3213749009887401812767259780432238e-27
-5.7555555555555555555555555555555556,0.9999999999999657535025080277109179,9.5438309171116995808148991303145469e-27
-5.74,0.99999999999995873487736577052315724,1.2428368369797445014126694572797382e-26
-5.7244444444444444444444444444444444,0.99999999999995030719025390559764844,1.6169977339385391233669838568102972e-26
-5.7088888888888888888888888888888889,0.99999999999994019363228635849580779,2.1020402666230146839817687559959847e-26
-5.6933333333333333333333333333333333,0.9999999999999280642484012130706416,2.7304464596458895930114208668470675e-26
-5.6777777777777777777777777777777778,0.99999999999991352597862700932700265,3.5441014618221522692457336629623535e-26
-5.6622222222222222222222222222222222,0.99999999999989611088096407038396038,4.5969826107981801732378683866679477e-26
-5.6466666666666666666666666666666667,0.99999999999987526221294502306257715,5.9586079031097626532001210545355167e-26
-5.6311111111111111111111111111111111,0.99999999999985031799327727416617638,7.7184555772666085798926631129500889e-26
-5.6155555555555555555555555555555556,0.99999999999982053377817862426900326,9.9882885202197075283060623088539416e-26
-5.6,0.99999999999978489927451205630695299,1.2921775489083792064219033358874904e-25
-5.5844444444444444444444444444444444,0.99999999999974234136500687334614901,1.6706372099829761229341483179958856e-25
-5.5688888888888888888888888888888889,0.9999999999996915454172133333812285,2.1586084627035138198691988906244637e-25
-5.5533333333333333333333333333333333,0.99999999999963095317018259385615604,2.7874020268694565862991167453364747e-25
-5.5377777777777777777777777777777778,0.99999999999955871873897954697924007,3.5971710272164583497115626805996764e-25
-5.5222222222222222222222222222222222,0.99999999999947265689143082122423561,4.6393766572089121711413550531877951e-25
-5.5066666666666666666666666666666667,0.99999999999937018227964485010082742,5.979932443359260655892874232382505e-25
-5.4911111111111111111111111111111111,0.99999999999924823809139132160567786,7.7032113687242211027576933058225093e-25
-5.4755555555555555555555555555555556,0.99999999999910341688195478545911207,9.9139085506256891738855684373766696e-25
-5.46,0.99999999999893108272162187971496226,1.2755581773924112542878291903808912e-24
-5.4444444444444444444444444444444444,0.99999999999872637502952669360869034,1.6401968983769661124059659322503183e-24
-5.4288888888888888888888888888888889,0.99999999999848335830647467884848676,2.1078142767517984129158033540137654e-24
-5.4133333333333333333333333333333333,0.99999999999819503658159743775940286,2.7071328125231657383140212114143011e-24
-5.3977777777777777777777777777777778,0.99999999999785316910735331233467926,3.474784105236607133666285999411366e-24
-5.3822222222222222222222222222222222,0.99999999999744805496164841608865571,4.4574581159126752156737741151553411e-24
-5.3666666666666666666666666666666667,0.99999999999696828147793845523254029,5.7146285636449428923181839159081559e-24
-5.3511111111111111111111111111111111,0.99999999999640043062319446769090634,7.3220067329109918376565762615733446e-24
-5.3355555555555555555555555555555556,0.99999999999572873652114796225742087,9.3759156315627553403879899662190306e-24
-5.32,0.99999999999493580294514860817563098,1.1994997719496899322017300907384705e-23
-5.3044444444444444444444444444444444,0.99999999999399787380408693914851207,1.534147563507548023035900748920722e-23
-5.2888888888888888888888888888888889,0.99999999999289042095525427542282227,1.9609914231972243071093847685406212e-23
-5.2733333333333333333333333333333333,0.99999999999158358923107227029572296,2.5051046986391082281954615606723611e-23
-5.2577777777777777777777777777777778,0.99999999999004240945451400947727737,3.1982891532287926477915056896204731e-23
-5.2422222222222222222222222222222222,0.9999999999882259481813465478322329,4.0808558101999670489503345708251393e-23
-5.2266666666666666666666666666666667,0.99999999998608632057066047488514586,5.2038704711954574930715868098579458e-23
-5.2111111111111111111111111111111111,0.99999999998356754511415207392691939,6.6319833803164029252599435051955628e-23
-5.1955555555555555555555555555555556,0.99999999998060421577560321555936838,8.4469927548511411004504781461313521e-23
-5.18,0.99999999997711996345808635142634534,1.0752329692621313248497010819515343e-22
-5.1644444444444444444444444444444444,0.99999999997303141567750946513932492,1.3674439908820097723338889781199143e-22
-5.1488888888888888888888888888888889,0.99999999996822416995987331554246525,1.7385768646190600828394127090100437e-22
-5.1333333333333333333333333333333333,0.99999999996258202860894003469139113,2.209123773686117094475285319886115e-22
-5.1177777777777777777777777777777778,0.99999999995596396690555486188863816,2.8053562585726509194506465650448328e-22
-5.1022222222222222222222222222222222,0.99999999994820584015833151738549788,3.5603920727553772656837686585846913e-22
-5.0866666666666666666666666666666667,0.99999999993911671386679304981638046,4.5159536512327048512467921674205142e-22
-5.0711111111111111111111111111111111,0.99999999992847463154599251283460895,5.7245715311990705097875990779467441e-22
-5.0555555555555555555555555555555556,0.99999999991602173732752360668342812,7.2523435765204799655435404924260918e-22
-5.04,0.9999999999014586587536904363423194,9.1823880317635268678695414306024585e-22
-5.0244444444444444444444444444444444,0.99999999988443804191176060566797576,1.1619162155878360201108957373254402e-21
-5.0088888888888888888888888888888889,0.99999999986458491226989464875002,1.4689397765589897751431854548201536e-21
-4.9933333333333333333333333333333333,0.99999999984138158593487795907035392,1.856552941068526210711554778563411e-21
-4.9777777777777777777777777777777778,0.9999999998143114575950312141501671,2.3450528022564116870796042582863067e-21
-4.9622222222222222222222222222222222,0.9999999997827490887868954267883301,2.9603282420055133196652617281171865e-21
-4.9466666666666666666666666666666667,0.99999999974597109165588445408169017,3.7348148687818258952152113697093393e-21
-4.9311111111111111111111111111111111,0.99999999970314131914271063615471853,4.7091255765119272954362482598057436e-21
-4.9155555555555555555555555555555556,0.99999999965329390091779946962421776,5.9340808640129854951945018954755253e-21
-4.9,0.99999999959531382492198136154414134,7.4732353292697720891069909069337641e-21
-4.8844444444444444444444444444444444,0.99999999952791472454552158742760091,9.4060196120749696184647740269873486e-21
-4.8688888888888888888888888888888889,0.99999999944972267497320613981527066,1.1828134104714915870677551734965089e-20
-4.8533333333333333333333333333333333,0.99999999935882798214140214448818843,1.486955204278318752882589335955013e-20
-4.8377777777777777777777777777777778,0.99999999925335728660703636765866835,1.8681923820688889761730871311660098e-20
-4.8222222222222222222222222222222222,0.99999999913104662863402605678814305,2.3457805926294655180621840864171442e-20
-4.8066666666666666666666666666666667,0.99999999898929240631509098500388154,2.943711713436083599315973551508386e-20
-4.7911111111111111111111111111111111,0.99999999882510232656952652569315012,3.6918604159998228681878512286529308e-20
-4.7755555555555555555555555555555556,0.99999999863503956610708476079713547,4.6274037423027157973242358387991892e-20
-4.76,0.99999999841515924613017710677711506,5.7965775883834011146141997212096729e-20
-4.7444444444444444444444444444444444,0.99999999816093621255493922609505454,7.2568486785732500107529248064439588e-20
-4.7288888888888888888888888888888889,0.99999999786718298842130705121038215,9.0795986143625418568553609210716151e-20
-4.7133333333333333333333333333333333,0.99999999752842828310450833425896714,1.1350156690306773061406123577026267e-19
-4.6977777777777777777777777777777778,0.99999999713699721059645322964776471,1.4184210149648407502083704198795688e-19
-4.6822222222222222222222222222222222,0.99999999668551462118790360771855197,1.7715388121419544258730605264276231e-19
-4.6666666666666666666666666666666667,0.99999999616508030467511252242510549,2.2112529037962625040903374290913528e-19
-4.6511111111111111111111111111111111,0.99999999556552389194285929676777719,2.7584708978968366134566373245924106e-19
-4.6355555555555555555555555555555556,0.9999999948752310208600439471386289,3.4390671678022826941811797820796261e-19
-4.62,0.9999999940809468038342747823541542,4.2850430229673469807542058872389506e-19
-4.6044444444444444444444444444444444,0.99999999316755378837261072811978152,5.3359531580048280528133282892420572e-19
-4.5888888888888888888888888888888889,0.99999999211782127569808200705068101,6.6406583826788212695999299774489409e-19
-4.5733333333333333333333333333333333,0.99999999091212250106192184250226119,8.2594778983618572707141945126192735e-19
-4.5577777777777777777777777777777778,0.99999998953003446505453275898213226,1.0263941577564531952031492462278104e-18
-4.5422222222222222222222222222222222,0.99999998794258574664571096097052006,1.2750894743907054678593064687571309e-18
-4.5266666666666666666666666666666667,0.99999998612255870891017888028670842,1.5831042858476354285640403983075882e-18
-4.5111111111111111111111111111111111,0.99999998403713078825174434567278855,1.9643586324202122799390486858971876e-18
-4.4955555555555555555555555555555556,0.99999998164903503352093739369717089,2.4359840635707156651012520125844733e-18
-4.48,0.99999997891598552957721901574286201,3.019051564827473253489397943382316e-18
-4.4644444444444444444444444444444444,0.99999997579003235226382701585389714,3.7394614522098278905859073124151355e-18
-4.4488888888888888888888888888888889,0.99999997221683792691833103320474669,4.6290305804175425847641344005455807e-18
-4.4333333333333333333333333333333333,0.99999996813486579183892299734056277,5.7268197689308234287202806623518799e-18
-4.4177777777777777777777777777777778,0.99999996347447181245695002692578703,7.080753489754577291608734062978155e-18
-4.4022222222222222222222222222222222,0.99999995816423717915035038405248639,8.7472000765606426160488406304317896e-18
-4.3866666666666666666666666666666667,0.99999995210145805121148385077595559,1.0802403473924335422931385425537616e-17
-4.3711111111111111111111111111111111,0.99999994519202667517965262551278,1.3332582368777545907915567865389439e-17
-4.3555555555555555555555555555555556,0.99999993732243719926355207214041103,1.644563782435441334004328523015082e-17
-4.34,0.99999992836464350222308328616549861,2.0273547613818605473768008147040585e-17
-4.3244444444444444444444444444444444,0.99999991817429014852459882250586341,2.4977638894051554512963325072705171e-17
-4.3088888888888888888888888888888889,0.9999999065887405780190256903548052,3.0754993106209295589760101486120452e-17
-4.2933333333333333333333333333333333,0.9999998934248808847905951011553935,3.7846221260915002028209825421709428e-17
-4.2777777777777777777777777777777778,0.99999987847667542485281245855867368,4.6544896781126517757361467429336762e-17
-4.2622222222222222222222222222222222,0.9999998615124481937159474864246064,5.72089919484319098079932462195242e-17
-4.2466666666666666666666666666666667,0.99999984229837917659027880952679111,7.0256039208295869404015489283280213e-17
-4.2311111111111111111111111111111111,0.99999982049260929448418866442379158,8.6250501536817043191084083507820357e-17
-4.2155555555555555555555555555555556,0.99999979579047881294656658128099953,1.0582355086593446376587157484731637e-16
-4.2,0.99999976782407610978683581392794326,1.2976147822080951441142717678126864e-16
-4.1844444444444444444444444444444444,0.99999973618104986950504618610596541,1.5902009613132994567352596539467003e-16
-4.1688888888888888888888888888888889,0.99999970039954312639120760511368654,1.9476056775868447295770438173101792e-16
-4.1533333333333333333333333333333333,0.99999965996258795789481978691456243,2.3839265204020436152660135064432814e-16
-4.1377777777777777777777777777777778,0.99999961429190802464561692383874328,2.9162686635317107255681810014952429e-16
-4.1222222222222222222222222222222222,0.9999995627410715183570445497281327,3.5653736517989321698325402093368112e-16
-4.1066666666666666666666666666666667,0.99999950466786834210716996839382127,4.3552479964130051450318944764753508e-16
-4.0911111111111111111111111111111111,0.99999943911638338678507825248114381,5.3183450483743866420046158617792381e-16
-4.0755555555555555555555555555555556,0.99999936525818017732956512611802377,6.4905731153615625632568750693887568e-16
-4.06,0.9999992820905836926088308473038338,7.9164872908653249918581865960087156e-16
-4.0444444444444444444444444444444444,0.99999918849641912337127338606246707,9.6499474566384023759308466624382413e-16
-4.0288888888888888888888888888888889,0.99999908323175664474751435033871774,1.175602110733552826175253204792099e-15
-4.0133333333333333333333333333333333,0.99999896491244312191103646764376414,1.4313266777295578116582986902771566e-15
-3.9977777777777777777777777777777778,0.99999883199931201124343801475332021,1.7416472431873968105015011349987614e-15
-3.9822222222222222222222222222222222,0.99999868278195421502736590387511693,2.1179937356467615353198132075312672e-15
-3.9666666666666666666666666666666667,0.9999985153609236086675710617979922,2.5741402876360275501307512341068163e-15
-3.9511111111111111111111111111111111,0.99999832788553780219047562558055794,3.1258894487301406363277290261525453e-15
-3.9355555555555555555555555555555556,0.99999811753430687218300857136636832,3.7946147148342158275059656549033958e-15
-3.92,0.9999978819460236702765195154706254,4.6036774903521328725049894997764667e-15
-3.9044444444444444444444444444444444,0.9999976182512479177678843036833867,5.5819411406109009366210890447526192e-15
-3.8888888888888888888888888888888889,0.99999732327396363631116408009764488,6.7640808932773112255928496705314921e-15
-3.8733333333333333333333333333333333,0.99999699350116574060700800130112053,8.1917282186612632635304570702790874e-15
-3.8577777777777777777777777777777778,0.99999662504969556590414820319755423,9.9148352671886554758726063263858769e-15
-3.8422222222222222222222222222222222,0.99999621363010527299387368901526696,1.1993300626085834015554691853230622e-14
-3.8266666666666666666666666666666667,0.99999575450731644058750271781278667,1.4498905188309663937205056420115608e-14
-3.8111111111111111111111111111111111,0.99999524245782284429038396065026286,1.7517615792945091915212398831781051e-14
-3.7955555555555555555555555555555556,0.99999467250309155368675254474793121,2.1147167484415464348915386869308705e-14
-3.78,0.99999403682796667406240262895753761,2.5519901342813633614786226968134799e-14
-3.7644444444444444444444444444444444,0.9999933291490251487259680643501297,3.0778620268493831013149370360154639e-14
-3.7488888888888888888888888888888889,0.99999254178324361742225021985279004,3.7099042339525638455277897626145101e-14
-3.7333333333333333333333333333333333,0.9999916662835273039897522308055477,4.4690958649854366549339688898503898e-14
-3.7177777777777777777777777777777778,0.9999906933689925900772256987126889,5.3804684318642073835733708870608645e-14
-3.7022222222222222222222222222222222,0.9999896128495592752164468301634859,6.4738700200747800147595763720173318e-14
-3.6866666666666666666666666666666667,0.99998841354445632970825286820112973,7.7848699176670008753597928904143376e-14
-3.6711111111111111111111111111111111,0.99998708319422398981359945845423142,9.3558288209729431448584193412788854e-14
-3.6555555555555555555555555555555556,0.99998560836577361140024458403499188,1.1237164097277479453436862154107228e-13
-3.64,0.99998397657639162251064639801292735,1.3485659072800207734039490029041057e-13
-3.6244444444444444444444444444444444,0.99998216751622019196584605502315708,1.6178346811826557035410267596418152e-13
-3.6088888888888888888888888888888889,0.99998016559725682837323747855621166,1.9397230854774942474995733494956634e-13
-3.5933333333333333333333333333333333,0.9999779515892684042131460242402678,2.3242828824751536211395532621621437e-13
-3.5777777777777777777777777777777778,0.99997550449284436983607239449121776,2.7834403338186253073467502476640998e-13
-3.5622222222222222222222222222222222,0.99997280139236191468740738058106841,3.3313369296016410351110698485914778e-13
-3.5466666666666666666666666666666667,0.9999698172983134194831054027972102,3.9847303793136831239968107947192888e-13
-3.5311111111111111111111111111111111,0.99996652497837765066730942543891621,4.7634662132040276142669233026008612e-13
-3.5155555555555555555555555555555556,0.99996289477659407287967376822689651,5.6910320639462991595157558913430324e-13
-3.5,0.99995889985602023512510316506663668,6.7952086962542884956982826831798655e-13
-3.4844444444444444444444444444444444,0.99995449479686225544079367302187971,8.106981093681231342819980902138882e-13
-3.4688888888888888888888888888888889,0.99994964639685228575919175486134233,9.6684975840100414704501774834600194e-13
-3.4533333333333333333333333333333333,0.99994431324007702222739799175591428,1.1523986394859649959152347124955328e-12
-3.4377777777777777777777777777777778,0.99993845038085067772324122473840527,1.3727467411721166969113263553480099e-12
-3.4222222222222222222222222222222222,0.99993200907692825612588586792368802,1.6342634823702930473125343573195895e-12
-3.4066666666666666666666666666666667,0.99992493650578703226268782922206841,1.9444542638953406430158013188319754e-12
-3.3911111111111111111111111111111111,0.99991717546319341110069616413983809,2.3121575295716050339083132977974109e-12
-3.3755555555555555555555555555555556,0.99990866404326200825279340160305331,2.7477750069728434438010813612343925e-12
-3.36,0.99989933529920593950262463808476473,3.2635405365219521903695289843290932e-12
-3.3444444444444444444444444444444444,0.99988913072874612107416092381736736,3.8729750881869863366545580779160565e-12
-3.3288888888888888888888888888888889,0.99987794582150809356416964837694689,4.5945307022226000820878614440535758e-12
-3.3133333333333333333333333333333333,0.9998657089186972098664723015657471,5.4473063536075413364501948397676313e-12
-3.2977777777777777777777777777777778,0.99985232911185788228936261019600058,6.4545603109553562604462932694359866e-12
-3.2822222222222222222222222222222222,0.99983770843813571911119740380764852,7.6435617539110206722776365914077656e-12
-3.2666666666666666666666666666666667,0.99982174140833133122089635495480077,9.0462623766424183550375588196282471e-12
-3.2511111111111111111111111111111111,0.99980431451008949495151193848766833,1.0700076919957291688339264270377235e-11
-3.2355555555555555555555555555555556,0.99978530568548513103230930437994659,1.2648789695786694549888812332998666e-11
-3.22,0.99976458378229594021014657922326698,1.4943606740359918978301030534123874e-11
-3.2044444444444444444444444444444444,0.99974200797828563759802828552711348,1.7644376176593962440923303919806099e-11
-3.1888888888888888888888888888888889,0.99971746038376177256397283754101641,2.0816546347163296074510126591234262e-11
-3.1733333333333333333333333333333333,0.99969071550310795506152432610679184,2.4549849319341013708801136569316223e-11
-3.1577777777777777777777777777777778,0.99966163029241172470776673331654481,2.8935667702122183965213764519980529e-11
-3.1422222222222222222222222222222222,0.99963001894752824656168468942851313,3.4084956617156235779434954342059398e-11
-3.1266666666666666666666666666666667,0.99959568269134414294137839905934551,4.0126989504621870459175199734032779e-11
-3.1111111111111111111111111111111111,0.99955840902468450179531918281208542,4.7212287468449853570765028500818206e-11
-3.0955555555555555555555555555555556,0.99951797094700652875802876364172136,5.5516001062003424494887640985352031e-11
-3.08,0.9994741261467235301374658350504935,6.5241811771826590367070265048387033e-11
-3.0644444444444444444444444444444444,0.99942661616110350756825560480028052,7.6626430038079719737490420034553795e-11
-3.0488888888888888888888888888888889,0.99937516550579605212246760719404336,8.9944777531819359186741160961520833e-11
-3.0333333333333333333333333333333333,0.99931955577583627409115268978012924,0.00000000010549417312864987070965904408831681
-3.0177777777777777777777777777777778,0.99925933080781314703110107127011949,0.00000000012368465890554929604150066948552171
-3.0022222222222222222222222222222222,0.99919422787493541657972738757009423,0.00000000014492659658066014393944932417114773
-2.9866666666666666666666666666666667,0.99912389413057994527195515648759381,0.00000000016971697591595849322919610603666751
-2.9711111111111111111111111111111111,0.99904795491058543627646630942017123,0.00000000019863119205096429550290258240228453
-2.9555555555555555555555555555555556,0.99896601268899154960703136746271361,0.00000000023233499311080410671832494776810275
-2.94,0.99887764600761720512880474241891781,0.00000000027159818034467898407733599885401791
-2.9244444444444444444444444444444444,0.9987824083807400863345754675458313,0.00000000031731030719736020280203541389063532
-2.9088888888888888888888888888888889,0.99867982717633223867399065002851405,0.00000000037049865674113657730908002288450517
-2.8933333333333333333333333333333333,0.998569402475508366768610864999201,0.00000000043234881410913938766700870937805473
-2.8777777777777777777777777777777778,0.9984507654459682141067350313103625,0.00000000050412794246863758299198159470461528
-2.8622222222222222222222222222222222,0.99832305096927715635101894292120674,0.00000000058759651631471598242103570308439156
-2.8466666666666666666666666666666667,0.998185818609945997105142517919982,0.00000000068448345908266262944220484851098556
-2.8311111111111111111111111111111111,0.99803844757264496921150101854961479,0.00000000079687838874627663263286932537110597
-2.8155555555555555555555555555555556,0.99788028382033958570907125453404753,0.00000000092718528375867922773723668601578865
-2.8,0.99771063885012493706252992976927516,0.0000000010781680165220681425417247403086341
-2.7844444444444444444444444444444444,0.99752878846516948808963325630455444,0.0000000012530022105880289879983964132862109
-2.7688888888888888888888888888888889,0.99733397154630269198015266445979702,0.0000000014553342592271880995264565259511938
-2.7533333333333333333333333333333333,0.9971253888270385461071240838053367,0.0000000016893484480922712006847013193508934
-2.7377777777777777777777777777777778,0.99690250059962036604863611209546829,0.000000001959466975390752613956078426399717
-2.7222222222222222222222222222222222,0.99666385045828305237071987277342722,0.0000000022718833932960945690317208955633871
-2.7066666666666666666666666666666667,0.99640879694236470931600454260959706,0.0000000026325694256493031091553823684363344
-2.6911111111111111111111111111111111,0.99613637621872133699090721294785665,0.0000000030487329466001684959344230480341131
-2.6755555555555555555555555555555556,0.99584558038595032758528762448868514,0.0000000035286187505178578756220645698771879
-2.66,0.9955353563641743083588634230059049,0.0000000040816516972971756768408692538504801
-2.6444444444444444444444444444444444,0.99520460482204141921319865597503642,0.0000000047185987262082371878778390179159541
-2.6288888888888888888888888888888889,0.9948521791467665023361327899334803,0.0000000054517520976833508736818279538776001
-2.6133333333333333333333333333333333,0.99447688446326660292647777249132985,0.0000000062951364998328984116949017361160915
-2.5977777777777777777777777777777778,0.99407747670866205500757090172884805,0.0000000072647429641535593146334889132596004
-2.5822222222222222222222222222222222,0.99365322905521943400152301076877329,0.00000000837724772749710311267493030118696
-2.5666666666666666666666666666666667,0.99320169751395228115132307602149759,0.0000000096562619961275564629603297024145194
-2.5511111111111111111111111111111111,0.992722019141585433393296874802625,0.000000011124049855530999527972432041374863
-2.5355555555555555555555555555555556,0.99221274527491941545414518493858055,0.000000012807461789637682959253334993130996
-2.52,0.99167237449956451409101100598457718,0.000000014737014829188052261017335803430553
-2.5044444444444444444444444444444444,0.99109935219854605202130576278358589,0.000000016947370942398977561746625582305059
-2.4888888888888888888888888888888889,0.99049207020494687521135505248380873,0.000000019477874696437707536070633613158195
-2.4733333333333333333333333333333333,0.98984886656597862577539903316786945,0.000000022373157104912412523487773546194144
-2.4577777777777777777777777777777778,0.98916802542590665314365761385477024,0.000000025683813327365067056458509570509339
-2.4422222222222222222222222222222222,0.98844777703525658175250548398346042,0.000000029467162712005749856691648579204425
-2.4266666666666666666666666666666667,0.98768731173802840072789596275456408,0.000000033782125126100052315223082544246145
-2.4111111111111111111111111111111111,0.98688278195429744983745177999845611,0.000000038713233709442877820697764354601972
-2.3955555555555555555555555555555556,0.98603321698440050475814253282353089,0.000000044338264360859405602084649130126794
-2.38,0.98513663444650443415339431647336498,0.000000050751016136254970626201002162538803
-2.3644444444444444444444444444444444,0.98419100026025045919696013231702057,0.000000058057411594193638493464254797474072
-2.3488888888888888888888888888888889,0.98319422956535761121412287678375637,0.000000066376986351276998205611160367927747
-2.3333333333333333333333333333333333,0.9821441878156942293510861768067999,0.0000000758445512581278874450079793445768
-2.3177777777777777777777777777777778,0.98103869205498768343364654828391122,0.000000086612045858967626331538789555098219
-2.3022222222222222222222222222222222,0.9798755123800045327657201449980058,0.000000098850603649501655183175526219684284
-2.2866666666666666666666666666666667,0.97865237359665204468072304247728927,0.00000011275285166360843337769066118373796
-2.2711111111111111111111111111111111,0.97736866341711364743990339127982824,0.00000012851370716013648118209807194649845
-2.2555555555555555555555555555555556,0.97601869441535061939988923391565948,0.00000014641734885441621921299823880239201
-2.24,0.97460169166677500094006790926214751,0.00000016671819458786480193085449453773468
-2.2244444444444444444444444444444444,0.97311521944482421682911840872766533,0.00000018972339881680515610274524939079809
-2.2088888888888888888888888888888889,0.97155680806135663104812814063883973,0.00000021577757010106032272210218706347999
-2.1933333333333333333333333333333333,0.96992395676759918145031388836244861,0.00000024526708602651416449949267237136329
-2.1777777777777777777777777777777778,0.968214136871823453646080808260357,0.00000027862487308973618968501744342828754
-2.1622222222222222222222222222222222,0.96642479507458940866299663200176158,0.00000031633569772165489201634705699256846
-2.1466666666666666666666666666666667,0.96455335702163411586879234211941986,0.00000035894201875472738074142011950347898
-2.1311111111111111111111111111111111,0.96259723107368450807472338943230781,0.00000040705045608323710127836240934797482
-2.1155555555555555555555555555555556,0.96055651679653127810668520350309082,0.00000046126429856649794400924370350220892
-2.1,0.95842330929263444737475192687301207,0.000000522480422175390899787195199947467
-2.0844444444444444444444444444444444,0.95619757957235963475090739344954859,0.0000005914775487005541556088239410863477
-2.0688888888888888888888888888888889,0.95387670881730768494960516108042377,0.00000066919801404371909475056554565081269
-2.0533333333333333333333333333333333,0.95145808293541581319670574463292095,0.00000075669215851075186797799483392924789
-2.0377777777777777777777777777777778,0.94893909756824092692709889671563089,0.00000085512993478800219614657423618641858
-2.0222222222222222222222222222222222,0.94631716328524867289513201963070966,0.00000096581367048784035864372340854074829
-2.0066666666666666666666666666666667,0.9435897109570137603575414857065674,0.0000010901920893749954587463701319201839
-1.9911111111111111111111111111111111,0.9407541972982438771320446587339191,0.0000012298757035934736117120508475929356
-1.9755555555555555555555555555555556,0.93781199933769080994914399134700121,0.0000013864387270306440079604133140577496
-1.96,0.93475301321789574327437145061540066,0.0000015622713734002048907538042557912251
-1.9444444444444444444444444444444444,0.93157855185362028280206538631511709,0.0000017593855719650721245429408647788678
-1.9288888888888888888888888888888889,0.92828623372101799918728038889321262,0.0000019802244405481756466609324732566543
-1.9133333333333333333333333333333333,0.92487373300729541003695319645096423,0.0000022274949520124125399847756627150101
-1.8977777777777777777777777777777778,0.92133878592647659487943338847782114,0.0000025041944362554762746747887377750947
-1.8822222222222222222222222222222222,0.91767919711405000075639794869084969,0.0000028136395154495092131567186354426174
-1.8666666666666666666666666666666667,0.91389284608381739908497013319064323,0.0000031594976709474464531026039916184999
-1.8511111111111111111111111111111111,0.909977693729438669247746119190766,0.0000035458216538568923356530274854318727
-1.8355555555555555555555555555555556,0.9059317888523852496775410503850858,0.0000039770869655299896572219246393326495
-1.82,0.90175877382392627053876747049307075,0.0000044575748498568798166902636680008509
-1.8044444444444444444444444444444444,0.89744606973971002270765282240500794,0.0000049939724249009445227488370958645406
-1.7888888888888888888888888888888889,0.89299735431861107984021653125999726,0.000005591692204609616674594727311095342
-1.7733333333333333333333333333333333,0.88841109297007658983043356261324187,0.000006257344844074526950886283333896923
-1.7577777777777777777777777777777778,0.88368587135122158794103011746918732,0.0000069982061245847752682384683005620869
-1.7422222222222222222222222222222222,0.87882040163268479222297471513846592,0.0000078222784815643019951426436526868686
-1.7266666666666666666666666666666667,0.87381352864597314569341212589269467,0.0000087383576413654648006172182447646415
-1.7111111111111111111111111111111111,0.86866423589001962035111082940064571,0.000009756104731258489592580180462820907
-1.6955555555555555555555555555555556,0.86337165137453225010497872559180805,0.000010886124247071292494924878873404181
-1.68,0.8579350532776570641591327810410162,0.000012140048283597070016537499599650776
-1.6644444444444444444444444444444444,0.85236119861137361192502801128457356,0.000013528731912013337107357810604120723
-1.6488888888888888888888888888888889,0.84663522357304858639016726456548823,0.000015069728705548260655025056113831564
-1.6333333333333333333333333333333333,0.84076402402059468117449611080015781,0.000016776616538947015117869067245836037
-1.6177777777777777777777777777777778,0.83474753066325019788499092397824913,0.000018666118901653952551867411505859935
-1.6022222222222222222222222222222222,0.82858584909770021032204538393237479,0.000020756517495809047779356989849183194
-1.5866666666666666666666666666666667,0.82227926388906515862930311473082733,0.000023067783752063048962225779950550587
-1.5711111111111111111111111111111111,0.81582824231550354153076074837352482,0.000025621720056662237636101841400714754
-1.5555555555555555555555555555555556,0.809233437757046427002628220419778,0.000028442111272958169980634650695316312
-1.54,0.80249569271012181487768816448388982,0.00003155488716310232193446877903078224
-1.5244444444444444444444444444444444,0.79561604141016547641181988186870195,0.000034988296337994000476124801322986493
-1.5088888888888888888888888888888889,0.78860489613893350851953666159522695,0.000038767948399420895604995297894278068
-1.4933333333333333333333333333333333,0.78144549201711133916562946689573459,0.000042937067484142347769254829968225372
-1.4777777777777777777777777777777778,0.77414845256235396606912971224021948,0.000047527355899693724249569672306971009
-1.4622222222222222222222222222222222,0.76671559654150531448964337845397881,0.000052578326680874788381365128790775861
-1.4466666666666666666666666666666667,0.75914894115591740288534001652090743,0.000058132877536591679800040267368935005
-1.4311111111111111111111111111111111,0.75145070200777001407122612968266432,0.00006423754831098305180213660122371751
-1.4155555555555555555555555555555556,0.74362329258517110438805523705459149,0.000070942794934652401580184348107931565
-1.4,0.73566932325908344874906862302992373,0.000078303280641923797317143535387154227
-1.3844444444444444444444444444444444,0.72759159978677508108883575672704348,0.000086378185241662895868073868370980417
-1.3688888888888888888888888888888889,0.71940381786253269052607329719681373,0.000095219532406165281501848130776699566
-1.3533333333333333333333333333333333,0.71108792458920021201816320041726255,0.00010491939564322878335117806397675253
-1.3377777777777777777777777777777778,0.70265783983261908874557535052434469,0.00011554159631148413340992282780497699
-1.3222222222222222222222222222222222,0.69411712573476053045712883414690056,0.00012716685433850716365980504974332599
-1.3066666666666666666666666666666667,0.68546952488029679887241957248096243,0.00013988225089788005886191928610552528
-1.2911111111111111111111111111111111,0.67671895582641223076582805971753501,0.0001537816628324447037334027305430936
-1.2755555555555555555555555555555556,0.66786950815155214985154273939077222,0.00016896622073723456503870714305980758
-1.26,0.6589254370321852017499650183490762,0.00018554479147450708185538674252769402
-1.2444444444444444444444444444444444,0.64989115735847221677231852837513099,0.00020363448587319684216904487274674416
-1.2288888888888888888888888888888889,0.64077123740152733901957229493991345,0.00022336119233983924609071178940478615
-1.2133333333333333333333333333333333,0.63158236050774932239318862609334681,0.00024483108092557367703786569302435613
-1.1977777777777777777777777777777778,0.62230553941028047591715583853678518,0.00026824483339080363146113342997662886
-1.1822222222222222222222222222222222,0.61295762684978708841132344080763171,0.00029373145898297677329032575299156583
-1.1666666666666666666666666666666667,0.60354373271172178912827752135919026,0.00032145781939640777199750786449280373
-1.1511111111111111111111111111111111,0.59406908244816605993821653539136703,0.00035160263269206112467845580232509443
-1.1355555555555555555555555555555556,0.58453900841648553283461927010873144,0.00038435717545214570086993812539822969
-1.12,0.5749589409046017710659333610366732,0.00041992601471981013822790904141302218
-1.1044444444444444444444444444444444,0.56533439886796741820131012067546373,0.00045852777002106905385505760578115921
-1.0888888888888888888888888888888889,0.55567098040451938485308016415510013,0.0005003959056788684646833453265248443
-1.0733333333333333333333333333333333,0.54597435299496844805573929190360986,0.00054577955353353823172270085143438772
-1.0577777777777777777777777777777778,0.53626285482513062003321141932754801,0.00059487811527594135311098152725019535
-1.0422222222222222222222222222222222,0.52651706385155931658165928681886956,0.00064810169369350451892989716208039209
-1.0266666666666666666666666666666667,0.51675537460114769095361403636072808,0.00070569046500682617091601083148160138
-1.0111111111111111111111111111111111,0.50698363077390479418078073316250569,0.00076796503879043290408992076055486066
-0.99555555555555555555555555555555555,0.49720769416688917306994641920691694,0.00083526625674687091259537204395735574
-0.98,0.48743343412733703378872653708995027,0.00090795619375209548001885432811078697
-0.96444444444444444444444444444444444,0.47766671698313488029811097402765145,0.00098641918667687009429179399368918001
-0.94888888888888888888888888888888889,0.46791339548235297556208836445659757,0.00107106289000681790092226734155072
-0.93333333333333333333333333333333333,0.4581792982735179139723852010644036,0.0011623193571052329020593366436107679
-0.91777777777777777777777777777777778,0.44847021945813152480745664442448017,0.0012606461457750371260729881233316855
-0.90222222222222222222222222222222222,0.43880442255738242300019902670693195,0.0013663851905971471976767878890923571
-0.88666666666666666666666666666666667,0.42916252217305304315488086214243296,0.001480322183871831045961877413568459
-0.87111111111111111111111111111111111,0.41956270522053866187604526599835306,0.001602865865165643280694026988736419
-0.85555555555555555555555555555555556,0.41001052576892703876799569626561557,0.0017345872535508150657708365901266059
-0.84,0.40051145327318457205730880244168313,0.0018760887020011706256827010879312338
-0.82444444444444444444444444444444444,0.39107086319550452493679897712479836,0.0020280051089163976409003188353319601
-0.80888888888888888888888888888888889,0.38169402790382597609687854057230385,0.0021910051385772919934099222232132508
-0.79333333333333333333333333333333333,0.37238610787313200355326681662031156,0.0023657924473959416761882743965529376
-0.77777777777777777777777777777777778,0.36315214321389116078603859049806373,0.0025531069125724403183474706281084834
-0.76222222222222222222222222222222222,0.35399704555066787830808256230118755,0.0027537258595136064048273369831048665
-0.74666666666666666666666666666666667,0.34493728474790683334157433070149869,0.0029681776262405981104529822218301818
-0.73111111111111111111111111111111111,0.33595398637393427030313016624532246,0.0031978734372298946666448311755233739
-0.71555555555555555555555555555555556,0.32706343773138217737961111502435706,0.0034434413783144141725174325110448881
-0.7,0.31826996322206997213785645098729507,0.0037058206195645596988812184444861219
-0.68444444444444444444444444444444445,0.30957772411697145865180420703901181,0.0039859937505622805965934565403495556
-0.66888888888888888888888888888888889,0.30099071293384113399864792848755027,0.004284987909354253710215425844696351
-0.65333333333333333333333333333333334,0.29251274828237791704550385074087184,0.0046038758774094450431362896590842905
-0.63777777777777777777777777777777778,0.28414747018678360772409504918370535,0.0049437771348916240569282983392860292
-0.62222222222222222222222222222222222,0.27589833589374559359334059578972734,0.0053058588703229626980870239331460518
-0.60666666666666666666666666666666667,0.26777906830778969702844493285487623,0.0056908219412125666955242926424635294
-0.59111111111111111111111111111111111,0.25977168366040236743933515840204763,0.0061009289775339723959532546490949405
-0.57555555555555555555555555555555556,0.25188967975247904543066854816815663,0.0065370118520647093579581910828422238
-0.56,0.24413575094032473347916822694174426,0.0070004374849251341952613870322848791
-0.54444444444444444444444444444444445,0.23651239527836328761352709864940844,0.007492624645613926924299081058287795
-0.52888888888888888888888888888888889,0.22902191330503406402904191118151189,0.0080150445530965015157084136865736586
-0.51333333333333333333333333333333334,0.22166640731934122102594324143976015,0.0085692213833356731314986266390636772
-0.49777777777777777777777777777777778,0.21444778114180284215502008845177979,0.0091567326769816217657628645212032759
-0.48222222222222222222222222222222222,0.20736774035192709973008387343761872,0.0097792096398613886161748505806536425
-0.46666666666666666666666666666666667,0.20042779299278420862392849531038247,0.010438337328858494695287315724401068
-0.45111111111111111111111111111111111,0.19363796516645963285505401196876225,0.011134925597434474567222190345658265
-0.43555555555555555555555555555555556,0.18698175964668596936517619440088375,0.011872572270587784171581908543880539
-0.42,0.18046899920774042986959813633612423,0.012652245504205850927270075893361998
-0.40444444444444444444444444444444445,0.17410041796783418349614034029592991,0.013475844997640405225820540897980493
-0.38888888888888888888888888888888889,0.16787656260392088587433129816213019,0.014345323253304351748321874518619187
-0.37333333333333333333333333333333334,0.1617977955822614664472410574403309,0.015262684920611697718912272244772945
-0.35777777777777777777777777777777778,0.15586429875281577007665258500722448,0.016229985974724690739155337706908758
-0.34222222222222222222222222222222222,0.15007607728842690346970433743838042,0.017249332723492826047948392356758738
-0.32666666666666666666666666666666667,0.1444329639489807778676157593696038,0.018322880636239671755633472946155778
-0.31111111111111111111111111111111111,0.13893462365004071859085772883992781,0.01945283298836696802271377410880667
-0.29555555555555555555555555555555556,0.13358740057736079678742688524253333,0.02063986074756108869217437865188415
-0.28,0.12837676870643546836709414684962081,0.021889334656909209956596486007449271
-0.26444444444444444444444444444444445,0.12330894850781722124130863261202144,0.023202090181928936426066573109813371
-0.24888888888888888888888888888888889,0.1183829847350952960791550536281027,0.024580504343935129031206792822654857
-0.23333333333333333333333333333333333,0.11359778094776154852303773428892332,0.026026992250113741130348838992777773
-0.21777777777777777777777777777777778,0.10895210545054263664838486847385425,0.027544004529686072159225929027563613
-0.20222222222222222222222222222222222,0.10444459738311984215444294978582129,0.02913402455610931303206322386449456
-0.18666666666666666666666666666666667,0.10007377293788723623197544687913615,0.030799565453355264879328745102113755
-0.17111111111111111111111111111111111,0.095838031683596109875420785195113213,0.032543166885009921946508752579237294
-0.15555555555555555555555555555555556,0.091735662973016660529274359900165683,0.034367391625676762209065424989442832
-0.14,0.08776991166815268437741040366943515,0.036272296212431071183935385262997835
-0.12444444444444444444444444444444445,0.083928580972087567382211190709381958,0.038265417062408970616619975179587941
-0.10888888888888888888888888888888889,0.080214897120165568007147889128030377,0.040346947285461832498679937561384147
-0.093333333333333333333333333333333331,0.076626773720168779915062418400677597,0.042519503480289849639715838945051878
-0.077777777777777777777777777777777779,0.073162046718410875018546915896907216,0.044785704992405868319740180294055836
-0.062222222222222222222222222222222221,0.069818480877940190604505968178072065,0.047148169214665522621453558811230436
-0.046666666666666666666666666666666669,0.066593776201947952452989746889018518,0.049609506690062433152024721667267507
-0.03111111111111111111111111111111111,0.063485574285342103534223061966611788,0.052172316023337194151314744331879716
-0.015555555555555555555555555555555558,0.060491464578297003324327529723505548,0.05483917860892986535394363881907901
0.0,0.057612653183795736666352773693765974,0.057612653183795736666352773693765974
0.015555555555555555555555555555555558,0.05483917860892986535394363881907901,0.060491464578297003324327529723505548
0.03111111111111111111111111111111111,0.052172316023337194151314744331879716,0.063485574285342103534223061966611788
0.046666666666666666666666666666666669,0.049609506690062433152024721667267507,0.066593776201947952452989746889018518
0.062222222222222222222222222222222221,0.047148169214665522621453558811230436,0.069818480877940190604505968178072065
0.077777777777777777777777777777777779,0.044785704992405868319740180294055836,0.073162046718410875018546915896907216
0.093333333333333333333333333333333331,0.042519503480289849639715838945051878,0.076626773720168779915062418400677597
0.10888888888888888888888888888888889,0.040346947285461832498679937561384147,0.080214897120165568007147889128030377
0.12444444444444444444444444444444445,0.038265417062408970616619975179587941,0.083928580972087567382211190709381958
0.14,0.036272296212431071183935385262997835,0.08776991166815268437741040366943515
0.15555555555555555555555555555555556,0.034367391625676762209065424989442832,0.091735662973016660529274359900165683
0.17111111111111111111111111111111111,0.032543166885009921946508752579237294,0.095838031683596109875420785195113213
0.18666666666666666666666666666666667,0.030799565453355264879328745102113755,0.10007377293788723623197544687913615
0.20222222222222222222222222222222222,0.02913402455610931303206322386449456,0.10444459738311984215444294978582129
0.21777777777777777777777777777777778,0.027544004529686072159225929027563613,0.10895210545054263664838486847385425
0.23333333333333333333333333333333333,0.026026992250113741130348838992777773,0.11359778094776154852303773428892332
0.24888888888888888888888888888888889,0.024580504343935129031206792822654857,0.1183829847350952960791550536281027
0.26444444444444444444444444444444445,0.023202090181928936426066573109813371,0.12330894850781722124130863261202144
0.28,0.021889334656909209956596486007449271,0.12837676870643546836709414684962081
0.29555555555555555555555555555555556,0.02063986074756108869217437865188415,0.13358740057736079678742688524253333
0.31111111111111111111111111111111111,0.01945283298836696802271377410880667,0.13893462365004071859085772883992781
0.32666666666666666666666666666666667,0.018322880636239671755633472946155778,0.1444329639489807778676157593696038
0.34222222222222222222222222222222222,0.017249332723492826047948392356758738,0.15007607728842690346970433743838042
0.35777777777777777777777777777777778,0.016229985974724690739155337706908758,0.15586429875281577007665258500722448
0.37333333333333333333333333333333334,0.015262684920611697718912272244772945,0.1617977955822614664472410574403309
0.38888888888888888888888888888888889,0.014345323253304351748321874518619187,0.16787656260392088587433129816213019
0.40444444444444444444444444444444445,0.013475844997640405225820540897980493,0.17410041796783418349614034029592991
0.42,0.012652245504205850927270075893361998,0.18046899920774042986959813633612423
0.43555555555555555555555555555555556,0.011872572270587784171581908543880539,0.18698175964668596936517619440088375
0.45111111111111111111111111111111111,0.011134925597434474567222190345658265,0.19363796516645963285505401196876225
0.46666666666666666666666666666666667,0.010438337328858494695287315724401068,0.20042779299278420862392849531038247
0.48222222222222222222222222222222223,0.0097792096398613886161748505806536425,0.20736774035192709973008387343761872
0.49777777777777777777777777777777778,0.0091567326769816217657628645212032759,0.21444778114180284215502008845177979
0.51333333333333333333333333333333334,0.0085692213833356731314986266390636772,0.22166640731934122102594324143976015
0.52888888888888888888888888888888889,0.0080150445530965015157084136865736586,0.22902191330503406402904191118151189
0.54444444444444444444444444444444445,0.007492624645613926924299081058287795,0.23651239527836328761352709864940844
0.56,0.0070004374849251341952613870322848791,0.24413575094032473347916822694174426
0.57555555555555555555555555555555556,0.0065370118520647093579581910828422238,0.25188967975247904543066854816815663
0.59111111111111111111111111111111111,0.0061009289775339723959532546490949405,0.25977168366040236743933515840204763
0.60666666666666666666666666666666667,0.0056908219412125666955242926424635294,0.26777906830778969702844493285487623
0.62222222222222222222222222222222222,0.0053058588703229626980870239331460518,0.27589833589374559359334059578972734
0.63777777777777777777777777777777778,0.0049437771348916240569282983392860292,0.28414747018678360772409504918370535
0.65333333333333333333333333333333334,0.0046038758774094450431362896590842905,0.29251274828237791704550385074087184
0.66888888888888888888888888888888889,0.004284987909354253710215425844696351,0.30099071293384113399864792848755027
0.68444444444444444444444444444444445,0.0039859937505622805965934565403495556,0.30957772411697145865180420703901181
0.7,0.0037058206195645596988812184444861219,0.31826996322206997213785645098729507
0.71555555555555555555555555555555556,0.0034434413783144141725174325110448881,0.32706343773138217737961111502435706
0.73111111111111111111111111111111111,0.0031978734372298946666448311755233739,0.33595398637393427030313016624532246
0.74666666666666666666666666666666667,0.0029681776262405981104529822218301818,0.34493728474790683334157433070149869
0.76222222222222222222222222222222222,0.0027537258595136064048273369831048665,0.35399704555066787830808256230118755
0.77777777777777777777777777777777778,0.0025531069125724403183474706281084834,0.36315214321389116078603859049806373
0.79333333333333333333333333333333333,0.0023657924473959416761882743965529376,0.37238610787313200355326681662031156
0.80888888888888888888888888888888889,0.0021910051385772919934099222232132508,0.38169402790382597609687854057230385
0.82444444444444444444444444444444444,0.0020280051089163976409003188353319601,0.39107086319550452493679897712479836
0.84,0.0018760887020011706256827010879312338,0.40051145327318457205730880244168313
0.85555555555555555555555555555555556,0.0017345872535508150657708365901266059,0.41001052576892703876799569626561557
0.87111111111111111111111111111111111,0.001602865865165643280694026988736419,0.41956270522053866187604526599835306
0.88666666666666666666666666666666667,0.001480322183871831045961877413568459,0.42916252217305304315488086214243296
0.90222222222222222222222222222222222,0.0013663851905971471976767878890923571,0.43880442255738242300019902670693195
0.91777777777777777777777777777777778,0.0012606461457750371260729881233316855,0.44847021945813152480745664442448017
0.93333333333333333333333333333333333,0.0011623193571052329020593366436107679,0.4581792982735179139723852010644036
0.94888888888888888888888888888888889,0.00107106289000681790092226734155072,0.46791339548235297556208836445659757
0.96444444444444444444444444444444444,0.00098641918667687009429179399368918001,0.47766671698313488029811097402765145
0.98,0.00090795619375209548001885432811078697,0.48743343412733703378872653708995027
0.99555555555555555555555555555555555,0.00083526625674687091259537204395735574,0.49720769416688917306994641920691694
1.0111111111111111111111111111111111,0.00076796503879043290408992076055486066,0.50698363077390479418078073316250569
1.0266666666666666666666666666666667,0.00070569046500682617091601083148160138,0.51675537460114769095361403636072808
1.0422222222222222222222222222222222,0.00064810169369350451892989716208039209,0.52651706385155931658165928681886956
1.0577777777777777777777777777777778,0.00059487811527594135311098152725019535,0.53626285482513062003321141932754801
1.0733333333333333333333333333333333,0.00054577955353353823172270085143438772,0.54597435299496844805573929190360986
1.0888888888888888888888888888888889,0.0005003959056788684646833453265248443,0.55567098040451938485308016415510013
1.1044444444444444444444444444444445,0.00045852777002106905385505760578115921,0.56533439886796741820131012067546373
1.12,0.00041992601471981013822790904141302218,0.5749589409046017710659333610366732
1.1355555555555555555555555555555556,0.00038435717545214570086993812539822969,0.58453900841648553283461927010873144
1.1511111111111111111111111111111111,0.00035160263269206112467845580232509443,0.59406908244816605993821653539136703
1.1666666666666666666666666666666667,0.00032145781939640777199750786449280373,0.60354373271172178912827752135919026
1.1822222222222222222222222222222222,0.00029373145898297677329032575299156583,0.61295762684978708841132344080763171
1.1977777777777777777777777777777778,0.00026824483339080363146113342997662886,0.62230553941028047591715583853678518
1.2133333333333333333333333333333333,0.00024483108092557367703786569302435613,0.63158236050774932239318862609334681
1.2288888888888888888888888888888889,0.00022336119233983924609071178940478615,0.64077123740152733901957229493991345
1.2444444444444444444444444444444444,0.00020363448587319684216904487274674416,0.64989115735847221677231852837513099
1.26,0.00018554479147450708185538674252769402,0.6589254370321852017499650183490762
1.2755555555555555555555555555555556,0.00016896622073723456503870714305980758,0.66786950815155214985154273939077222
1.2911111111111111111111111111111111,0.0001537816628324447037334027305430936,0.67671895582641223076582805971753501
1.3066666666666666666666666666666667,0.00013988225089788005886191928610552528,0.68546952488029679887241957248096243
1.3222222222222222222222222222222222,0.00012716685433850716365980504974332599,0.69411712573476053045712883414690056
1.3377777777777777777777777777777778,0.00011554159631148413340992282780497699,0.70265783983261908874557535052434469
1.3533333333333333333333333333333333,0.00010491939564322878335117806397675253,0.71108792458920021201816320041726255
1.3688888888888888888888888888888889,0.000095219532406165281501848130776699566,0.71940381786253269052607329719681373
1.3844444444444444444444444444444444,0.000086378185241662895868073868370980417,0.72759159978677508108883575672704348
1.4,0.000078303280641923797317143535387154227,0.73566932325908344874906862302992373
1.4155555555555555555555555555555556,0.000070942794934652401580184348107931565,0.74362329258517110438805523705459149
1.4311111111111111111111111111111111,0.00006423754831098305180213660122371751,0.75145070200777001407122612968266432
1.4466666666666666666666666666666667,0.000058132877536591679800040267368935005,0.75914894115591740288534001652090743
1.4622222222222222222222222222222222,0.000052578326680874788381365128790775861,0.76671559654150531448964337845397881
1.4777777777777777777777777777777778,0.000047527355899693724249569672306971009,0.77414845256235396606912971224021948
1.4933333333333333333333333333333333,0.000042937067484142347769254829968225372,0.78144549201711133916562946689573459
1.5088888888888888888888888888888889,0.000038767948399420895604995297894278068,0.78860489613893350851953666159522695
1.5244444444444444444444444444444444,0.000034988296337994000476124801322986493,0.79561604141016547641181988186870195
1.54,0.00003155488716310232193446877903078224,0.80249569271012181487768816448388982
1.5555555555555555555555555555555556,0.000028442111272958169980634650695316312,0.809233437757046427002628220419778
1.5711111111111111111111111111111111,0.000025621720056662237636101841400714754,0.81582824231550354153076074837352482
1.5866666666666666666666666666666667,0.000023067783752063048962225779950550587,0.82227926388906515862930311473082733
1.6022222222222222222222222222222222,0.000020756517495809047779356989849183194,0.82858584909770021032204538393237479
1.6177777777777777777777777777777778,0.000018666118901653952551867411505859935,0.83474753066325019788499092397824913
1.6333333333333333333333333333333333,0.000016776616538947015117869067245836037,0.84076402402059468117449611080015781
1.6488888888888888888888888888888889,0.000015069728705548260655025056113831564,0.84663522357304858639016726456548823
1.6644444444444444444444444444444444,0.000013528731912013337107357810604120723,0.85236119861137361192502801128457356
1.68,0.000012140048283597070016537499599650776,0.8579350532776570641591327810410162
1.6955555555555555555555555555555556,0.000010886124247071292494924878873404181,0.86337165137453225010497872559180805
1.7111111111111111111111111111111111,0.000009756104731258489592580180462820907,0.86866423589001962035111082940064571
1.7266666666666666666666666666666667,0.0000087383576413654648006172182447646415,0.87381352864597314569341212589269467
1.7422222222222222222222222222222222,0.0000078222784815643019951426436526868686,0.87882040163268479222297471513846592
1.7577777777777777777777777777777778,0.0000069982061245847752682384683005620869,0.88368587135122158794103011746918732
1.7733333333333333333333333333333333,0.000006257344844074526950886283333896923,0.88841109297007658983043356261324187
1.7888888888888888888888888888888889,0.000005591692204609616674594727311095342,0.89299735431861107984021653125999726
1.8044444444444444444444444444444444,0.0000049939724249009445227488370958645406,0.89744606973971002270765282240500794
1.82,0.0000044575748498568798166902636680008509,0.90175877382392627053876747049307075
1.8355555555555555555555555555555556,0.0000039770869655299896572219246393326495,0.9059317888523852496775410503850858
1.8511111111111111111111111111111111,0.0000035458216538568923356530274854318727,0.909977693729438669247746119190766
1.8666666666666666666666666666666667,0.0000031594976709474464531026039916184999,0.91389284608381739908497013319064323
1.8822222222222222222222222222222222,0.0000028136395154495092131567186354426174,0.91767919711405000075639794869084969
1.8977777777777777777777777777777778,0.0000025041944362554762746747887377750947,0.92133878592647659487943338847782114
1.9133333333333333333333333333333333,0.0000022274949520124125399847756627150101,0.92487373300729541003695319645096423
1.9288888888888888888888888888888889,0.0000019802244405481756466609324732566543,0.92828623372101799918728038889321262
1.9444444444444444444444444444444444,0.0000017593855719650721245429408647788678,0.93157855185362028280206538631511709
1.96,0.0000015622713734002048907538042557912251,0.93475301321789574327437145061540066
1.9755555555555555555555555555555556,0.0000013864387270306440079604133140577496,0.93781199933769080994914399134700121
1.9911111111111111111111111111111111,0.0000012298757035934736117120508475929356,0.9407541972982438771320446587339191
2.0066666666666666666666666666666667,0.0000010901920893749954587463701319201839,0.9435897109570137603575414857065674
2.0222222222222222222222222222222222,0.00000096581367048784035864372340854074829,0.94631716328524867289513201963070966
2.0377777777777777777777777777777778,0.00000085512993478800219614657423618641858,0.94893909756824092692709889671563089
2.0533333333333333333333333333333333,0.00000075669215851075186797799483392924789,0.95145808293541581319670574463292095
2.0688888888888888888888888888888889,0.00000066919801404371909475056554565081269,0.95387670881730768494960516108042377
2.0844444444444444444444444444444444,0.0000005914775487005541556088239410863477,0.95619757957235963475090739344954859
2.1,0.000000522480422175390899787195199947467,0.95842330929263444737475192687301207
2.1155555555555555555555555555555556,0.00000046126429856649794400924370350220892,0.96055651679653127810668520350309082
2.1311111111111111111111111111111111,0.00000040705045608323710127836240934797482,0.96259723107368450807472338943230781
2.1466666666666666666666666666666667,0.00000035894201875472738074142011950347898,0.96455335702163411586879234211941986
2.1622222222222222222222222222222222,0.00000031633569772165489201634705699256846,0.96642479507458940866299663200176158
2.1777777777777777777777777777777778,0.00000027862487308973618968501744342828754,0.968214136871823453646080808260357
2.1933333333333333333333333333333333,0.00000024526708602651416449949267237136329,0.96992395676759918145031388836244861
2.2088888888888888888888888888888889,0.00000021577757010106032272210218706347999,0.97155680806135663104812814063883973
2.2244444444444444444444444444444444,0.00000018972339881680515610274524939079809,0.97311521944482421682911840872766533
2.24,0.00000016671819458786480193085449453773468,0.97460169166677500094006790926214751
2.2555555555555555555555555555555556,0.00000014641734885441621921299823880239201,0.97601869441535061939988923391565948
2.2711111111111111111111111111111111,0.00000012851370716013648118209807194649845,0.97736866341711364743990339127982824
2.2866666666666666666666666666666667,0.00000011275285166360843337769066118373796,0.97865237359665204468072304247728927
2.3022222222222222222222222222222222,0.000000098850603649501655183175526219684284,0.9798755123800045327657201449980058
2.3177777777777777777777777777777778,0.000000086612045858967626331538789555098219,0.98103869205498768343364654828391122
2.3333333333333333333333333333333333,0.0000000758445512581278874450079793445768,0.9821441878156942293510861768067999
2.3488888888888888888888888888888889,0.000000066376986351276998205611160367927747,0.98319422956535761121412287678375637
2.3644444444444444444444444444444444,0.000000058057411594193638493464254797474072,0.98419100026025045919696013231702057
2.38,0.000000050751016136254970626201002162538803,0.98513663444650443415339431647336498
2.3955555555555555555555555555555555,0.000000044338264360859405602084649130126794,0.98603321698440050475814253282353089
2.4111111111111111111111111111111111,0.000000038713233709442877820697764354601972,0.98688278195429744983745177999845611
2.4266666666666666666666666666666667,0.000000033782125126100052315223082544246145,0.98768731173802840072789596275456408
2.4422222222222222222222222222222222,0.000000029467162712005749856691648579204425,0.98844777703525658175250548398346042
2.4577777777777777777777777777777778,0.000000025683813327365067056458509570509339,0.98916802542590665314365761385477024
2.4733333333333333333333333333333333,0.000000022373157104912412523487773546194144,0.98984886656597862577539903316786945
2.4888888888888888888888888888888889,0.000000019477874696437707536070633613158195,0.99049207020494687521135505248380873
2.5044444444444444444444444444444444,0.000000016947370942398977561746625582305059,0.99109935219854605202130576278358589
2.52,0.000000014737014829188052261017335803430553,0.99167237449956451409101100598457718
2.5355555555555555555555555555555556,0.000000012807461789637682959253334993130996,0.99221274527491941545414518493858055
2.5511111111111111111111111111111111,0.000000011124049855530999527972432041374863,0.992722019141585433393296874802625
2.5666666666666666666666666666666667,0.0000000096562619961275564629603297024145194,0.99320169751395228115132307602149759
2.5822222222222222222222222222222222,0.00000000837724772749710311267493030118696,0.99365322905521943400152301076877329
2.5977777777777777777777777777777778,0.0000000072647429641535593146334889132596004,0.99407747670866205500757090172884805
2.6133333333333333333333333333333333,0.0000000062951364998328984116949017361160915,0.99447688446326660292647777249132985
2.6288888888888888888888888888888889,0.0000000054517520976833508736818279538776001,0.9948521791467665023361327899334803
2.6444444444444444444444444444444444,0.0000000047185987262082371878778390179159541,0.99520460482204141921319865597503642
2.66,0.0000000040816516972971756768408692538504801,0.9955353563641743083588634230059049
2.6755555555555555555555555555555556,0.0000000035286187505178578756220645698771879,0.99584558038595032758528762448868514
2.6911111111111111111111111111111111,0.0000000030487329466001684959344230480341131,0.99613637621872133699090721294785665
2.7066666666666666666666666666666667,0.0000000026325694256493031091553823684363344,0.99640879694236470931600454260959706
2.7222222222222222222222222222222222,0.0000000022718833932960945690317208955633871,0.99666385045828305237071987277342722
2.7377777777777777777777777777777778,0.000000001959466975390752613956078426399717,0.99690250059962036604863611209546829
2.7533333333333333333333333333333333,0.0000000016893484480922712006847013193508934,0.9971253888270385461071240838053367
2.7688888888888888888888888888888889,0.0000000014553342592271880995264565259511938,0.99733397154630269198015266445979702
2.7844444444444444444444444444444444,0.0000000012530022105880289879983964132862109,0.99752878846516948808963325630455444
2.8,0.0000000010781680165220681425417247403086341,0.99771063885012493706252992976927516
2.8155555555555555555555555555555556,0.00000000092718528375867922773723668601578865,0.99788028382033958570907125453404753
2.8311111111111111111111111111111111,0.00000000079687838874627663263286932537110597,0.99803844757264496921150101854961479
2.8466666666666666666666666666666667,0.00000000068448345908266262944220484851098556,0.998185818609945997105142517919982
2.8622222222222222222222222222222222,0.00000000058759651631471598242103570308439156,0.99832305096927715635101894292120674
2.8777777777777777777777777777777778,0.00000000050412794246863758299198159470461528,0.9984507654459682141067350313103625
2.8933333333333333333333333333333333,0.00000000043234881410913938766700870937805473,0.998569402475508366768610864999201
2.9088888888888888888888888888888889,0.00000000037049865674113657730908002288450517,0.99867982717633223867399065002851405
2.9244444444444444444444444444444444,0.00000000031731030719736020280203541389063532,0.9987824083807400863345754675458313
2.94,0.00000000027159818034467898407733599885401791,0.99887764600761720512880474241891781
2.9555555555555555555555555555555556,0.00000000023233499311080410671832494776810275,0.99896601268899154960703136746271361
2.9711111111111111111111111111111111,0.00000000019863119205096429550290258240228453,0.99904795491058543627646630942017123
2.9866666666666666666666666666666667,0.00000000016971697591595849322919610603666751,0.99912389413057994527195515648759381
3.0022222222222222222222222222222222,0.00000000014492659658066014393944932417114773,0.99919422787493541657972738757009423
3.0177777777777777777777777777777778,0.00000000012368465890554929604150066948552171,0.99925933080781314703110107127011949
3.0333333333333333333333333333333333,0.00000000010549417312864987070965904408831681,0.99931955577583627409115268978012924
3.0488888888888888888888888888888889,8.9944777531819359186741160961520833e-11,0.99937516550579605212246760719404336
3.0644444444444444444444444444444444,7.6626430038079719737490420034553795e-11,0.99942661616110350756825560480028052
3.08,6.5241811771826590367070265048387033e-11,0.9994741261467235301374658350504935
3.0955555555555555555555555555555556,5.5516001062003424494887640985352031e-11,0.99951797094700652875802876364172136
3.1111111111111111111111111111111111,4.7212287468449853570765028500818206e-11,0.99955840902468450179531918281208542
3.1266666666666666666666666666666667,4.0126989504621870459175199734032779e-11,0.99959568269134414294137839905934551
3.1422222222222222222222222222222222,3.4084956617156235779434954342059398e-11,0.99963001894752824656168468942851313
3.1577777777777777777777777777777778,2.8935667702122183965213764519980529e-11,0.99966163029241172470776673331654481
3.1733333333333333333333333333333333,2.4549849319341013708801136569316223e-11,0.99969071550310795506152432610679184
3.1888888888888888888888888888888889,2.0816546347163296074510126591234262e-11,0.99971746038376177256397283754101641
3.2044444444444444444444444444444444,1.7644376176593962440923303919806099e-11,0.99974200797828563759802828552711348
3.22,1.4943606740359918978301030534123874e-11,0.99976458378229594021014657922326698
3.2355555555555555555555555555555556,1.2648789695786694549888812332998666e-11,0.99978530568548513103230930437994659
3.2511111111111111111111111111111111,1.0700076919957291688339264270377235e-11,0.99980431451008949495151193848766833
3.2666666666666666666666666666666667,9.0462623766424183550375588196282471e-12,0.99982174140833133122089635495480077
3.2822222222222222222222222222222222,7.6435617539110206722776365914077656e-12,0.99983770843813571911119740380764852
3.2977777777777777777777777777777778,6.4545603109553562604462932694359866e-12,0.99985232911185788228936261019600058
3.3133333333333333333333333333333333,5.4473063536075413364501948397676313e-12,0.9998657089186972098664723015657471
3.3288888888888888888888888888888889,4.5945307022226000820878614440535758e-12,0.99987794582150809356416964837694689
3.3444444444444444444444444444444444,3.8729750881869863366545580779160565e-12,0.99988913072874612107416092381736736
3.36,3.2635405365219521903695289843290932e-12,0.99989933529920593950262463808476473
3.3755555555555555555555555555555556,2.7477750069728434438010813612343925e-12,0.99990866404326200825279340160305331
3.3911111111111111111111111111111111,2.3121575295716050339083132977974109e-12,0.99991717546319341110069616413983809
3.4066666666666666666666666666666667,1.9444542638953406430158013188319754e-12,0.99992493650578703226268782922206841
3.4222222222222222222222222222222222,1.6342634823702930473125343573195895e-12,0.99993200907692825612588586792368802
3.4377777777777777777777777777777778,1.3727467411721166969113263553480099e-12,0.99993845038085067772324122473840527
3.4533333333333333333333333333333333,1.1523986394859649959152347124955328e-12,0.99994431324007702222739799175591428
3.4688888888888888888888888888888889,9.6684975840100414704501774834600194e-13,0.99994964639685228575919175486134233
3.4844444444444444444444444444444444,8.106981093681231342819980902138882e-13,0.99995449479686225544079367302187971
3.5,6.7952086962542884956982826831798655e-13,0.99995889985602023512510316506663668
3.5155555555555555555555555555555556,5.6910320639462991595157558913430324e-13,0.99996289477659407287967376822689651
3.5311111111111111111111111111111111,4.7634662132040276142669233026008612e-13,0.99996652497837765066730942543891621
3.5466666666666666666666666666666667,3.9847303793136831239968107947192888e-13,0.9999698172983134194831054027972102
3.5622222222222222222222222222222222,3.3313369296016410351110698485914778e-13,0.99997280139236191468740738058106841
3.5777777777777777777777777777777778,2.7834403338186253073467502476640998e-13,0.99997550449284436983607239449121776
3.5933333333333333333333333333333333,2.3242828824751536211395532621621437e-13,0.9999779515892684042131460242402678
3.6088888888888888888888888888888889,1.9397230854774942474995733494956634e-13,0.99998016559725682837323747855621166
3.6244444444444444444444444444444444,1.6178346811826557035410267596418152e-13,0.99998216751622019196584605502315708
3.64,1.3485659072800207734039490029041057e-13,0.99998397657639162251064639801292735
3.6555555555555555555555555555555556,1.1237164097277479453436862154107228e-13,0.99998560836577361140024458403499188
3.6711111111111111111111111111111111,9.3558288209729431448584193412788854e-14,0.99998708319422398981359945845423142
3.6866666666666666666666666666666667,7.7848699176670008753597928904143376e-14,0.99998841354445632970825286820112973
3.7022222222222222222222222222222222,6.4738700200747800147595763720173318e-14,0.9999896128495592752164468301634859
3.7177777777777777777777777777777778,5.3804684318642073835733708870608645e-14,0.9999906933689925900772256987126889
3.7333333333333333333333333333333333,4.4690958649854366549339688898503898e-14,0.9999916662835273039897522308055477
3.7488888888888888888888888888888889,3.7099042339525638455277897626145101e-14,0.99999254178324361742225021985279004
3.7644444444444444444444444444444444,3.0778620268493831013149370360154639e-14,0.9999933291490251487259680643501297
3.78,2.5519901342813633614786226968134799e-14,0.99999403682796667406240262895753761
3.7955555555555555555555555555555556,2.1147167484415464348915386869308705e-14,0.99999467250309155368675254474793121
3.8111111111111111111111111111111111,1.7517615792945091915212398831781051e-14,0.99999524245782284429038396065026286
3.8266666666666666666666666666666667,1.4498905188309663937205056420115608e-14,0.99999575450731644058750271781278667
3.8422222222222222222222222222222222,1.1993300626085834015554691853230622e-14,0.99999621363010527299387368901526696
3.8577777777777777777777777777777778,9.9148352671886554758726063263858769e-15,0.99999662504969556590414820319755423
3.8733333333333333333333333333333333,8.1917282186612632635304570702790874e-15,0.99999699350116574060700800130112053
3.8888888888888888888888888888888889,6.7640808932773112255928496705314921e-15,0.99999732327396363631116408009764488
3.9044444444444444444444444444444444,5.5819411406109009366210890447526192e-15,0.9999976182512479177678843036833867
3.92,4.6036774903521328725049894997764667e-15,0.9999978819460236702765195154706254
3.9355555555555555555555555555555556,3.7946147148342158275059656549033958e-15,0.99999811753430687218300857136636832
3.9511111111111111111111111111111111,3.1258894487301406363277290261525453e-15,0.99999832788553780219047562558055794
3.9666666666666666666666666666666667,2.5741402876360275501307512341068163e-15,0.9999985153609236086675710617979922
3.9822222222222222222222222222222222,2.1179937356467615353198132075312672e-15,0.99999868278195421502736590387511693
3.9977777777777777777777777777777778,1.7416472431873968105015011349987614e-15,0.99999883199931201124343801475332021
4.0133333333333333333333333333333333,1.4313266777295578116582986902771566e-15,0.99999896491244312191103646764376414
4.0288888888888888888888888888888889,1.175602110733552826175253204792099e-15,0.99999908323175664474751435033871774
4.0444444444444444444444444444444444,9.6499474566384023759308466624382413e-16,0.99999918849641912337127338606246707
4.06,7.9164872908653249918581865960087156e-16,0.9999992820905836926088308473038338
4.0755555555555555555555555555555556,6.4905731153615625632568750693887568e-16,0.99999936525818017732956512611802377
4.0911111111111111111111111111111111,5.3183450483743866420046158617792381e-16,0.99999943911638338678507825248114381
4.1066666666666666666666666666666667,4.3552479964130051450318944764753508e-16,0.99999950466786834210716996839382127
4.1222222222222222222222222222222222,3.5653736517989321698325402093368112e-16,0.9999995627410715183570445497281327
4.1377777777777777777777777777777778,2.9162686635317107255681810014952429e-16,0.99999961429190802464561692383874328
4.1533333333333333333333333333333333,2.3839265204020436152660135064432814e-16,0.99999965996258795789481978691456243
4.1688888888888888888888888888888889,1.9476056775868447295770438173101792e-16,0.99999970039954312639120760511368654
4.1844444444444444444444444444444444,1.5902009613132994567352596539467003e-16,0.99999973618104986950504618610596541
4.2,1.2976147822080951441142717678126864e-16,0.99999976782407610978683581392794326
4.2155555555555555555555555555555556,1.0582355086593446376587157484731637e-16,0.99999979579047881294656658128099953
4.2311111111111111111111111111111111,8.6250501536817043191084083507820357e-17,0.99999982049260929448418866442379158
4.2466666666666666666666666666666667,7.0256039208295869404015489283280213e-17,0.99999984229837917659027880952679111
4.2622222222222222222222222222222222,5.72089919484319098079932462195242e-17,0.9999998615124481937159474864246064
4.2777777777777777777777777777777778,4.6544896781126517757361467429336762e-17,0.99999987847667542485281245855867368
4.2933333333333333333333333333333333,3.7846221260915002028209825421709428e-17,0.9999998934248808847905951011553935
4.3088888888888888888888888888888889,3.0754993106209295589760101486120452e-17,0.9999999065887405780190256903548052
4.3244444444444444444444444444444444,2.4977638894051554512963325072705171e-17,0.99999991817429014852459882250586341
4.34,2.0273547613818605473768008147040585e-17,0.99999992836464350222308328616549861
4.3555555555555555555555555555555556,1.644563782435441334004328523015082e-17,0.99999993732243719926355207214041103
4.3711111111111111111111111111111111,1.3332582368777545907915567865389439e-17,0.99999994519202667517965262551278
4.3866666666666666666666666666666667,1.0802403473924335422931385425537616e-17,0.99999995210145805121148385077595559
4.4022222222222222222222222222222222,8.7472000765606426160488406304317896e-18,0.99999995816423717915035038405248639
4.4177777777777777777777777777777778,7.080753489754577291608734062978155e-18,0.99999996347447181245695002692578703
4.4333333333333333333333333333333333,5.7268197689308234287202806623518799e-18,0.99999996813486579183892299734056277
4.4488888888888888888888888888888889,4.6290305804175425847641344005455807e-18,0.99999997221683792691833103320474669
4.4644444444444444444444444444444445,3.7394614522098278905859073124151355e-18,0.99999997579003235226382701585389714
4.48,3.019051564827473253489397943382316e-18,0.99999997891598552957721901574286201
4.4955555555555555555555555555555556,2.4359840635707156651012520125844733e-18,0.99999998164903503352093739369717089
4.5111111111111111111111111111111111,1.9643586324202122799390486858971876e-18,0.99999998403713078825174434567278855
4.5266666666666666666666666666666667,1.5831042858476354285640403983075882e-18,0.99999998612255870891017888028670842
4.5422222222222222222222222222222222,1.2750894743907054678593064687571309e-18,0.99999998794258574664571096097052006
4.5577777777777777777777777777777778,1.0263941577564531952031492462278104e-18,0.99999998953003446505453275898213226
4.5733333333333333333333333333333333,8.2594778983618572707141945126192735e-19,0.99999999091212250106192184250226119
4.5888888888888888888888888888888889,6.6406583826788212695999299774489409e-19,0.99999999211782127569808200705068101
4.6044444444444444444444444444444445,5.3359531580048280528133282892420572e-19,0.99999999316755378837261072811978152
4.62,4.2850430229673469807542058872389506e-19,0.9999999940809468038342747823541542
4.6355555555555555555555555555555556,3.4390671678022826941811797820796261e-19,0.9999999948752310208600439471386289
4.6511111111111111111111111111111111,2.7584708978968366134566373245924106e-19,0.99999999556552389194285929676777719
4.6666666666666666666666666666666667,2.2112529037962625040903374290913528e-19,0.99999999616508030467511252242510549
4.6822222222222222222222222222222222,1.7715388121419544258730605264276231e-19,0.99999999668551462118790360771855197
4.6977777777777777777777777777777778,1.4184210149648407502083704198795688e-19,0.99999999713699721059645322964776471
4.7133333333333333333333333333333333,1.1350156690306773061406123577026267e-19,0.99999999752842828310450833425896714
4.7288888888888888888888888888888889,9.0795986143625418568553609210716151e-20,0.99999999786718298842130705121038215
4.7444444444444444444444444444444444,7.2568486785732500107529248064439588e-20,0.99999999816093621255493922609505454
4.76,5.7965775883834011146141997212096729e-20,0.99999999841515924613017710677711506
4.7755555555555555555555555555555556,4.6274037423027157973242358387991892e-20,0.99999999863503956610708476079713547
4.7911111111111111111111111111111111,3.6918604159998228681878512286529308e-20,0.99999999882510232656952652569315012
4.8066666666666666666666666666666667,2.943711713436083599315973551508386e-20,0.99999999898929240631509098500388154
4.8222222222222222222222222222222222,2.3457805926294655180621840864171442e-20,0.99999999913104662863402605678814305
4.8377777777777777777777777777777778,1.8681923820688889761730871311660098e-20,0.99999999925335728660703636765866835
4.8533333333333333333333333333333333,1.486955204278318752882589335955013e-20,0.99999999935882798214140214448818843
4.8688888888888888888888888888888889,1.1828134104714915870677551734965089e-20,0.99999999944972267497320613981527066
4.8844444444444444444444444444444444,9.4060196120749696184647740269873486e-21,0.99999999952791472454552158742760091
4.9,7.4732353292697720891069909069337641e-21,0.99999999959531382492198136154414134
4.9155555555555555555555555555555556,5.9340808640129854951945018954755253e-21,0.99999999965329390091779946962421776
4.9311111111111111111111111111111111,4.7091255765119272954362482598057436e-21,0.99999999970314131914271063615471853
4.9466666666666666666666666666666667,3.7348148687818258952152113697093393e-21,0.99999999974597109165588445408169017
4.9622222222222222222222222222222222,2.9603282420055133196652617281171865e-21,0.9999999997827490887868954267883301
4.9777777777777777777777777777777778,2.3450528022564116870796042582863067e-21,0.9999999998143114575950312141501671
4.9933333333333333333333333333333333,1.856552941068526210711554778563411e-21,0.99999999984138158593487795907035392
5.0088888888888888888888888888888889,1.4689397765589897751431854548201536e-21,0.99999999986458491226989464875002
5.0244444444444444444444444444444444,1.1619162155878360201108957373254402e-21,0.99999999988443804191176060566797576
5.04,9.1823880317635268678695414306024585e-22,0.9999999999014586587536904363423194
5.0555555555555555555555555555555556,7.2523435765204799655435404924260918e-22,0.99999999991602173732752360668342812
5.0711111111111111111111111111111111,5.7245715311990705097875990779467441e-22,0.99999999992847463154599251283460895
5.0866666666666666666666666666666667,4.5159536512327048512467921674205142e-22,0.99999999993911671386679304981638046
5.1022222222222222222222222222222222,3.5603920727553772656837686585846913e-22,0.99999999994820584015833151738549788
5.1177777777777777777777777777777778,2.8053562585726509194506465650448328e-22,0.99999999995596396690555486188863816
5.1333333333333333333333333333333333,2.209123773686117094475285319886115e-22,0.99999999996258202860894003469139113
5.1488888888888888888888888888888889,1.7385768646190600828394127090100437e-22,0.99999999996822416995987331554246525
5.1644444444444444444444444444444444,1.3674439908820097723338889781199143e-22,0.99999999997303141567750946513932492
5.18,1.0752329692621313248497010819515343e-22,0.99999999997711996345808635142634534
5.1955555555555555555555555555555556,8.4469927548511411004504781461313521e-23,0.99999999998060421577560321555936838
5.2111111111111111111111111111111111,6.6319833803164029252599435051955628e-23,0.99999999998356754511415207392691939
5.2266666666666666666666666666666667,5.2038704711954574930715868098579458e-23,0.99999999998608632057066047488514586
5.2422222222222222222222222222222222,4.0808558101999670489503345708251393e-23,0.9999999999882259481813465478322329
5.2577777777777777777777777777777778,3.1982891532287926477915056896204731e-23,0.99999999999004240945451400947727737
5.2733333333333333333333333333333333,2.5051046986391082281954615606723611e-23,0.99999999999158358923107227029572296
5.2888888888888888888888888888888889,1.9609914231972243071093847685406212e-23,0.99999999999289042095525427542282227
5.3044444444444444444444444444444444,1.534147563507548023035900748920722e-23,0.99999999999399787380408693914851207
5.32,1.1994997719496899322017300907384705e-23,0.99999999999493580294514860817563098
5.3355555555555555555555555555555556,9.3759156315627553403879899662190306e-24,0.99999999999572873652114796225742087
5.3511111111111111111111111111111111,7.3220067329109918376565762615733446e-24,0.99999999999640043062319446769090634
5.3666666666666666666666666666666667,5.7146285636449428923181839159081559e-24,0.99999999999696828147793845523254029
5.3822222222222222222222222222222222,4.4574581159126752156737741151553411e-24,0.99999999999744805496164841608865571
5.3977777777777777777777777777777778,3.474784105236607133666285999411366e-24,0.99999999999785316910735331233467926
5.4133333333333333333333333333333333,2.7071328125231657383140212114143011e-24,0.99999999999819503658159743775940286
5.4288888888888888888888888888888889,2.1078142767517984129158033540137654e-24,0.99999999999848335830647467884848676
5.4444444444444444444444444444444444,1.6401968983769661124059659322503183e-24,0.99999999999872637502952669360869034
5.46,1.2755581773924112542878291903808912e-24,0.99999999999893108272162187971496226
5.4755555555555555555555555555555556,9.9139085506256891738855684373766696e-25,0.99999999999910341688195478545911207
5.4911111111111111111111111111111111,7.7032113687242211027576933058225093e-25,0.99999999999924823809139132160567786
5.5066666666666666666666666666666667,5.979932443359260655892874232382505e-25,0.99999999999937018227964485010082742
5.5222222222222222222222222222222222,4.6393766572089121711413550531877951e-25,0.99999999999947265689143082122423561
5.5377777777777777777777777777777778,3.5971710272164583497115626805996764e-25,0.99999999999955871873897954697924007
5.5533333333333333333333333333333333,2.7874020268694565862991167453364747e-25,0.99999999999963095317018259385615604
5.5688888888888888888888888888888889,2.1586084627035138198691988906244637e-25,0.9999999999996915454172133333812285
5.5844444444444444444444444444444444,1.6706372099829761229341483179958856e-25,0.99999999999974234136500687334614901
5.6,1.2921775489083792064219033358874904e-25,0.99999999999978489927451205630695299
5.6155555555555555555555555555555556,9.9882885202197075283060623088539416e-26,0.99999999999982053377817862426900326
5.6311111111111111111111111111111111,7.7184555772666085798926631129500889e-26,0.99999999999985031799327727416617638
5.6466666666666666666666666666666667,5.9586079031097626532001210545355167e-26,0.99999999999987526221294502306257715
5.6622222222222222222222222222222222,4.5969826107981801732378683866679477e-26,0.99999999999989611088096407038396038
5.6777777777777777777777777777777778,3.5441014618221522692457336629623535e-26,0.99999999999991352597862700932700265
5.6933333333333333333333333333333333,2.7304464596458895930114208668470675e-26,0.9999999999999280642484012130706416
5.7088888888888888888888888888888889,2.1020402666230146839817687559959847e-26,0.99999999999994019363228635849580779
5.7244444444444444444444444444444444,1.6169977339385391233669838568102972e-26,0.99999999999995030719025390559764844
5.74,1.2428368369797445014126694572797382e-26,0.99999999999995873487736577052315724
5.7555555555555555555555555555555556,9.5438309171116995808148991303145469e-27,0.9999999999999657535025080277109179
5.7711111111111111111111111111111111,7.3213749009887401812767259780432238e-27,0.99999999999997159514400723646659954
5.7866666666666666666666666666666667,5.6120017596906321101480609685156561e-27,0.99999999999997644852470896441841592
5.8022222222222222222222222222222222,4.2946179602293030210804800764028179e-27,0.99999999999998048890587685013456683
5.8177777777777777777777777777777778,3.2814364012327309452642725357747535e-27,0.9999999999999838456880138572234786
5.8333333333333333333333333333333333,2.5026803360335910465405151996376017e-27,0.99999999999998663285623409187027484
5.8488888888888888888888888888888889,1.9044687524186941659901289207208052e-27,0.99999999999998894567933373740038869
5.8644444444444444444444444444444444,1.4452206141209231755073737199963464e-27,0.9999999999999908637334658822844803
5.88,1.0928666200514695320984926594058416e-27,0.9999999999999924534456843922822622
5.8955555555555555555555555555555555,8.2268848080818426710801943641013994e-28,0.99999999999999377023220861303719823
5.9111111111111111111111111111111111,6.1564553828519090505428695243557252e-28,0.99999999999999486029481881705074188
5.9266666666666666666666666666666667,4.5707961223902447011949402627123189e-28,0.99999999999999576212906276789011276
5.9422222222222222222222222222222222,3.3585031794066732286102654305174953e-28,0.99999999999999650691280739079014022
5.9577777777777777777777777777777778,2.4297991089032939841552753702458102e-28,0.99999999999999712322731161003149661
5.9733333333333333333333333333333333,1.7198211515790111534401814824726071e-28,0.99999999999999763220135096479224926
5.9888888888888888888888888888888889,1.1773812083336236091839720161357594e-28,0.99999999999999805227755711373027632
6.0044444444444444444444444444444444,7.6319288410362797932180685770047168e-29,0.99999999999999839877476830181235275
6.02,4.4712269726673850092946115112908813e-29,0.99999999999999868440923593139592032
6.0355555555555555555555555555555556,2.0607169319264887063782199116417021e-29,0.99999999999999891973023893376094188
6.0511111111111111111111111111111111,2.2344043777300850953217415682383151e-30,0.99999999999999911348392684438874686
6.0666666666666666666666666666666667,-1.176085148552475829411590022858263e-29,0.9999999999999992729170204853073872
6.0822222222222222222222222222222222,-2.2415258092912539152199716339284995e-29,0.99999999999999940403014819389460646
6.0977777777777777777777777777777778,-3.051241368440451194266606218568881e-29,0.9999999999999995116627034197456635
6.1133333333333333333333333333333333,-3.6678603022941434732087257445234733e-29,0.99999999999999960019670071746341597
6.1288888888888888888888888888888889,-4.1364716483444345041784036111748806e-29,0.99999999999999967287349146732646031
6.1444444444444444444444444444444444,-4.4924107365080627159912767086370378e-29,0.99999999999999973249742428742708663
6.16,-4.762635925759095575631303386050132e-29,0.99999999999999978138344697807124044
6.1755555555555555555555555555555556,-4.9677056583797491993265441288204805e-29,0.99999999999999982144133054764755533
6.1911111111111111111111111111111111,-5.1232905959098821792205249058334918e-29,0.99999999999999985424561005331940562
6.2066666666666666666666666666666667,-5.241333290756108627479204892812729e-29,0.99999999999999988109362717277471799
6.2222222222222222222222222222222222,-5.3309351395850373972292329248961276e-29,0.99999999999999990305366770289280239
6.2377777777777777777777777777777778,-5.399037139138203338166424875245641e-29,0.99999999999999992100485868387181436
6.2533333333333333333333333333333333,-5.450879518629171020838829526658133e-29,0.99999999999999993565307493488300854
6.2688888888888888888888888888888889,-5.4906510017138187615282924517857183e-29,0.99999999999999994763000163667596924
6.2844444444444444444444444444444444,-5.5213997651442525356163023972805411e-29,0.99999999999999995740290233353746304
6.3,-5.5455541004816156933898958762692066e-29,0.99999999999999996537258059007899745
6.3155555555555555555555555555555556,-5.5650310027377348704947807963278803e-29,0.99999999999999997186785196274701515
6.3311111111111111111111111111111111,-5.5813846658744819642270681180940891e-29,0.99999999999999997715830691992411502
6.3466666666666666666666666666666667,-5.5959253523190123357129401778115746e-29,0.99999999999999998146484161575950134
6.3622222222222222222222222222222222,-5.6098227917978518399624266333335806e-29,0.99999999999999998496834134756356903
6.3777777777777777777777777777777778,-5.6241958645028984614725374309082236e-29,0.9999999999999999878168361769951612
6.3933333333333333333333333333333333,-5.6401784899007746050866594687988774e-29,0.9999999999999999901286962468025632
6.4088888888888888888888888888888889,-5.6590942417166643435147153212218311e-29,0.9999999999999999920087792939471185
6.4244444444444444444444444444444444,-5.6824336702972973537625595054810135e-29,0.99999999999999999353461700546616943
6.44,-5.7120510333455025351693121297148617e-29,0.99999999999999999477221291199292194
6.4555555555555555555555555555555556,-5.7502867377627783605187639324315124e-29,0.99999999999999999577541538209815721
6.4711111111111111111111111111111111,-5.8001473525031890995037715988846379e-29,0.99999999999999999658812898746435506
6.4866666666666666666666666666666667,-5.8655340494435262187914063734571448e-29,0.99999999999999999724612865828375624
6.5022222222222222222222222222222222,-5.9515383671659300761382590575238304e-29,0.99999999999999999777854702801902837
6.5177777777777777777777777777777778,-6.0648269008881513205557228422330817e-29,0.99999999999999999820909306394262685
6.5333333333333333333333333333333333,-6.2141401822660398711283752402932723e-29,0.9999999999999999985570498954369275
6.5488888888888888888888888888888889,-6.4106554393011973765835122540056222e-29,0.99999999999999999883776479990364437
6.5644444444444444444444444444444444,-6.6699129424103646422339821741395169e-29,0.9999999999999999990646860640553082
6.58,-7.0114279102635202484682796696897975e-29,0.99999999999999999924774837096697227
6.5955555555555555555555555555555556,-7.4610842488640758307185730679615905e-29,0.99999999999999999939534005100996781
6.6111111111111111111111111111111111,-8.0528103504013405423995146810026107e-29,0.99999999999999999951426255105350765
6.6266666666666666666666666666666667,-8.8310569977262352106618386472240565e-29,0.9999999999999999996100272380540663
6.6422222222222222222222222222222222,-9.854025657400797407599545695677406e-29,0.99999999999999999968709734565112436
6.6577777777777777777777777777777778,-1.1197879815163392184054252005322562e-28,0.99999999999999999974908507752417464
6.6733333333333333333333333333333333,-1.296222808813603224285270950410551e-28,0.99999999999999999979891207698857571
6.6888888888888888888888888888888889,-1.52772622308926275514220947784577e-28,0.99999999999999999983893998870339516
6.7044444444444444444444444444444444,-1.8308557976639156049490454222062661e-28,0.99999999999999999987103939725147999
6.72,-2.2285707620465512652555355787305903e-28,0.99999999999999999989683234562836228
6.7355555555555555555555555555555556,-2.749483350741410525075738753664192e-28,0.99999999999999999991751551799142282
6.7511111111111111111111111111111111,-3.4313464869935136123326039513779493e-28,0.99999999999999999993409124257991093
6.7666666666666666666666666666666667,-4.3233548115698016006680741665772976e-28,0.99999999999999999994736723824582151
6.7822222222222222222222222222222222,-5.4895731568542136322658981861613797e-28,0.99999999999999999995799399868999081
6.7977777777777777777777777777777778,-7.0133803650028349190744954605785975e-28,0.99999999999999999996649507447573099
6.8133333333333333333333333333333333,-9.0032260439513425766823714482702648e-28,0.99999999999999999997329158656879615
6.8288888888888888888888888888888889,-1.160008328764540540731008498862811e-27,0.99999999999999999997872205769468684
6.8444444444444444444444444444444444,-1.4987088717132681348097098635338192e-27,0.99999999999999999998305844568073482
6.86,-1.9395502070001288652002354019064024e-27,0.99999999999999999998651510213718485
6.8755555555555555555555555555555556,-2.5144876648598111414518514377692372e-27,0.99999999999999999998927602591526848
6.8911111111111111111111111111111111,-3.2630128695971449240833967192175936e-27,0.99999999999999999999147673686786576
6.9066666666666666666666666666666667,-4.2369511595144742510323813745716341e-27,0.99999999999999999999322985346553084
6.9222222222222222222222222222222222,-5.5034233826494721333705185776991176e-27,0.99999999999999999999462557187484194
6.9377777777777777777777777777777778,-7.1493069534609038173071107802547709e-27,0.99999999999999999999573608583130455
6.9533333333333333333333333333333333,-9.2869823428677486947645259625977658e-27,0.999999999999999999996619144267466
6.9688888888888888888888888888888889,-1.2061730756285761250987844872892113e-26,0.99999999999999999999732091309907514
6.9844444444444444444444444444444444,-1.5661251461854920636133698483643491e-26,0.99999999999999999999787827581785153
7.0,-2.0321037338236842686530216106121323e-26,0.99999999999999999999832068177393959
