zeta,trade_off_alpha,trade_off_beta
-7.0,0.9999999999999999999983206817739396,-2.0321037337860684494267084103571328e-26
-6.9844444444444444444444444444444444,0.99999999999999999999787827581785153,-1.5661251461384722895804783480455997e-26
-6.9688888888888888888888888888888889,0.99999999999999999999732091309907514,-1.206173075567450418856025536874837e-26
-6.9533333333333333333333333333333333,0.99999999999999999999661914426746601,-9.2869823423975509544356109594102712e-27
-6.9377777777777777777777777777777778,0.99999999999999999999573608583130455,-7.1493069532258049471426532786610236e-27
-6.9222222222222222222222222222222222,0.99999999999999999999462557187484194,-5.5034233824613930372389525764241198e-27
-6.9066666666666666666666666666666667,0.99999999999999999999322985346553084,-4.2369511592793753808679238729778868e-27
-6.8911111111111111111111111111111111,0.99999999999999999999147673686786576,-3.2630128693620460539189392176238463e-27
-6.8755555555555555555555555555555556,0.99999999999999999998927602591526848,-2.5144876646717320453202854364942394e-27
-6.86,0.99999999999999999998651510213718485,-1.9395502067180102210028863999939057e-27
-6.8444444444444444444444444444444444,0.99999999999999999998305844568073482,-1.4987088714311494906123608616213224e-27
-6.8288888888888888888888888888888889,0.99999999999999999997872205769468684,-1.160008328764540540731008498862811e-27
-6.8133333333333333333333333333333333,0.99999999999999999997329158656879615,-9.0032260434811448363534564450827701e-28
-6.7977777777777777777777777777777778,0.99999999999999999996649507447573099,-7.0133803650028349190744954605785975e-28
-6.7822222222222222222222222222222222,0.99999999999999999995799399868999082,-5.4895731568542136322658981861613797e-28
-6.7666666666666666666666666666666667,0.99999999999999999994736723824582152,-4.3233548106294061200102441602023084e-28
-6.7511111111111111111111111111111111,0.99999999999999999993409124257991094,-3.4313464860531181316747739450029601e-28
-6.7355555555555555555555555555555556,0.99999999999999999991751551799142282,-2.749483350741410525075738753664192e-28
-6.72,0.99999999999999999989683234562836228,-2.2285707615763535249266205755430957e-28
-6.7044444444444444444444444444444444,0.99999999999999999987103939725147999,-1.8308557967235201242912154158312769e-28
-6.6888888888888888888888888888888889,0.99999999999999999983893998870339517,-1.5277262244998559761289544874082538e-28
-6.6733333333333333333333333333333333,0.99999999999999999979891207698857571,-1.2962228078732077436274409440355618e-28
-6.6577777777777777777777777777777778,0.99999999999999999974908507752417464,-1.1197879815163392184054252005322562e-28
-6.6422222222222222222222222222222222,0.99999999999999999968709734565112436,-9.8540256668047522141778457594272983e-29
-6.6266666666666666666666666666666667,0.9999999999999999996100272380540663,-8.8310569789183255975052385197242719e-29
-6.6111111111111111111111111111111111,0.99999999999999999951426255105350765,-8.0528103645072727522669647766274492e-29
-6.5955555555555555555555555555555556,0.99999999999999999939534005100996781,-7.4610842535660532340077230998365366e-29
-6.58,0.99999999999999999924774837096697228,-7.0114279055615428451791296378148513e-29
-6.5644444444444444444444444444444444,0.9999999999999999990646860640553082,-6.6699129424103646422339821741395169e-29
-6.5488888888888888888888888888888889,0.99999999999999999883776479990364438,-6.4106554393011973765835122540056222e-29
-6.5333333333333333333333333333333333,0.9999999999999999985570498954369275,-6.2141401822660398711283752402932723e-29
-6.5177777777777777777777777777777778,0.99999999999999999820909306394262686,-6.0648269008881513205557228422330817e-29
-6.5022222222222222222222222222222222,0.99999999999999999777854702801902837,-5.9515383718679074794274090893987765e-29
-6.4866666666666666666666666666666667,0.99999999999999999724612865828375624,-5.8655340494435262187914063734571448e-29
-6.4711111111111111111111111111111111,0.99999999999999999658812898746435507,-5.8001473454502229945700465510722187e-29
-6.4555555555555555555555555555555556,0.99999999999999999577541538209815722,-5.7502867330608009572296139005565662e-29
-6.44,0.99999999999999999477221291199292194,-5.7120510309945138335247371137773886e-29
-6.4244444444444444444444444444444444,0.99999999999999999353461700546616943,-5.6824336655953199504734094736060673e-29
-6.4088888888888888888888888888888889,0.99999999999999999200877929394711851,-5.6590942346636982385809902734094119e-29
-6.3933333333333333333333333333333333,0.99999999999999999012869624680256321,-5.6401784922517633067312344847363504e-29
-6.3777777777777777777777777777777778,0.9999999999999999878168361769951612,-5.6241958692048758647616874627831697e-29
-6.3622222222222222222222222222222222,0.99999999999999998496834134756356903,-5.6098227894468631383178516173961075e-29
-6.3466666666666666666666666666666667,0.99999999999999998146484161575950135,-5.5959253570209897390020902096865207e-29
-6.3311111111111111111111111111111111,0.99999999999999997715830691992411503,-5.5813846682254706658716431340315621e-29
-6.3155555555555555555555555555555556,0.99999999999999997186785196274701515,-5.5650309980357574672056307644529342e-29
-6.3,0.99999999999999996537258059007899746,-5.5455540934286495884561708284567874e-29
-6.2844444444444444444444444444444444,0.99999999999999995740290233353746305,-5.5213997651442525356163023972805411e-29
-6.2688888888888888888888888888888889,0.99999999999999994763000163667596925,-5.4906509946608526565945674039732991e-29
-6.2533333333333333333333333333333333,0.99999999999999993565307493488300854,-5.4508795198046653716611170346268695e-29
-6.2377777777777777777777777777777778,0.99999999999999992100485868387181436,-5.399037139138203338166424875245641e-29
-6.2222222222222222222222222222222222,0.9999999999999999030536677028928024,-5.3309351348830599939400828930211814e-29
-6.2066666666666666666666666666666667,0.99999999999999988109362717277471799,-5.2413332848786368733677673529690463e-29
-6.1911111111111111111111111111111111,0.99999999999999985424561005331940562,-5.1232905923833991267536623819272821e-29
-6.1755555555555555555555555555555556,0.99999999999999982144133054764755533,-4.9677056560287604976819691128830074e-29
-6.16,0.99999999999999978138344697807124044,-4.7626359251713484002201596320657638e-29
-6.1444444444444444444444444444444444,0.99999999999999973249742428742708663,-4.4924107318060853127021266767620916e-29
-6.1288888888888888888888888888888889,0.99999999999999967287349146732646031,-4.136471647168940153356116103206144e-29
-6.1133333333333333333333333333333333,0.99999999999999960019670071746341597,-3.6678602999431547715641507285860002e-29
-6.0977777777777777777777777777777778,0.99999999999999951166270341974566351,-3.051241366383336080327603079623592e-29
-6.0822222222222222222222222222222222,0.99999999999999940403014819389460646,-2.2415258084096331521032560029519471e-29
-6.0666666666666666666666666666666667,0.9999999999999992729170204853073872,-1.1760851483320706386324111151141249e-29
-6.0511111111111111111111111111111111,0.99999999999999911348392684438874686,2.2344043766280591414258470295176246e-30
-6.0355555555555555555555555555555556,0.99999999999999891973023893376094188,2.0607169307509943555559324036729656e-29
-6.02,0.99999999999999868440923593139592032,4.4712269717857642461778958803143289e-29
-6.0044444444444444444444444444444444,0.99999999999999839877476830181235275,7.6319288378036703284567779300906913e-29
-5.9888888888888888888888888888888889,0.99999999999999805227755711373027632,1.1773812082160741741017432653388857e-28
-5.9733333333333333333333333333333333,0.99999999999999763220135096479224926,1.7198211508149398254056946022929284e-28
-5.9577777777777777777777777777777778,0.99999999999999712322731161003149661,2.4297991081979973736619028654645682e-28
-5.9422222222222222222222222222222222,0.99999999999999650691280739079014022,3.3585031788777007707402360519315639e-28
-5.9266666666666666666666666666666667,0.99999999999999576212906276789011276,4.570796121332299785454881505540456e-28
-5.9111111111111111111111111111111111,0.99999999999999486029481881705074188,6.1564553816764146997205820163869887e-28
-5.8955555555555555555555555555555556,0.99999999999999377023220861303719823,8.2268848067887988851756781053357892e-28
-5.88,0.99999999999999245344568439228226219,1.0928666199221651535080410335292806e-27
-5.8644444444444444444444444444444444,0.9999999999999908637334658822844803,1.4452206139681089099004763439604106e-27
-5.8488888888888888888888888888888889,0.99999999999998894567933373740038869,1.9044687522423700133667857945254947e-27
-5.8333333333333333333333333333333333,0.99999999999998663285623409187027484,2.5026803358337570069007263232829165e-27
-5.8177777777777777777777777777777778,0.99999999999998384568801385722347859,3.281436401021141962116260784340381e-27
-5.8022222222222222222222222222222222,0.99999999999998048890587685013456682,4.2946179600177140379324683249684453e-27
-5.7866666666666666666666666666666667,0.99999999999997644852470896441841591,5.6120017595025530140164949672406583e-27
-5.7711111111111111111111111111111111,0.99999999999997159514400723646659952,7.3213749007066215370793769761307271e-27
-5.7555555555555555555555555555555556,0.99999999999996575350250802771091789,9.5438309168060710496011043782426754e-27
-5.74,0.99999999999995873487736577052315721,1.2428368369491816482912899820725511e-26
-5.7244444444444444444444444444444444,0.99999999999995030719025390559764842,1.6169977339056252815439598065871726e-26
-5.7088888888888888888888888888888889,0.99999999999994019363228635849580777,2.10204026659010084215874470577286e-26
-5.6933333333333333333333333333333333,0.99999999999992806424840121307064156,2.730446459598869818978529366528318e-26
-5.6777777777777777777777777777777778,0.99999999999991352597862700932700261,3.5441014617845364500194204627073539e-26
-5.6622222222222222222222222222222222,0.99999999999989611088096407038396034,4.5969826107582133653099106113970107e-26
-5.6466666666666666666666666666666667,0.99999999999987526221294502306257709,5.9586079030580409017639404041848923e-26
-5.6311111111111111111111111111111111,0.99999999999985031799327727416617631,7.718455577212535839754837887583527e-26
-5.6155555555555555555555555555555556,0.99999999999982053377817862426900318,9.9882885201656347881682370834873797e-26
-5.6,0.99999999999978489927451205630695291,1.2921775489025017346677918983476467e-25
-5.5844444444444444444444444444444444,0.99999999999974234136500687334614892,1.6706372099773337500502013379576356e-25
-5.5688888888888888888888888888888889,0.9999999999996915454172133333812284,2.1586084626969310515045940805798388e-25
-5.5533333333333333333333333333333333,0.99999999999963095317018259385615592,2.7874020268638142134151697652982248e-25
-5.5377777777777777777777777777777778,0.99999999999955871873897954697923995,3.5971710272089351858663000405486765e-25
-5.5222222222222222222222222222222222,0.99999999999947265689143082122423547,4.6393766572027996005170791581463577e-25
-5.5066666666666666666666666666666667,0.99999999999937018227964485010082727,5.9799324433517374920476115923315051e-25
-5.4911111111111111111111111111111111,0.99999999999924823809139132160567771,7.7032113687157575434317728357651344e-25
-5.4755555555555555555555555555555556,0.99999999999910341688195478545911191,9.9139085506162852190789901373129197e-25
-5.46,0.9999999999989310827216218797149621,1.2755581773914708588071713603745162e-24
-5.4444444444444444444444444444444444,0.99999999999872637502952669360869017,1.6401968983759786971512752107436245e-24
-5.4288888888888888888888888888888889,0.9999999999984833583064746788484866,2.1078142767508580174351455240073904e-24
-5.4133333333333333333333333333333333,0.99999999999819503658159743775940272,2.7071328125220372637372318154066512e-24
-5.3977777777777777777777777777777778,0.99999999999785316910735331233467915,3.4747841052354316393154637119033973e-24
-5.3822222222222222222222222222222222,0.99999999999744805496164841608865565,4.4574581159115467410969847191476911e-24
-5.3666666666666666666666666666666667,0.99999999999696828147793845523254029,5.7146285636437673979673616284001872e-24
-5.3511111111111111111111111111111111,0.99999999999640043062319446769090644,7.3220067329097693235317210825650571e-24
-5.3355555555555555555555555555555556,0.9999999999957287365211479622574211,9.3759156315617209053592663532120182e-24
-5.32,0.99999999999493580294514860817563137,1.1994997719495629788118412836876098e-23
-5.3044444444444444444444444444444444,0.99999999999399787380408693914851268,1.5341475635074210696460119418698613e-23
-5.2888888888888888888888888888888889,0.99999999999289042095525427542282316,1.9609914231970926517420926723397287e-23
-5.2733333333333333333333333333333333,0.99999999999158358923107227029572421,2.5051046986389765728281694644714686e-23
-5.2577777777777777777777777777777778,0.99999999999004240945451400947727909,3.1982891532286374825371971476694213e-23
-5.2422222222222222222222222222222222,0.9999999999882259481813465478322352,4.0808558101998118836960260288740874e-23
-5.2266666666666666666666666666666667,0.99999999998608632057066047488514888,5.2038704711953023278172782679068939e-23
-5.2111111111111111111111111111111111,0.9999999999835675451141520739269233,6.6319833803162477600056349632445109e-23
-5.1955555555555555555555555555555556,0.99999999998060421577560321555937339,8.4469927548509765312413630258802365e-23
-5.18,0.99999999997711996345808635142635171,1.0752329692621148679287895699264227e-22
-5.1644444444444444444444444444444444,0.99999999997303141567750946513933293,1.3674439908819937856107177950098059e-22
-5.1488888888888888888888888888888889,0.99999999996822416995987331554247526,1.7385768646190422153252802102399226e-22
-5.1333333333333333333333333333333333,0.99999999996258202860894003469140356,2.2091237736860992269611528211159939e-22
-5.1177777777777777777777777777777778,0.99999999995596396690555486188865348,2.8053562585726311711455527506146989e-22
-5.1022222222222222222222222222222222,0.99999999994820584015833151738551669,3.5603920727553603385651168176445766e-22
-5.0866666666666666666666666666666667,0.99999999993911671386679304981640343,4.5159536512326851029416983529903803e-22
-5.0711111111111111111111111111111111,0.99999999992847463154599251283463687,5.7245715311990507614825052635166102e-22
-5.0555555555555555555555555555555556,0.9999999999160217373275236066834619,7.2523435765204583364474853623359452e-22
-5.04,0.9999999999014586587536904363423601,9.1823880317635042983780056426823055e-22
-5.0244444444444444444444444444444444,0.99999999988443804191176060566802462,1.1619162155878338572012902243164256e-21
-5.0088888888888888888888888888888889,0.99999999986458491226989464875007841,1.4689397765589877062731280075941396e-21
-4.9933333333333333333333333333333333,0.99999999984138158593487795907042351,1.856552941068524141841497331337397e-21
-4.9777777777777777777777777777777778,0.99999999981431145759503121415024972,2.3450528022564093360909026137112908e-21
-4.9622222222222222222222222222222222,0.99999999978274908878689542678842785,2.9603282420055111567556562151081718e-21
-4.9466666666666666666666666666666667,0.99999999974597109165588445408180542,3.7348148687818235442265097251343234e-21
-4.9311111111111111111111111111111111,0.99999999970314131914271063615485398,4.7091255765119250384870946810137283e-21
-4.9155555555555555555555555555555556,0.99999999965329390091779946962437642,5.9340808640129829561267041193345081e-21
-4.9,0.99999999959531382492198136154432658,7.4732353292697697381182892623587482e-21
-4.8844444444444444444444444444444444,0.99999999952791472454552158742781648,9.406019612074967173436524316629332e-21
-4.8688888888888888888888888888888889,0.99999999944972267497320613981552067,1.1828134104714913237570205893041071e-20
-4.8533333333333333333333333333333333,0.99999999935882798214140214448847747,1.4869552042783184989758095583409113e-20
-4.8377777777777777777777777777777778,0.99999999925335728660703636765900139,1.8681923820688887316702621601302081e-20
-4.8222222222222222222222222222222222,0.9999999991310466286340260567885255,2.3457805926294652359435398890681422e-20
-4.8066666666666666666666666666666667,0.9999999989892924063150909850043192,2.9437117134360833360052389673159842e-20
-4.7911111111111111111111111111111111,0.99999999882510232656952652569364917,3.691860415999822604877116644460529e-20
-4.7755555555555555555555555555555556,0.9999999986350395661070847607977024,4.6274037423027155246095464480284873e-20
-4.76,0.99999999841515924613017710677775665,5.796577588383400841899510330438971e-20
-4.7444444444444444444444444444444444,0.9999999981609362125549392260957777,7.2568486785732497286342806090949569e-20
-4.7288888888888888888888888888888889,0.99999999786718298842130705121119379,9.0795986143625415653327619171443132e-20
-4.7133333333333333333333333333333333,0.99999999752842828310450833425987386,1.1350156690306772779287479379677265e-19
-4.6977777777777777777777777777777778,0.99999999713699721059645322964877293,1.4184210149648407210561105194868386e-19
-4.6822222222222222222222222222222222,0.99999999668551462118790360771966725,1.7715388121419543957804051453770629e-19
-4.6666666666666666666666666666666667,0.99999999616508030467511252242633224,2.2112529037962624758784730093564527e-19
-4.6511111111111111111111111111111111,0.99999999556552389194285929676911818,2.7584708978968365814831909822261904e-19
-4.6355555555555555555555555555555556,0.99999999487523102086004394714008468,3.4390671678022826622077334397134059e-19
-4.62,0.99999999408094680383427478235572231,4.2850430229673469516019459868462204e-19
-4.6044444444444444444444444444444444,0.99999999316755378837261072812145564,5.335953158004828020839881946875837e-19
-4.5888888888888888888888888888888889,0.99999999211782127569808200705244984,6.6406583826788212385668791157405507e-19
-4.5733333333333333333333333333333333,0.99999999091212250106192184250410718,8.2594778983618572368599572089373933e-19
-4.5577777777777777777777777777777778,0.99999998953003446505453275898403003,1.0263941577564531919117650639254054e-18
-4.5422222222222222222222222222222222,0.99999998794258574664571096097243471,1.2750894743907054646619618345205089e-18
-4.5266666666666666666666666666666667,0.99999998612255870891017888028859321,1.5831042858476354251786166679394002e-18
-4.5111111111111111111111111111111111,0.99999998403713078825174434567458244,1.9643586324202122769297831477921316e-18
-4.4955555555555555555555555555555556,0.99999998164903503352093739369879557,2.4359840635707156621860260225452003e-18
-4.48,0.9999999789159855295772190157442185,3.019051564827473250292053309145694e-18
-4.4644444444444444444444444444444444,0.99999997579003235226382701585486178,3.7394614522098278873885626781785135e-18
-4.4488888888888888888888888888888889,0.99999997221683792691833103320516654,4.6290305804175425817548688624405247e-18
-4.4333333333333333333333333333333333,0.99999996813486579183892299734025035,5.7268197689308234251467778358521259e-18
-4.4177777777777777777777777777777778,0.99999996347447181245695002692451424,7.08075348975457728831734988067575e-18
-4.4022222222222222222222222222222222,0.99999995816423717915035038404997937,8.7472000765606426127574564481293846e-18
-4.3866666666666666666666666666666667,0.9999999521014580512114838507718819,1.0802403473924335419640001243235211e-17
-4.3711111111111111111111111111111111,0.99999994519202667517965262550674423,1.3332582368777545904624183683087034e-17
-4.3555555555555555555555555555555556,0.99999993732243719926355207213194324,1.6445637824354413336751901047848415e-17
-4.34,0.99999992836464350222308328615404293,2.027354761381860547047662396473818e-17
-4.3244444444444444444444444444444444,0.99999991817429014852459882249076517,2.4977638894051554509671940890402766e-17
-4.3088888888888888888888888888888889,0.99999990658874057801902569033529659,3.0754993106209295586468717303818047e-17
-4.2933333333333333333333333333333333,0.99999989342488088479059510113057749,3.7846221260915002025012480787472806e-17
-4.2777777777777777777777777777777778,0.99999987847667542485281245852750616,4.6544896781126517754352201891231706e-17
-4.2622222222222222222222222222222222,0.99999986151244819371594748638587643,5.7208991948431909804701862037221795e-17
-4.2466666666666666666666666666666667,0.99999984229837917659027880947911158,7.0256039208295869401006223745175157e-17
-4.2311111111111111111111111111111111,0.9999998204926092944841886643655396,8.6250501536817043187980778421649518e-17
-4.2155555555555555555555555555555556,0.99999979579047881294656658121032365,1.0582355086593446376258019066501396e-16
-4.2,0.99999976782407610978683581384272396,1.2976147822080951440841791124316358e-16
-4.1844444444444444444444444444444444,0.9999997361810498695050461860037837,1.5902009613132994567051669985656497e-16
-4.1688888888888888888888888888888889,0.99999970039954312639120760499178988,1.9476056775868447295488319528904443e-16
-4.1533333333333333333333333333333333,0.99999965996258795789481978676982801,2.3839265204020436152359208510622309e-16
-4.1377777777777777777777777777777778,0.99999961429190802464561692366763857,2.9162686635317107255418499280368237e-16
-4.1222222222222222222222222222222222,0.99999956274107151835704454952667328,3.5653736517989321698043283449170763e-16
-4.1066666666666666666666666666666667,0.99999950466786834210716996815757422,4.3552479964130051450055634030169316e-16
-4.0911111111111111111111111111111111,0.99999943911638338678507825220504251,5.3183450483743866419801655792821345e-16
-4.0755555555555555555555555555555556,0.99999936525818017732956512579644987,6.4905731153615625632343055778529689e-16
-4.06,0.99999928209058369260883084693052328,7.916487290865324991839378686395559e-16
-4.0444444444444444444444444444444444,0.99999918849641912337127338563045655,9.6499474566384023759120387528250847e-16
-4.0288888888888888888888888888888889,0.99999908323175664474751434984028946,1.1756021107335528261733724138307834e-15
-4.0133333333333333333333333333333333,0.99999896491244312191103646707039015,1.4313266777295578116567940575081041e-15
-3.9977777777777777777777777777777778,0.99999883199931201124343801409560641,1.7416472431873968104999965022297089e-15
-3.9822222222222222222222222222222222,0.99999868278195421502736590312274789,2.1179937356467615353186847329544778e-15
-3.9666666666666666666666666666666667,0.9999985153609236086675710609396777,2.5741402876360275501303750759145531e-15
-3.9511111111111111111111111111111111,0.99999832788553780219047562460414406,3.1258894487301406363273528679602822e-15
-3.9355555555555555555555555555555556,0.99999811753430687218300857025832442,3.7946147148342158275059656549033958e-15
-3.92,0.99999788194602367027651951421645412,4.6036774903521328725057418161609929e-15
-3.9044444444444444444444444444444444,0.9999976182512479177678843022674466,5.5819411406109009366225936775216717e-15
-3.8888888888888888888888888888888889,0.99999732327396363631116407850312808,6.7640808932773112255952946987812025e-15
-3.8733333333333333333333333333333333,0.9999969935011657406070079995100428,8.1917282186612632635338424940094556e-15
-3.8577777777777777777777777777777778,0.99999662504969556590414820119076043,9.9148352671886554758773083037891661e-15
-3.8422222222222222222222222222222222,0.99999621363010527299387368677245485,1.1993300626085834015560898463402964e-14
-3.8266666666666666666666666666666667,0.99999575450731644058750271531255268,1.4498905188309663937212391504864739e-14
-3.8111111111111111111111111111111111,0.99999524245782284429038395787017367,1.7517615792945091915221238549299235e-14
-3.7955555555555555555555555555555556,0.9999946725030915536867525416650338,2.1147167484415464348926483535980467e-14
-3.78,0.99999403682796667406240262554730304,2.5519901342813633614799768663056272e-14
-3.7644444444444444444444444444444444,0.99999332914902514872596806058779197,3.0778620268493831013165545162421954e-14
-3.7488888888888888888888888888888889,0.99999254178324361742225021571319146,3.7099042339525638455297457852142783e-14
-3.7333333333333333333333333333333333,0.99999166628352730398975222626341374,4.4690958649854366549362634548231949e-14
-3.7177777777777777777777777777777778,0.99999069336899259007722569374296183,5.3804684318642073835760980339547722e-14
-3.7022222222222222222222222222222222,0.99998961284955927521644682474172441,6.4738700200747800147627549087419552e-14
-3.6866666666666666666666666666666667,0.99998841354445632970825286230398211,7.7848699176670008753635168565177426e-14
-3.6711111111111111111111111111111111,0.99998708319422398981359945205999052,9.3558288209729431448627263525802982e-14
-3.6555555555555555555555555555555556,0.99998560836577361140024457712424046,1.1237164097277479453441865058064327e-13
-3.64,0.99998397657639162251064639056998212,1.3485659072800207734045245249382683e-13
-3.6244444444444444444444444444444444,0.99998216751622019196584604703483759,1.6178346811826557035416831556873144e-13
-3.6088888888888888888888888888888889,0.99998016559725682837323747001487685,1.9397230854774942475003200235073057e-13
-3.5933333333333333333333333333333333,0.99997795158926840421314601514423612,2.3242828824751536211403996180947358e-13
-3.5777777777777777777777777777777778,0.99997550449284436983607238484600654,2.7834403338186253073477038086814868e-13
-3.5622222222222222222222222222222222,0.9999728013923619146874073704007823,3.3313369296016410351121324954846211e-13
-3.5466666666666666666666666666666667,0.99996981729831341948310539210608902,3.9847303793136831239979881698610724e-13
-3.5311111111111111111111111111111111,0.9999665249783776506673094142730523,4.7634662132040276142682097636184011e-13
-3.5155555555555555555555555555555556,0.99996289477659407287967375663613149,5.6910320639462991595171533190272899e-13
-3.5,0.99995889441997810702746135307893468,6.7952086962542884956997835543669954e-13
-3.4844444444444444444444444444444444,0.99995449479686225544079366079675318,8.1069810936812313428215626473373484e-13
-3.4688888888888888888888888888888889,0.99994964639685228575919174246503515,9.6684975840100414704518175331782867e-13
-3.4533333333333333333333333333333333,0.99994431324007702222739797931610008,1.1523986394859649959154004101792247e-12
-3.4377777777777777777777777777777778,0.99993845038085067772324121240897693,1.372746741172116696911488103370683e-12
-3.4222222222222222222222222222222222,0.99993200907692825612588585588789566,1.6342634823702930473126842563592064e-12
-3.4066666666666666666666666666666667,0.99992493650578703226268781769587981,1.9444542638953406430159288364591526e-12
-3.3911111111111111111111111111111111,0.99991717546319341110069615337552112,2.312157529571605033908404892317227e-12
-3.3755555555555555555555555555555556,0.99990866404326200825279339189297679,2.7477750069728434438011195412909072e-12
-3.36,0.99989933529920593950262462976541153,3.2635405365219521903694898638770979e-12
-3.3444444444444444444444444444444444,0.99988913072874612107416091727097866,3.8729750881869863366544134450911313e-12
-3.3288888888888888888888888888888889,0.99987794582150809356416964404303647,4.594530702222600082087574435352879e-12
-3.3133333333333333333333333333333333,0.9998657089186972098664722999390909,5.4473063536075413364497188115753223e-12
-3.2977777777777777777777777777777778,0.99985232911185788228936261183339801,6.454560310955356260445571798023226e-12
-3.2822222222222222222222222222222222,0.99983770843813571911119740933276386,7.6435617539110206722765989590344077e-12
-3.2666666666666666666666666666666667,0.99982174140833133122089636506309036,9.0462623766424183550361185099100716e-12
-3.2511111111111111111111111111111111,0.99980431451008949495151195395135353,1.0700076919957291688337315582862216e-11
-3.2355555555555555555555555555555556,0.99978530568548513103230932605298601,1.2648789695786694549886226997743241e-11
-3.22,0.99976458378229594021014660804627404,1.4943606740359918978297653762031928e-11
-3.2044444444444444444444444444444444,0.99974200797828563759802832253215818,1.7644376176593962440918948007939692e-11
-3.1888888888888888888888888888888889,0.99971746038376177256397288384340962,2.0816546347163296074504569042022671e-11
-3.1733333333333333333333333333333333,0.99969071550310795506152438294627808,2.4549849319341013708794107865414691e-11
-3.1577777777777777777777777777777778,0.99966163029241172470776680202598852,2.8935667702122183965204946055400208e-11
-3.1422222222222222222222222222222222,0.99963001894752824656168477144876664,3.408495661715623577942396732550068e-11
-3.1266666666666666666666666666666667,0.999595682691344142941378495942261,4.0126989504621870459161596537246872e-11
-3.1111111111111111111111111111111111,0.99955840902468450179531929622286398,4.7212287468449853570748284006968709e-11
-3.0955555555555555555555555555555556,0.99951797094700652875802889536047557,5.5516001062003424494867136790370864e-11
-3.08,0.99947412614672353013746598697289042,6.5241811771826590367045278552386858e-11
-3.0644444444444444444444444444444444,0.99942661616110350756825577893712269,7.6626430038079719737460110147816713e-11
-3.0488888888888888888888888888888889,0.99937516550579605212246780566963605,8.9944777531819359186704550425063343e-11
-3.0333333333333333333333333333333333,0.99931955577583627409115291479335994,0.00000000010549417312864987070961501326727964
-3.0177777777777777777777777777777778,0.99925933080781314703110132519455011,0.00000000012368465890554929604144790652820934
-3.0022222222222222222222222222222222,0.99919422787493541657972767284602232,0.00000000014492659658066014393938633159179677
-2.9866666666666666666666666666666667,0.99912389413057994527195547564683029,0.00000000016971697591595849322912117099894949
-2.9711111111111111111111111111111111,0.99904795491058543627646666507577589,0.00000000019863119205096429550281375151670702
-2.9555555555555555555555555555555556,0.99896601268899154960703176229644258,0.00000000023233499311080410671822000339404326
-2.94,0.99887764600761720512880517916618476,0.00000000027159818034467898407721243276865043
-2.9244444444444444444444444444444444,0.99878240838074008633457594897798164,0.00000000031731030719736020280189040189825235
-2.9088888888888888888888888888888889,0.99867982717633223867399117893221123,0.0000000003704986567411365773089103994258397
-2.8933333333333333333333333333333333,0.99856940247550836676861144415272513,0.0000000004323488141091393876668109436442351
-2.8777777777777777777777777777777778,0.99845076544596821410673566338623249,0.00000000050412794246863758299175181414705214
-2.8622222222222222222222222222222222,0.99832305096927715635101963066348847,0.00000000058759651631471598242076954727732018
-2.8466666666666666666666666666666667,0.99818581860994599710514326390596898,0.0000000006844834590826626294418975797419744
-2.8311111111111111111111111111111111,0.99803844757264496921150182521876501,0.00000000079687838874627663263251578538286452
-2.8155555555555555555555555555555556,0.99788028382033958570907212414605952,0.00000000092718528375867922773683130146046125
-2.8,0.99771063885012493706253086435803768,0.0000000010781680165220681425412615419318678
-2.7844444444444444444444444444444444,0.9975287884651694880896342576278485,0.0000000012530022105880289879978690741072116
-2.7688888888888888888888888888888889,0.9973339715463026919801537339446522,0.0000000014553342592271880995258584188149304
-2.7533333333333333333333333333333333,0.99712538882703854610712522248897002,0.0000000016893484480922712006840256043848769
-2.7377777777777777777777777777777778,0.99690250059962036604863732047121131,0.0000000019594669753907526139553182861128708
-2.7222222222222222222222222222222222,0.9966638504582830523707211509946835,0.0000000022718833932960945690308693612490413
-2.7066666666666666666666666666666667,0.99640879694236470931600589014600218,0.0000000026325694256493031091544328612757854
-2.6911111111111111111111111111111111,0.99613637621872133699090862859860711,0.0000000030487329466001684959333695455466237
-2.6755555555555555555555555555555556,0.99584558038595032758528910630149323,0.0000000035286187505178578756209019540543942
-2.66,0.99553535636417430835886496819185851,0.0000000040816516972971756768395937474998944
-2.6444444444444444444444444444444444,0.9952046048220414192132002608195757,0.0000000047185987262082371878764487231314174
-2.6288888888888888888888888888888889,0.99485217914676650233613444970375631,0.0000000054517520976833508736803235133253838
-2.6133333333333333333333333333333333,0.9944768844632666029264794813402674,0.0000000062951364998328984116932871408346156
-2.5977777777777777777777777777777778,0.99407747670866205500757265259629375,0.0000000072647429641535593146317724748402811
-2.5822222222222222222222222222222222,0.99365322905521943400152479524260792,0.0000000083772477274971031126731259231888998
-2.5666666666666666666666666666666667,0.99320169751395228115132488436068286,0.0000000096562619961275564629584579415067672
-2.5511111111111111111111111111111111,0.99272201914158543339329869569457381,0.000000011124049855530999527970522122980087
-2.5355555555555555555555555555555556,0.99221274527491941545414700544301686,0.000000012807461789637682959251426648582097
-2.52,0.99167237449956451409101281142803015,0.000000014737014829188052261015481575256142
-2.5044444444444444444444444444444444,0.99109935219854605202130753665459099,0.000000016947370942398977561744893528618783
-2.4888888888888888888888888888888889,0.99049207020494687521135677632964715,0.000000019477874696437707536069110454974332
-2.4733333333333333333333333333333333,0.98984886656597862577540068649373976,0.000000022373157104912412523486568330079918
-2.4577777777777777777777777777777778,0.98916802542590665314365917402634671,0.000000025683813327365067056457757903185773
-2.4422222222222222222222222222222222,0.98844777703525658175250692613384941,0.000000029467162712005749856691517514405495
-2.4266666666666666666666666666666667,0.98768731173802840072789725990342867,0.00000003378212512610005231522377497267296
-2.4111111111111111111111111111111111,0.98688278195429744983745290239080689,0.000000038713233709442877820699528734759053
-2.3955555555555555555555555555555556,0.98603321698440050475814344839999248,0.000000044338264360859405602087783794769137
-2.38,0.98513663444650443415339499063585953,0.000000050751016136254970626205864581943522
-2.3644444444444444444444444444444444,0.98419100026025045919696052787454475,0.000000058057411594193638493471271024208368
-2.3488888888888888888888888888888889,0.98319422956535761121412295390953939,0.000000066376986351276998205620835708456823
-2.3333333333333333333333333333333333,0.98214418781569422935108589300809385,0.000000075844551258127887445020910371875733
-2.3177777777777777777777777777777778,0.98103869205498768343364585838566603,0.0000000866120458589676263315556775916662
-2.3022222222222222222222222222222222,0.97987551238000453276571900114167163,0.000000098850603649501655183197192416221917
-2.2866666666666666666666666666666667,0.97865237359665204468072139413596812,0.00000011275285166360843337771806332627144
-2.2711111111111111111111111111111111,0.97736866341711364743990118604881233,0.00000012851370716013648118213231346612061
-2.2555555555555555555555555555555556,0.97601869441535061939988641536410874,0.00000014641734885441621921304061665117237
-2.24,0.97460169166677500094006441913326386,0.00000016671819458786480193090649631336624
-2.2244444444444444444444444444444444,0.97311521944482421682911418634327582,0.00000018972339881680515610280858651863994
-2.2088888888888888888888888888888889,0.97155680806135663104812312301298114,0.0000002157775701010603227221788222467014
-2.1933333333333333333333333333333333,0.96992395676759918145030801033747803,0.00000024526708602651416449958484953464042
-2.1777777777777777777777777777777778,0.96821413687182345364607400266629959,0.00000027862487308973618968512772025210168
-2.1622222222222222222222222222222222,0.96642479507458940866298882983947877,0.00000031633569772165489201647834010769496
-2.1466666666666666666666666666666667,0.96455335702163411586878347276803957,0.00000035894201875472738074157570239419133
-2.1311111111111111111111111111111111,0.96259723107368450807471338088120355,0.00000040705045608323710127854601297750557
-2.1155555555555555555555555555555556,0.96055651679653127810667398422663268,0.00000046126429856649794400945947497964506
-2.1,0.9584233092926344473747394213537829,0.00000052248042217539089978744788598031094
-2.0844444444444444444444444444444444,0.95619757957235963475089352714622664,0.00000059147754870055415560911881458076921
-2.0688888888888888888888888888888889,0.95387670881730768494958985923453156,0.0000006691980140437190947509084953177965
-2.0533333333333333333333333333333333,0.95145808293541581319668893262156834,0.00000075669215851075186797839241697946639
-2.0377777777777777777777777777777778,0.94893909756824092692708050042663431,0.00000085512993478800219614703373264446552
-2.0222222222222222222222222222222222,0.94631716328524867289511196585899146,0.00000096581367048784035864425287668559007
-2.0066666666666666666666666666666667,0.94358971095701376035751970257051335,0.0000010901920893749954587469784642458377
-1.9911111111111111111111111111111111,0.94075419729824387713202107611014456,0.0000012298757035934736117127478265363056
-1.9755555555555555555555555555555556,0.93781199933769080994911854378348857,0.000001386438727030644007961209530502826
-1.96,0.93475301321789574327434407049487137,0.0000015622713734002048907547115538340171
-1.9444444444444444444444444444444444,0.93157855185362028280203601154913914,0.0000017593855719650721245439720126548126
-1.9288888888888888888888888888888889,0.92828623372101799918724896103517511,0.000001980224440548175646662101328752797
-1.9133333333333333333333333333333333,0.9248737330072954100369196611917631,0.000002227494952012412539986097210288918
-1.8977777777777777777777777777777778,0.92133878592647659487939769614601267,0.0000025041944362554762746762791169220748
-1.8822222222222222222222222222222222,0.91767919711405000075636005475424307,0.0000028136395154495092131583951580249484
-1.8666666666666666666666666666666667,0.91389284608381739908492999875613584,0.000003159497670947446453104485145553287
-1.8511111111111111111111111111111111,0.9099776937294386692477037114990753,0.0000035458216538568923356551329217982256
-1.8355555555555555555555555555555556,0.90593178885238524967749634329690196,0.0000039770869655299896572242751395958907
-1.82,0.90175877382392627053872044797532258,0.0000044575748498568798166928807273488567
-1.8044444444444444444444444444444444,0.89744606973971002270760346996200763,0.0000049939724249009445227517438899993711
-1.7888888888888888888888888888888889,0.89299735431861107984016484537862848,0.0000055916922046096166745979475584148941
-1.7733333333333333333333333333333333,0.88841109297007658983037954818590072,0.0000062573448440745269508898414735798802
-1.7577777777777777777777777777777778,0.88368587135122158794097378818206247,0.0000069982061245847752682423892967237893
-1.7422222222222222222222222222222222,0.87882040163268479222291609382904172,0.0000078222784815643019951469527500487683
-1.7266666666666666666666666666666667,0.87381352864597314569335124487281643,0.0000087383576413654648006219406694306171
-1.7111111111111111111111111111111111,0.86866423589001962035104773074158104,0.0000097561047312584895925853410612718518
-1.6955555555555555555555555555555556,0.86337165137453225010491346136786529,0.000010886124247071292494930501682310329
-1.68,0.85793505327765706415906541352844147,0.0000121400482835970700165436073386378
-1.6644444444444444444444444444444444,0.85236119861137361192495861569155279,0.000013528731912013337107364423415610079
-1.6488888888888888888888888888888889,0.84663522357304858639009592128142841,0.000015069728705548260655032192857208608
-1.6333333333333333333333333333333333,0.84076402402059468117442291339478475,0.00001677661653894701511787674275277266
-1.6177777777777777777777777777777778,0.83474753066325019788491597651351698,0.000018666118901653952551875636319378134
-1.6022222222222222222222222222222222,0.82858584909770021032196880089653416,0.000020756517495809047779365769197800968
-1.5866666666666666666666666666666667,0.82227926388906515862922502091326176,0.000023067783752063048962235112589479979
-1.5711111111111111111111111111111111,0.81582824231550354153068127867907106,0.000025621720056662237636111718309852714
-1.5555555555555555555555555555555556,0.80923343775704642700254751962163769,0.000028442111272958169980645053623706964
-1.54,0.80249569271012181487760638691465186,0.000031554887163102321934479678877316803
-1.5244444444444444444444444444444444,0.79561604141016547641173719104942395,0.00003498829633799400047613615634330495
-1.5088888888888888888888888888888889,0.78860489613893350851945323064772418,0.00003876794839942089560500705125107919
-1.4933333333333333333333333333333333,0.78144549201711133916554547527615813,0.000042937067484142347769266909088223156
-1.4777777777777777777777777777777778,0.77414845256235396606904534818909033,0.000047527355899693724249581984904661848
-1.4622222222222222222222222222222222,0.76671559654150531448955883731266891,0.000052578326680874788381377560846972692
-1.4466666666666666666666666666666667,0.75914894115591740288525550006607402,0.000058132877536591679800052680338379165
-1.4311111111111111111111111111111111,0.75145070200777001407114184540794408,0.000064237548310983051802148829023661569
-1.4155555555555555555555555555555556,0.7436232925851711043879713974026782,0.000070942794934652401580196193884862935
-1.4,0.73566932325908344874898544457858435,0.000078303280641923797317154768060951233
-1.3844444444444444444444444444444444,0.72759159978677508108875345933304103,0.000086378185241662895868084218958262755
-1.3688888888888888888888888888888889,0.71940381786253269052599210152846946,0.000095219532406165281501857290263485586
-1.3533333333333333333333333333333333,0.71108792458920021201808333145821649,0.00010491939564322878335118567441424864
-1.3377777777777777777777777777777778,0.70265783983261908874549703247848655,0.00011554159631148413340992848238878942
-1.3222222222222222222222222222222222,0.69411712573476053045705229074564666,0.00012716685433850716365980828700004804
-1.3066666666666666666666666666666667,0.68546952488029679887234502598896785,0.00013988225089788005886191958525217
-1.2911111111111111111111111111111111,0.67671895582641223076575572992729863,0.00015378166283244470373339950671023905
-1.2755555555555555555555555555555556,0.6678695081515521498514728426121743,0.00016896622073723456503869974240892136
-1.26,0.65892543703218520174989776640002748,0.00018554479147450708185537443729903658
-1.2444444444444444444444444444444444,0.64989115735847221677225412757960541,0.00020363448587319684216902685628061236
-1.2288888888888888888888888888888889,0.64077123740152733901951094513968139,0.00022336119233983924609068717118572044
-1.2133333333333333333333333333333333,0.63158236050774932239313051535751586,0.0002448310809255736770378335042983767
-1.1977777777777777777777777777777778,0.6223055394102804759171011549539174,0.00026824483339080363146109258899244093
-1.1822222222222222222222222222222222,0.61295762684978708841127235908722389,0.0002937314589829767732902750891918027
-1.1666666666666666666666666666666667,0.60354373271172178912823020603870962,0.00032145781939640777199744610513307664
-1.1511111111111111111111111111111111,0.59406908244816605993817314000927869,0.00035160263269206112467838156864702046
-1.1355555555555555555555555555555556,0.58453900841648553283457993642728585,0.00038435717545214570086984992929049403
-1.12,0.57495894090460177106589821831970253,0.0004199260147198101382278052826690995
-1.1044444444444444444444444444444444,0.56533439886796741820127928502609533,0.0004585277700210690538549365700717883
-1.0888888888888888888888888888888889,0.55567098040451938485305373791791319,0.00050039590567886846468320518421288337
-1.0733333333333333333333333333333333,0.54597435299496844805571736313534049,0.00054577955353353823172253965736916719
-1.0577777777777777777777777777777778,0.53626285482513062003319405537835486,0.00059487811527594135311079725300606324
-1.0422222222222222222222222222222222,0.52651706385155931658164655177006846,0.0006481016936935045189296876070887407
-1.0266666666666666666666666666666667,0.51675537460114769095360597298719585,0.00070569046500682617091577371500103035
-1.0111111111111111111111111111111111,0.50698363077390479418077736858536268,0.00076796503879043290408965369835771037
-0.99555555555555555555555555555555555,0.49720769416688917306994776475150652,0.00083526625674687091259507255539077359
-0.98,0.48743343412733703378873258822649139,0.00090795619375209548001851984514193221
-0.96444444444444444444444444444444444,0.47766671698313488029812171039497872,0.00098641918667687009429142187212662488
-0.94888888888888888888888888888888889,0.46791339548235297556210374996882303,0.0010710628900068179009218548746385213
-0.93333333333333333333333333333333333,0.45817929827351791397240518409975554,0.0011623193571052329020588810781947191
-0.91777777777777777777777777777777778,0.44847021945813152480748115809500199,0.0012606461457750371260724866787987362
-0.90222222222222222222222222222222222,0.43880442255738242300022798350364026,0.0013663851905971471976762378441184636
-0.88666666666666666666666666666666667,0.42916252217305304315491417160502984,0.0014803221838718310459612759402595273
-0.87111111111111111111111111111111111,0.41956270522053866187608281785347338,0.001602865865165643280693371368383448
-0.85555555555555555555555555555555556,0.41001052576892703876803736681471887,0.0017345872535508150657701241839738489
-0.84,0.40051145327318457205735445519624027,0.0018760887020011706256819293729080126
-0.82444444444444444444444444444444444,0.391070863195504524936848463503385,0.0020280051089163976408994854436815805
-0.80888888888888888888888888888888889,0.38169402790382597609693170065485147,0.0021910051385772919934090249861699611
-0.79333333333333333333333333333333333,0.37238610787313200355332347995440799,0.0023657924473959416761873113921998818
-0.77777777777777777777777777777777778,0.36315214321389116078609857695187892,0.0025531069125724403183464402335283702
-0.76222222222222222222222222222222222,0.3539970455506678783081456829573296,0.0027537258595136064048262379309105619
-0.74666666666666666666666666666666667,0.34493728474790683334164038511127962,0.0029681776262405981104518137515214122
-0.73111111111111111111111111111111111,0.33595398637393427030319895467821503,0.0031978734372298946666435928278990542
-0.71555555555555555555555555555555556,0.32706343773138217737968242789596254,0.0034434413783144141725161244682253376
-0.7,0.31826996322206997213793007379037313,0.0037058206195645596988798415146357333
-0.68444444444444444444444444444444445,0.30957772411697145865187992135043743,0.0039859937505622805965920122363075133
-0.66888888888888888888888888888888889,0.30099071293384113399872551297906281,0.0042849879093542537102139164668001454
-0.65333333333333333333333333333333334,0.29251274828237791704558308218739151,0.0046038758774094450431347183820037881
-0.63777777777777777777777777777777778,0.28414747018678360772417570346311209,0.0049437771348916240569266693026338152
-0.62222222222222222222222222222222222,0.27589833589374559359342244886816248,0.0053058588703229626980853423355747066
-0.60666666666666666666666666666666667,0.26777906830778969702852776063129325,0.0056908219412125666955225648941140765
-0.59111111111111111111111111111111111,0.25977168366040236743941874129381268,0.0061009289775339723959514882952170766
-0.57555555555555555555555555555555556,0.25188967975247904543075266808447008,0.0065370118520647093579563950912654246
-0.56,0.24413575094032473347925266956474029,0.0070004374849251341952595718331452814
-0.54444444444444444444444444444444445,0.23651239527836328761361165426669607,0.0074926246456139269242972586491212227
-0.52888888888888888888888888888888889,0.22902191330503406402912637547430639,0.0080150445530965015157065977378771066
-0.51333333333333333333333333333333334,0.22166640731934122102602741622287039,0.0085692213833356731314968325995957575
-0.49777777777777777777777777777777778,0.21444778114180284215510378236214079,0.0091567326769816217657611097222290388
-0.48222222222222222222222222222222222,0.2073677403519270997301669025684987,0.0097792096398613886161731543382753911
-0.46666666666666666666666666666666667,0.20042779299278420862401068378884448,0.010438337328858494695285699439054933
-0.45111111111111111111111111111111111,0.1936379651664596328551351938844734,0.011134925597434474567220677447459648
-0.43555555555555555555555555555555556,0.18698175964668596936525621023355819,0.011872572270587784171580524999479349
-0.42,0.18046899920774042986967683717245678,0.012652245504205850927268849906711324
-0.40444444444444444444444444444444445,0.17410041796783418349621758696609625,0.013475844997640405225819503106523837
-0.38888888888888888888888888888888889,0.16787656260392088587440696151337638,0.014345323253304351748321058062898142
-0.37333333333333333333333333333333334,0.16179779558226146644731501854889675,0.015262684920611697718911712828593889
-0.35777777777777777777777777777777778,0.15586429875281577007672473532931887,0.016229985974724690739155073646838895
-0.34222222222222222222222222222222222,0.15007607728842690346977457890132761,0.01724933272349282604794846461970542
-0.32666666666666666666666666666666667,0.14443296394898077786768400440465905,0.018322880636239671755633925173776119
-0.31111111111111111111111111111111111,0.13893462365004071859092390035861592,0.019452832988366968022714652627497835
-0.29555555555555555555555555555555556,0.13358740057736079678749091936966596,0.020639860747561088692175731818603445
-0.28,0.12837676870643546836715598442710965,0.021889334656909209956598366064110679
-0.26444444444444444444444444444444445,0.12330894850781722124136822730702928,0.023202090181928936426069034331069384
-0.24888888888888888888888888888888889,0.11838298473509529607921236897693803,0.024580504343935129031209892039518275
-0.23333333333333333333333333333333333,0.11359778094776154852309274342933538,0.026026992250113741130352635512724628
-0.21777777777777777777777777777777778,0.10895210545054263664843755383783214,0.027544004529686072159230484533452767
-0.20222222222222222222222222222222222,0.10444459738311984215449330275641277,0.029134024556109313032068602291419692
-0.18666666666666666666666666666666667,0.10007377293788723623202346741491033,0.030799565453355264879335012491409632
-0.17111111111111111111111111111111111,0.0958380316835961098754664814259672,0.0325431668850099219465159769089823
-0.15555555555555555555555555555555556,0.091735662973016660529317747698219005,0.034367391625676762209073675980933629
-0.14,0.087769911668152684377451509140986103,0.036272296212431071183944732693993317
-0.12444444444444444444444444444444445,0.083928580972087567382250040857526809,0.038265417062408970616630492953568733
-0.10888888888888888888888888888888889,0.08021489712016556800718452027612318,0.04034694728546183249869169922206024
-0.093333333333333333333333333333333331,0.076626773720168779915096872724105057,0.042519503480289849639728918760305266
-0.077777777777777777777777777777777779,0.073162046718410875018579240925023694,0.044785704992405868319754652940039053
-0.062222222222222222222222222222222221,0.06981848087794019060453621629295986,0.04714816921466552262146949903281222
-0.046666666666666666666666666666666669,0.066593776201947952453017974824336306,0.049609506690062433152042203915575892
-0.03111111111111111111111111111111111,0.063485574285342103534249330309633818,0.052172316023337194151333842379911493
-0.015555555555555555555555555555555558,0.060491464578297003324351902423277384,0.054839178608929865353964425356568053
0.0,0.057608990546475901287582186503321946,0.057608990546475901287582186503321946
0.015555555555555555555555555555555558,0.054839178608929865353964425356568053,0.060491464578297003324351902423277384
0.03111111111111111111111111111111111,0.052172316023337194151333842379911493,0.063485574285342103534249330309633818
0.046666666666666666666666666666666669,0.049609506690062433152042203915575892,0.066593776201947952453017974824336306
0.062222222222222222222222222222222221,0.04714816921466552262146949903281222,0.06981848087794019060453621629295986
0.077777777777777777777777777777777779,0.044785704992405868319754652940039053,0.073162046718410875018579240925023694
0.093333333333333333333333333333333331,0.042519503480289849639728918760305266,0.076626773720168779915096872724105057
0.10888888888888888888888888888888889,0.04034694728546183249869169922206024,0.08021489712016556800718452027612318
0.12444444444444444444444444444444445,0.038265417062408970616630492953568733,0.083928580972087567382250040857526809
0.14,0.036272296212431071183944732693993317,0.087769911668152684377451509140986103
0.15555555555555555555555555555555556,0.034367391625676762209073675980933629,0.091735662973016660529317747698219005
0.17111111111111111111111111111111111,0.0325431668850099219465159769089823,0.0958380316835961098754664814259672
0.18666666666666666666666666666666667,0.030799565453355264879335012491409632,0.10007377293788723623202346741491033
0.20222222222222222222222222222222222,0.029134024556109313032068602291419692,0.10444459738311984215449330275641277
0.21777777777777777777777777777777778,0.027544004529686072159230484533452767,0.10895210545054263664843755383783214
0.23333333333333333333333333333333333,0.026026992250113741130352635512724628,0.11359778094776154852309274342933538
0.24888888888888888888888888888888889,0.024580504343935129031209892039518275,0.11838298473509529607921236897693803
0.26444444444444444444444444444444445,0.023202090181928936426069034331069384,0.12330894850781722124136822730702928
0.28,0.021889334656909209956598366064110679,0.12837676870643546836715598442710965
0.29555555555555555555555555555555556,0.020639860747561088692175731818603445,0.13358740057736079678749091936966596
0.31111111111111111111111111111111111,0.019452832988366968022714652627497835,0.13893462365004071859092390035861592
0.32666666666666666666666666666666667,0.018322880636239671755633925173776119,0.14443296394898077786768400440465905
0.34222222222222222222222222222222222,0.01724933272349282604794846461970542,0.15007607728842690346977457890132761
0.35777777777777777777777777777777778,0.016229985974724690739155073646838895,0.15586429875281577007672473532931887
0.37333333333333333333333333333333334,0.015262684920611697718911712828593889,0.16179779558226146644731501854889675
0.38888888888888888888888888888888889,0.014345323253304351748321058062898142,0.16787656260392088587440696151337638
0.40444444444444444444444444444444445,0.013475844997640405225819503106523837,0.17410041796783418349621758696609625
0.42,0.012652245504205850927268849906711324,0.18046899920774042986967683717245678
0.43555555555555555555555555555555556,0.011872572270587784171580524999479349,0.18698175964668596936525621023355819
0.45111111111111111111111111111111111,0.011134925597434474567220677447459648,0.1936379651664596328551351938844734
0.46666666666666666666666666666666667,0.010438337328858494695285699439054933,0.20042779299278420862401068378884448
0.48222222222222222222222222222222223,0.0097792096398613886161731543382753911,0.2073677403519270997301669025684987
0.49777777777777777777777777777777778,0.0091567326769816217657611097222290388,0.21444778114180284215510378236214079
0.51333333333333333333333333333333334,0.0085692213833356731314968325995957575,0.22166640731934122102602741622287039
0.52888888888888888888888888888888889,0.0080150445530965015157065977378771066,0.22902191330503406402912637547430639
0.54444444444444444444444444444444445,0.0074926246456139269242972586491212227,0.23651239527836328761361165426669607
0.56,0.0070004374849251341952595718331452814,0.24413575094032473347925266956474029
0.57555555555555555555555555555555556,0.0065370118520647093579563950912654246,0.25188967975247904543075266808447008
0.59111111111111111111111111111111111,0.0061009289775339723959514882952170766,0.25977168366040236743941874129381268
0.60666666666666666666666666666666667,0.0056908219412125666955225648941140765,0.26777906830778969702852776063129325
0.62222222222222222222222222222222222,0.0053058588703229626980853423355747066,0.27589833589374559359342244886816248
0.63777777777777777777777777777777778,0.0049437771348916240569266693026338152,0.28414747018678360772417570346311209
0.65333333333333333333333333333333334,0.0046038758774094450431347183820037881,0.29251274828237791704558308218739151
0.66888888888888888888888888888888889,0.0042849879093542537102139164668001454,0.30099071293384113399872551297906281
0.68444444444444444444444444444444445,0.0039859937505622805965920122363075133,0.30957772411697145865187992135043743
0.7,0.0037058206195645596988798415146357333,0.31826996322206997213793007379037313
0.71555555555555555555555555555555556,0.0034434413783144141725161244682253376,0.32706343773138217737968242789596254
0.73111111111111111111111111111111111,0.0031978734372298946666435928278990542,0.33595398637393427030319895467821503
0.74666666666666666666666666666666667,0.0029681776262405981104518137515214122,0.34493728474790683334164038511127962
0.76222222222222222222222222222222222,0.0027537258595136064048262379309105619,0.3539970455506678783081456829573296
0.77777777777777777777777777777777778,0.0025531069125724403183464402335283702,0.36315214321389116078609857695187892
0.79333333333333333333333333333333333,0.0023657924473959416761873113921998818,0.37238610787313200355332347995440799
0.80888888888888888888888888888888889,0.0021910051385772919934090249861699611,0.38169402790382597609693170065485147
0.82444444444444444444444444444444444,0.0020280051089163976408994854436815805,0.391070863195504524936848463503385
0.84,0.0018760887020011706256819293729080126,0.40051145327318457205735445519624027
0.85555555555555555555555555555555556,0.0017345872535508150657701241839738489,0.41001052576892703876803736681471887
0.87111111111111111111111111111111111,0.001602865865165643280693371368383448,0.41956270522053866187608281785347338
0.88666666666666666666666666666666667,0.0014803221838718310459612759402595273,0.42916252217305304315491417160502984
0.90222222222222222222222222222222222,0.0013663851905971471976762378441184636,0.43880442255738242300022798350364026
0.91777777777777777777777777777777778,0.0012606461457750371260724866787987362,0.44847021945813152480748115809500199
0.93333333333333333333333333333333333,0.0011623193571052329020588810781947191,0.45817929827351791397240518409975554
0.94888888888888888888888888888888889,0.0010710628900068179009218548746385213,0.46791339548235297556210374996882303
0.96444444444444444444444444444444444,0.00098641918667687009429142187212662488,0.47766671698313488029812171039497872
0.98,0.00090795619375209548001851984514193221,0.48743343412733703378873258822649139
0.99555555555555555555555555555555555,0.00083526625674687091259507255539077359,0.49720769416688917306994776475150652
1.0111111111111111111111111111111111,0.00076796503879043290408965369835771037,0.50698363077390479418077736858536268
1.0266666666666666666666666666666667,0.00070569046500682617091577371500103035,0.51675537460114769095360597298719585
1.0422222222222222222222222222222222,0.0006481016936935045189296876070887407,0.52651706385155931658164655177006846
1.0577777777777777777777777777777778,0.00059487811527594135311079725300606324,0.53626285482513062003319405537835486
1.0733333333333333333333333333333333,0.00054577955353353823172253965736916719,0.54597435299496844805571736313534049
1.0888888888888888888888888888888889,0.00050039590567886846468320518421288337,0.55567098040451938485305373791791319
1.1044444444444444444444444444444445,0.0004585277700210690538549365700717883,0.56533439886796741820127928502609533
1.12,0.0004199260147198101382278052826690995,0.57495894090460177106589821831970253
1.1355555555555555555555555555555556,0.00038435717545214570086984992929049403,0.58453900841648553283457993642728585
1.1511111111111111111111111111111111,0.00035160263269206112467838156864702046,0.59406908244816605993817314000927869
1.1666666666666666666666666666666667,0.00032145781939640777199744610513307664,0.60354373271172178912823020603870962
1.1822222222222222222222222222222222,0.0002937314589829767732902750891918027,0.61295762684978708841127235908722389
1.1977777777777777777777777777777778,0.00026824483339080363146109258899244093,0.6223055394102804759171011549539174
1.2133333333333333333333333333333333,0.0002448310809255736770378335042983767,0.63158236050774932239313051535751586
1.2288888888888888888888888888888889,0.00022336119233983924609068717118572044,0.64077123740152733901951094513968139
1.2444444444444444444444444444444444,0.00020363448587319684216902685628061236,0.64989115735847221677225412757960541
1.26,0.00018554479147450708185537443729903658,0.65892543703218520174989776640002748
1.2755555555555555555555555555555556,0.00016896622073723456503869974240892136,0.6678695081515521498514728426121743
1.2911111111111111111111111111111111,0.00015378166283244470373339950671023905,0.67671895582641223076575572992729863
1.3066666666666666666666666666666667,0.00013988225089788005886191958525217,0.68546952488029679887234502598896785
1.3222222222222222222222222222222222,0.00012716685433850716365980828700004804,0.69411712573476053045705229074564666
1.3377777777777777777777777777777778,0.00011554159631148413340992848238878942,0.70265783983261908874549703247848655
1.3533333333333333333333333333333333,0.00010491939564322878335118567441424864,0.71108792458920021201808333145821649
1.3688888888888888888888888888888889,0.000095219532406165281501857290263485586,0.71940381786253269052599210152846946
1.3844444444444444444444444444444444,0.000086378185241662895868084218958262755,0.72759159978677508108875345933304103
1.4,0.000078303280641923797317154768060951233,0.73566932325908344874898544457858435
1.4155555555555555555555555555555556,0.000070942794934652401580196193884862935,0.7436232925851711043879713974026782
1.4311111111111111111111111111111111,0.000064237548310983051802148829023661569,0.75145070200777001407114184540794408
1.4466666666666666666666666666666667,0.000058132877536591679800052680338379165,0.75914894115591740288525550006607402
1.4622222222222222222222222222222222,0.000052578326680874788381377560846972692,0.76671559654150531448955883731266891
1.4777777777777777777777777777777778,0.000047527355899693724249581984904661848,0.77414845256235396606904534818909033
1.4933333333333333333333333333333333,0.000042937067484142347769266909088223156,0.78144549201711133916554547527615813
1.5088888888888888888888888888888889,0.00003876794839942089560500705125107919,0.78860489613893350851945323064772418
1.5244444444444444444444444444444444,0.00003498829633799400047613615634330495,0.79561604141016547641173719104942395
1.54,0.000031554887163102321934479678877316803,0.80249569271012181487760638691465186
1.5555555555555555555555555555555556,0.000028442111272958169980645053623706964,0.80923343775704642700254751962163769
1.5711111111111111111111111111111111,0.000025621720056662237636111718309852714,0.81582824231550354153068127867907106
1.5866666666666666666666666666666667,0.000023067783752063048962235112589479979,0.82227926388906515862922502091326176
1.6022222222222222222222222222222222,0.000020756517495809047779365769197800968,0.82858584909770021032196880089653416
1.6177777777777777777777777777777778,0.000018666118901653952551875636319378134,0.83474753066325019788491597651351698
1.6333333333333333333333333333333333,0.00001677661653894701511787674275277266,0.84076402402059468117442291339478475
1.6488888888888888888888888888888889,0.000015069728705548260655032192857208608,0.84663522357304858639009592128142841
1.6644444444444444444444444444444444,0.000013528731912013337107364423415610079,0.85236119861137361192495861569155279
1.68,0.0000121400482835970700165436073386378,0.85793505327765706415906541352844147
1.6955555555555555555555555555555556,0.000010886124247071292494930501682310329,0.86337165137453225010491346136786529
1.7111111111111111111111111111111111,0.0000097561047312584895925853410612718518,0.86866423589001962035104773074158104
1.7266666666666666666666666666666667,0.0000087383576413654648006219406694306171,0.87381352864597314569335124487281643
1.7422222222222222222222222222222222,0.0000078222784815643019951469527500487683,0.87882040163268479222291609382904172
1.7577777777777777777777777777777778,0.0000069982061245847752682423892967237893,0.88368587135122158794097378818206247
1.7733333333333333333333333333333333,0.0000062573448440745269508898414735798802,0.88841109297007658983037954818590072
1.7888888888888888888888888888888889,0.0000055916922046096166745979475584148941,0.89299735431861107984016484537862848
1.8044444444444444444444444444444444,0.0000049939724249009445227517438899993711,0.89744606973971002270760346996200763
1.82,0.0000044575748498568798166928807273488567,0.90175877382392627053872044797532258
1.8355555555555555555555555555555556,0.0000039770869655299896572242751395958907,0.90593178885238524967749634329690196
1.8511111111111111111111111111111111,0.0000035458216538568923356551329217982256,0.9099776937294386692477037114990753
1.8666666666666666666666666666666667,0.000003159497670947446453104485145553287,0.91389284608381739908492999875613584
1.8822222222222222222222222222222222,0.0000028136395154495092131583951580249484,0.91767919711405000075636005475424307
1.8977777777777777777777777777777778,0.0000025041944362554762746762791169220748,0.92133878592647659487939769614601267
1.9133333333333333333333333333333333,0.000002227494952012412539986097210288918,0.9248737330072954100369196611917631
1.9288888888888888888888888888888889,0.000001980224440548175646662101328752797,0.92828623372101799918724896103517511
1.9444444444444444444444444444444444,0.0000017593855719650721245439720126548126,0.93157855185362028280203601154913914
1.96,0.0000015622713734002048907547115538340171,0.93475301321789574327434407049487137
1.9755555555555555555555555555555556,0.000001386438727030644007961209530502826,0.93781199933769080994911854378348857
1.9911111111111111111111111111111111,0.0000012298757035934736117127478265363056,0.94075419729824387713202107611014456
2.0066666666666666666666666666666667,0.0000010901920893749954587469784642458377,0.94358971095701376035751970257051335
2.0222222222222222222222222222222222,0.00000096581367048784035864425287668559007,0.94631716328524867289511196585899146
2.0377777777777777777777777777777778,0.00000085512993478800219614703373264446552,0.94893909756824092692708050042663431
2.0533333333333333333333333333333333,0.00000075669215851075186797839241697946639,0.95145808293541581319668893262156834
2.0688888888888888888888888888888889,0.0000006691980140437190947509084953177965,0.95387670881730768494958985923453156
2.0844444444444444444444444444444444,0.00000059147754870055415560911881458076921,0.95619757957235963475089352714622664
2.1,0.00000052248042217539089978744788598031094,0.9584233092926344473747394213537829
2.1155555555555555555555555555555556,0.00000046126429856649794400945947497964506,0.96055651679653127810667398422663268
2.1311111111111111111111111111111111,0.00000040705045608323710127854601297750557,0.96259723107368450807471338088120355
2.1466666666666666666666666666666667,0.00000035894201875472738074157570239419133,0.96455335702163411586878347276803957
2.1622222222222222222222222222222222,0.00000031633569772165489201647834010769496,0.96642479507458940866298882983947877
2.1777777777777777777777777777777778,0.00000027862487308973618968512772025210168,0.96821413687182345364607400266629959
2.1933333333333333333333333333333333,0.00000024526708602651416449958484953464042,0.96992395676759918145030801033747803
2.2088888888888888888888888888888889,0.0000002157775701010603227221788222467014,0.97155680806135663104812312301298114
2.2244444444444444444444444444444444,0.00000018972339881680515610280858651863994,0.97311521944482421682911418634327582
2.24,0.00000016671819458786480193090649631336624,0.97460169166677500094006441913326386
2.2555555555555555555555555555555556,0.00000014641734885441621921304061665117237,0.97601869441535061939988641536410874
2.2711111111111111111111111111111111,0.00000012851370716013648118213231346612061,0.97736866341711364743990118604881233
2.2866666666666666666666666666666667,0.00000011275285166360843337771806332627144,0.97865237359665204468072139413596812
2.3022222222222222222222222222222222,0.000000098850603649501655183197192416221917,0.97987551238000453276571900114167163
2.3177777777777777777777777777777778,0.0000000866120458589676263315556775916662,0.98103869205498768343364585838566603
2.3333333333333333333333333333333333,0.000000075844551258127887445020910371875733,0.98214418781569422935108589300809385
2.3488888888888888888888888888888889,0.000000066376986351276998205620835708456823,0.98319422956535761121412295390953939
2.3644444444444444444444444444444444,0.000000058057411594193638493471271024208368,0.98419100026025045919696052787454475
2.38,0.000000050751016136254970626205864581943522,0.98513663444650443415339499063585953
2.3955555555555555555555555555555555,0.000000044338264360859405602087783794769137,0.98603321698440050475814344839999248
2.4111111111111111111111111111111111,0.000000038713233709442877820699528734759053,0.98688278195429744983745290239080689
2.4266666666666666666666666666666667,0.00000003378212512610005231522377497267296,0.98768731173802840072789725990342867
2.4422222222222222222222222222222222,0.000000029467162712005749856691517514405495,0.98844777703525658175250692613384941
2.4577777777777777777777777777777778,0.000000025683813327365067056457757903185773,0.98916802542590665314365917402634671
2.4733333333333333333333333333333333,0.000000022373157104912412523486568330079918,0.98984886656597862577540068649373976
2.4888888888888888888888888888888889,0.000000019477874696437707536069110454974332,0.99049207020494687521135677632964715
2.5044444444444444444444444444444444,0.000000016947370942398977561744893528618783,0.99109935219854605202130753665459099
2.52,0.000000014737014829188052261015481575256142,0.99167237449956451409101281142803015
2.5355555555555555555555555555555556,0.000000012807461789637682959251426648582097,0.99221274527491941545414700544301686
2.5511111111111111111111111111111111,0.000000011124049855530999527970522122980087,0.99272201914158543339329869569457381
2.5666666666666666666666666666666667,0.0000000096562619961275564629584579415067672,0.99320169751395228115132488436068286
2.5822222222222222222222222222222222,0.0000000083772477274971031126731259231888998,0.99365322905521943400152479524260792
2.5977777777777777777777777777777778,0.0000000072647429641535593146317724748402811,0.99407747670866205500757265259629375
2.6133333333333333333333333333333333,0.0000000062951364998328984116932871408346156,0.9944768844632666029264794813402674
2.6288888888888888888888888888888889,0.0000000054517520976833508736803235133253838,0.99485217914676650233613444970375631
2.6444444444444444444444444444444444,0.0000000047185987262082371878764487231314174,0.9952046048220414192132002608195757
2.66,0.0000000040816516972971756768395937474998944,0.99553535636417430835886496819185851
2.6755555555555555555555555555555556,0.0000000035286187505178578756209019540543942,0.99584558038595032758528910630149323
2.6911111111111111111111111111111111,0.0000000030487329466001684959333695455466237,0.99613637621872133699090862859860711
2.7066666666666666666666666666666667,0.0000000026325694256493031091544328612757854,0.99640879694236470931600589014600218
2.7222222222222222222222222222222222,0.0000000022718833932960945690308693612490413,0.9966638504582830523707211509946835
2.7377777777777777777777777777777778,0.0000000019594669753907526139553182861128708,0.99690250059962036604863732047121131
2.7533333333333333333333333333333333,0.0000000016893484480922712006840256043848769,0.99712538882703854610712522248897002
2.7688888888888888888888888888888889,0.0000000014553342592271880995258584188149304,0.9973339715463026919801537339446522
2.7844444444444444444444444444444444,0.0000000012530022105880289879978690741072116,0.9975287884651694880896342576278485
2.8,0.0000000010781680165220681425412615419318678,0.99771063885012493706253086435803768
2.8155555555555555555555555555555556,0.00000000092718528375867922773683130146046125,0.99788028382033958570907212414605952
2.8311111111111111111111111111111111,0.00000000079687838874627663263251578538286452,0.99803844757264496921150182521876501
2.8466666666666666666666666666666667,0.0000000006844834590826626294418975797419744,0.99818581860994599710514326390596898
2.8622222222222222222222222222222222,0.00000000058759651631471598242076954727732018,0.99832305096927715635101963066348847
2.8777777777777777777777777777777778,0.00000000050412794246863758299175181414705214,0.99845076544596821410673566338623249
2.8933333333333333333333333333333333,0.0000000004323488141091393876668109436442351,0.99856940247550836676861144415272513
2.9088888888888888888888888888888889,0.0000000003704986567411365773089103994258397,0.99867982717633223867399117893221123
2.9244444444444444444444444444444444,0.00000000031731030719736020280189040189825235,0.99878240838074008633457594897798164
2.94,0.00000000027159818034467898407721243276865043,0.99887764600761720512880517916618476
2.9555555555555555555555555555555556,0.00000000023233499311080410671822000339404326,0.99896601268899154960703176229644258
2.9711111111111111111111111111111111,0.00000000019863119205096429550281375151670702,0.99904795491058543627646666507577589
2.9866666666666666666666666666666667,0.00000000016971697591595849322912117099894949,0.99912389413057994527195547564683029
3.0022222222222222222222222222222222,0.00000000014492659658066014393938633159179677,0.99919422787493541657972767284602232
3.0177777777777777777777777777777778,0.00000000012368465890554929604144790652820934,0.99925933080781314703110132519455011
3.0333333333333333333333333333333333,0.00000000010549417312864987070961501326727964,0.99931955577583627409115291479335994
3.0488888888888888888888888888888889,8.9944777531819359186704550425063343e-11,0.99937516550579605212246780566963605
3.0644444444444444444444444444444444,7.6626430038079719737460110147816713e-11,0.99942661616110350756825577893712269
3.08,6.5241811771826590367045278552386858e-11,0.99947412614672353013746598697289042
3.0955555555555555555555555555555556,5.5516001062003424494867136790370864e-11,0.99951797094700652875802889536047557
3.1111111111111111111111111111111111,4.7212287468449853570748284006968709e-11,0.99955840902468450179531929622286398
3.1266666666666666666666666666666667,4.0126989504621870459161596537246872e-11,0.999595682691344142941378495942261
3.1422222222222222222222222222222222,3.408495661715623577942396732550068e-11,0.99963001894752824656168477144876664
3.1577777777777777777777777777777778,2.8935667702122183965204946055400208e-11,0.99966163029241172470776680202598852
3.1733333333333333333333333333333333,2.4549849319341013708794107865414691e-11,0.99969071550310795506152438294627808
3.1888888888888888888888888888888889,2.0816546347163296074504569042022671e-11,0.99971746038376177256397288384340962
3.2044444444444444444444444444444444,1.7644376176593962440918948007939692e-11,0.99974200797828563759802832253215818
3.22,1.4943606740359918978297653762031928e-11,0.99976458378229594021014660804627404
3.2355555555555555555555555555555556,1.2648789695786694549886226997743241e-11,0.99978530568548513103230932605298601
3.2511111111111111111111111111111111,1.0700076919957291688337315582862216e-11,0.99980431451008949495151195395135353
3.2666666666666666666666666666666667,9.0462623766424183550361185099100716e-12,0.99982174140833133122089636506309036
3.2822222222222222222222222222222222,7.6435617539110206722765989590344077e-12,0.99983770843813571911119740933276386
3.2977777777777777777777777777777778,6.454560310955356260445571798023226e-12,0.99985232911185788228936261183339801
3.3133333333333333333333333333333333,5.4473063536075413364497188115753223e-12,0.9998657089186972098664722999390909
3.3288888888888888888888888888888889,4.594530702222600082087574435352879e-12,0.99987794582150809356416964404303647
3.3444444444444444444444444444444444,3.8729750881869863366544134450911313e-12,0.99988913072874612107416091727097866
3.36,3.2635405365219521903694898638770979e-12,0.99989933529920593950262462976541153
3.3755555555555555555555555555555556,2.7477750069728434438011195412909072e-12,0.99990866404326200825279339189297679
3.3911111111111111111111111111111111,2.312157529571605033908404892317227e-12,0.99991717546319341110069615337552112
3.4066666666666666666666666666666667,1.9444542638953406430159288364591526e-12,0.99992493650578703226268781769587981
3.4222222222222222222222222222222222,1.6342634823702930473126842563592064e-12,0.99993200907692825612588585588789566
3.4377777777777777777777777777777778,1.372746741172116696911488103370683e-12,0.99993845038085067772324121240897693
3.4533333333333333333333333333333333,1.1523986394859649959154004101792247e-12,0.99994431324007702222739797931610008
3.4688888888888888888888888888888889,9.6684975840100414704518175331782867e-13,0.99994964639685228575919174246503515
3.4844444444444444444444444444444444,8.1069810936812313428215626473373484e-13,0.99995449479686225544079366079675318
3.5,6.7952086962542884956997835543669954e-13,0.99995889441997810702746135307893468
3.5155555555555555555555555555555556,5.6910320639462991595171533190272899e-13,0.99996289477659407287967375663613149
3.5311111111111111111111111111111111,4.7634662132040276142682097636184011e-13,0.9999665249783776506673094142730523
3.5466666666666666666666666666666667,3.9847303793136831239979881698610724e-13,0.99996981729831341948310539210608902
3.5622222222222222222222222222222222,3.3313369296016410351121324954846211e-13,0.9999728013923619146874073704007823
3.5777777777777777777777777777777778,2.7834403338186253073477038086814868e-13,0.99997550449284436983607238484600654
3.5933333333333333333333333333333333,2.3242828824751536211403996180947358e-13,0.99997795158926840421314601514423612
3.6088888888888888888888888888888889,1.9397230854774942475003200235073057e-13,0.99998016559725682837323747001487685
3.6244444444444444444444444444444444,1.6178346811826557035416831556873144e-13,0.99998216751622019196584604703483759
3.64,1.3485659072800207734045245249382683e-13,0.99998397657639162251064639056998212
3.6555555555555555555555555555555556,1.1237164097277479453441865058064327e-13,0.99998560836577361140024457712424046
3.6711111111111111111111111111111111,9.3558288209729431448627263525802982e-14,0.99998708319422398981359945205999052
3.6866666666666666666666666666666667,7.7848699176670008753635168565177426e-14,0.99998841354445632970825286230398211
3.7022222222222222222222222222222222,6.4738700200747800147627549087419552e-14,0.99998961284955927521644682474172441
3.7177777777777777777777777777777778,5.3804684318642073835760980339547722e-14,0.99999069336899259007722569374296183
3.7333333333333333333333333333333333,4.4690958649854366549362634548231949e-14,0.99999166628352730398975222626341374
3.7488888888888888888888888888888889,3.7099042339525638455297457852142783e-14,0.99999254178324361742225021571319146
3.7644444444444444444444444444444444,3.0778620268493831013165545162421954e-14,0.99999332914902514872596806058779197
3.78,2.5519901342813633614799768663056272e-14,0.99999403682796667406240262554730304
3.7955555555555555555555555555555556,2.1147167484415464348926483535980467e-14,0.9999946725030915536867525416650338
3.8111111111111111111111111111111111,1.7517615792945091915221238549299235e-14,0.99999524245782284429038395787017367
3.8266666666666666666666666666666667,1.4498905188309663937212391504864739e-14,0.99999575450731644058750271531255268
3.8422222222222222222222222222222222,1.1993300626085834015560898463402964e-14,0.99999621363010527299387368677245485
3.8577777777777777777777777777777778,9.9148352671886554758773083037891661e-15,0.99999662504969556590414820119076043
3.8733333333333333333333333333333333,8.1917282186612632635338424940094556e-15,0.9999969935011657406070079995100428
3.8888888888888888888888888888888889,6.7640808932773112255952946987812025e-15,0.99999732327396363631116407850312808
3.9044444444444444444444444444444444,5.5819411406109009366225936775216717e-15,0.9999976182512479177678843022674466
3.92,4.6036774903521328725057418161609929e-15,0.99999788194602367027651951421645412
3.9355555555555555555555555555555556,3.7946147148342158275059656549033958e-15,0.99999811753430687218300857025832442
3.9511111111111111111111111111111111,3.1258894487301406363273528679602822e-15,0.99999832788553780219047562460414406
3.9666666666666666666666666666666667,2.5741402876360275501303750759145531e-15,0.9999985153609236086675710609396777
3.9822222222222222222222222222222222,2.1179937356467615353186847329544778e-15,0.99999868278195421502736590312274789
3.9977777777777777777777777777777778,1.7416472431873968104999965022297089e-15,0.99999883199931201124343801409560641
4.0133333333333333333333333333333333,1.4313266777295578116567940575081041e-15,0.99999896491244312191103646707039015
4.0288888888888888888888888888888889,1.1756021107335528261733724138307834e-15,0.99999908323175664474751434984028946
4.0444444444444444444444444444444444,9.6499474566384023759120387528250847e-16,0.99999918849641912337127338563045655
4.06,7.916487290865324991839378686395559e-16,0.99999928209058369260883084693052328
4.0755555555555555555555555555555556,6.4905731153615625632343055778529689e-16,0.99999936525818017732956512579644987
4.0911111111111111111111111111111111,5.3183450483743866419801655792821345e-16,0.99999943911638338678507825220504251
4.1066666666666666666666666666666667,4.3552479964130051450055634030169316e-16,0.99999950466786834210716996815757422
4.1222222222222222222222222222222222,3.5653736517989321698043283449170763e-16,0.99999956274107151835704454952667328
4.1377777777777777777777777777777778,2.9162686635317107255418499280368237e-16,0.99999961429190802464561692366763857
4.1533333333333333333333333333333333,2.3839265204020436152359208510622309e-16,0.99999965996258795789481978676982801
4.1688888888888888888888888888888889,1.9476056775868447295488319528904443e-16,0.99999970039954312639120760499178988
4.1844444444444444444444444444444444,1.5902009613132994567051669985656497e-16,0.9999997361810498695050461860037837
4.2,1.2976147822080951440841791124316358e-16,0.99999976782407610978683581384272396
4.2155555555555555555555555555555556,1.0582355086593446376258019066501396e-16,0.99999979579047881294656658121032365
4.2311111111111111111111111111111111,8.6250501536817043187980778421649518e-17,0.9999998204926092944841886643655396
4.2466666666666666666666666666666667,7.0256039208295869401006223745175157e-17,0.99999984229837917659027880947911158
4.2622222222222222222222222222222222,5.7208991948431909804701862037221795e-17,0.99999986151244819371594748638587643
4.2777777777777777777777777777777778,4.6544896781126517754352201891231706e-17,0.99999987847667542485281245852750616
4.2933333333333333333333333333333333,3.7846221260915002025012480787472806e-17,0.99999989342488088479059510113057749
4.3088888888888888888888888888888889,3.0754993106209295586468717303818047e-17,0.99999990658874057801902569033529659
4.3244444444444444444444444444444444,2.4977638894051554509671940890402766e-17,0.99999991817429014852459882249076517
4.34,2.027354761381860547047662396473818e-17,0.99999992836464350222308328615404293
4.3555555555555555555555555555555556,1.6445637824354413336751901047848415e-17,0.99999993732243719926355207213194324
4.3711111111111111111111111111111111,1.3332582368777545904624183683087034e-17,0.99999994519202667517965262550674423
4.3866666666666666666666666666666667,1.0802403473924335419640001243235211e-17,0.9999999521014580512114838507718819
4.4022222222222222222222222222222222,8.7472000765606426127574564481293846e-18,0.99999995816423717915035038404997937
4.4177777777777777777777777777777778,7.08075348975457728831734988067575e-18,0.99999996347447181245695002692451424
4.4333333333333333333333333333333333,5.7268197689308234251467778358521259e-18,0.99999996813486579183892299734025035
4.4488888888888888888888888888888889,4.6290305804175425817548688624405247e-18,0.99999997221683792691833103320516654
4.4644444444444444444444444444444445,3.7394614522098278873885626781785135e-18,0.99999997579003235226382701585486178
4.48,3.019051564827473250292053309145694e-18,0.9999999789159855295772190157442185
4.4955555555555555555555555555555556,2.4359840635707156621860260225452003e-18,0.99999998164903503352093739369879557
4.5111111111111111111111111111111111,1.9643586324202122769297831477921316e-18,0.99999998403713078825174434567458244
4.5266666666666666666666666666666667,1.5831042858476354251786166679394002e-18,0.99999998612255870891017888028859321
4.5422222222222222222222222222222222,1.2750894743907054646619618345205089e-18,0.99999998794258574664571096097243471
4.5577777777777777777777777777777778,1.0263941577564531919117650639254054e-18,0.99999998953003446505453275898403003
4.5733333333333333333333333333333333,8.2594778983618572368599572089373933e-19,0.99999999091212250106192184250410718
4.5888888888888888888888888888888889,6.6406583826788212385668791157405507e-19,0.99999999211782127569808200705244984
4.6044444444444444444444444444444445,5.335953158004828020839881946875837e-19,0.99999999316755378837261072812145564
4.62,4.2850430229673469516019459868462204e-19,0.99999999408094680383427478235572231
4.6355555555555555555555555555555556,3.4390671678022826622077334397134059e-19,0.99999999487523102086004394714008468
4.6511111111111111111111111111111111,2.7584708978968365814831909822261904e-19,0.99999999556552389194285929676911818
4.6666666666666666666666666666666667,2.2112529037962624758784730093564527e-19,0.99999999616508030467511252242633224
4.6822222222222222222222222222222222,1.7715388121419543957804051453770629e-19,0.99999999668551462118790360771966725
4.6977777777777777777777777777777778,1.4184210149648407210561105194868386e-19,0.99999999713699721059645322964877293
4.7133333333333333333333333333333333,1.1350156690306772779287479379677265e-19,0.99999999752842828310450833425987386
4.7288888888888888888888888888888889,9.0795986143625415653327619171443132e-20,0.99999999786718298842130705121119379
4.7444444444444444444444444444444444,7.2568486785732497286342806090949569e-20,0.9999999981609362125549392260957777
4.76,5.796577588383400841899510330438971e-20,0.99999999841515924613017710677775665
4.7755555555555555555555555555555556,4.6274037423027155246095464480284873e-20,0.9999999986350395661070847607977024
4.7911111111111111111111111111111111,3.691860415999822604877116644460529e-20,0.99999999882510232656952652569364917
4.8066666666666666666666666666666667,2.9437117134360833360052389673159842e-20,0.9999999989892924063150909850043192
4.8222222222222222222222222222222222,2.3457805926294652359435398890681422e-20,0.9999999991310466286340260567885255
4.8377777777777777777777777777777778,1.8681923820688887316702621601302081e-20,0.99999999925335728660703636765900139
4.8533333333333333333333333333333333,1.4869552042783184989758095583409113e-20,0.99999999935882798214140214448847747
4.8688888888888888888888888888888889,1.1828134104714913237570205893041071e-20,0.99999999944972267497320613981552067
4.8844444444444444444444444444444444,9.406019612074967173436524316629332e-21,0.99999999952791472454552158742781648
4.9,7.4732353292697697381182892623587482e-21,0.99999999959531382492198136154432658
4.9155555555555555555555555555555556,5.9340808640129829561267041193345081e-21,0.99999999965329390091779946962437642
4.9311111111111111111111111111111111,4.7091255765119250384870946810137283e-21,0.99999999970314131914271063615485398
4.9466666666666666666666666666666667,3.7348148687818235442265097251343234e-21,0.99999999974597109165588445408180542
4.9622222222222222222222222222222222,2.9603282420055111567556562151081718e-21,0.99999999978274908878689542678842785
4.9777777777777777777777777777777778,2.3450528022564093360909026137112908e-21,0.99999999981431145759503121415024972
4.9933333333333333333333333333333333,1.856552941068524141841497331337397e-21,0.99999999984138158593487795907042351
5.0088888888888888888888888888888889,1.4689397765589877062731280075941396e-21,0.99999999986458491226989464875007841
5.0244444444444444444444444444444444,1.1619162155878338572012902243164256e-21,0.99999999988443804191176060566802462
5.04,9.1823880317635042983780056426823055e-22,0.9999999999014586587536904363423601
5.0555555555555555555555555555555556,7.2523435765204583364474853623359452e-22,0.9999999999160217373275236066834619
5.0711111111111111111111111111111111,5.7245715311990507614825052635166102e-22,0.99999999992847463154599251283463687
5.0866666666666666666666666666666667,4.5159536512326851029416983529903803e-22,0.99999999993911671386679304981640343
5.1022222222222222222222222222222222,3.5603920727553603385651168176445766e-22,0.99999999994820584015833151738551669
5.1177777777777777777777777777777778,2.8053562585726311711455527506146989e-22,0.99999999995596396690555486188865348
5.1333333333333333333333333333333333,2.2091237736860992269611528211159939e-22,0.99999999996258202860894003469140356
5.1488888888888888888888888888888889,1.7385768646190422153252802102399226e-22,0.99999999996822416995987331554247526
5.1644444444444444444444444444444444,1.3674439908819937856107177950098059e-22,0.99999999997303141567750946513933293
5.18,1.0752329692621148679287895699264227e-22,0.99999999997711996345808635142635171
5.1955555555555555555555555555555556,8.4469927548509765312413630258802365e-23,0.99999999998060421577560321555937339
5.2111111111111111111111111111111111,6.6319833803162477600056349632445109e-23,0.9999999999835675451141520739269233
5.2266666666666666666666666666666667,5.2038704711953023278172782679068939e-23,0.99999999998608632057066047488514888
5.2422222222222222222222222222222222,4.0808558101998118836960260288740874e-23,0.9999999999882259481813465478322352
5.2577777777777777777777777777777778,3.1982891532286374825371971476694213e-23,0.99999999999004240945451400947727909
5.2733333333333333333333333333333333,2.5051046986389765728281694644714686e-23,0.99999999999158358923107227029572421
5.2888888888888888888888888888888889,1.9609914231970926517420926723397287e-23,0.99999999999289042095525427542282316
5.3044444444444444444444444444444444,1.5341475635074210696460119418698613e-23,0.99999999999399787380408693914851268
5.32,1.1994997719495629788118412836876098e-23,0.99999999999493580294514860817563137
5.3355555555555555555555555555555556,9.3759156315617209053592663532120182e-24,0.9999999999957287365211479622574211
5.3511111111111111111111111111111111,7.3220067329097693235317210825650571e-24,0.99999999999640043062319446769090644
5.3666666666666666666666666666666667,5.7146285636437673979673616284001872e-24,0.99999999999696828147793845523254029
5.3822222222222222222222222222222222,4.4574581159115467410969847191476911e-24,0.99999999999744805496164841608865565
5.3977777777777777777777777777777778,3.4747841052354316393154637119033973e-24,0.99999999999785316910735331233467915
5.4133333333333333333333333333333333,2.7071328125220372637372318154066512e-24,0.99999999999819503658159743775940272
5.4288888888888888888888888888888889,2.1078142767508580174351455240073904e-24,0.9999999999984833583064746788484866
5.4444444444444444444444444444444444,1.6401968983759786971512752107436245e-24,0.99999999999872637502952669360869017
5.46,1.2755581773914708588071713603745162e-24,0.9999999999989310827216218797149621
5.4755555555555555555555555555555556,9.9139085506162852190789901373129197e-25,0.99999999999910341688195478545911191
5.4911111111111111111111111111111111,7.7032113687157575434317728357651344e-25,0.99999999999924823809139132160567771
5.5066666666666666666666666666666667,5.9799324433517374920476115923315051e-25,0.99999999999937018227964485010082727
5.5222222222222222222222222222222222,4.6393766572027996005170791581463577e-25,0.99999999999947265689143082122423547
5.5377777777777777777777777777777778,3.5971710272089351858663000405486765e-25,0.99999999999955871873897954697923995
5.5533333333333333333333333333333333,2.7874020268638142134151697652982248e-25,0.99999999999963095317018259385615592
5.5688888888888888888888888888888889,2.1586084626969310515045940805798388e-25,0.9999999999996915454172133333812284
5.5844444444444444444444444444444444,1.6706372099773337500502013379576356e-25,0.99999999999974234136500687334614892
5.6,1.2921775489025017346677918983476467e-25,0.99999999999978489927451205630695291
5.6155555555555555555555555555555556,9.9882885201656347881682370834873797e-26,0.99999999999982053377817862426900318
5.6311111111111111111111111111111111,7.718455577212535839754837887583527e-26,0.99999999999985031799327727416617631
5.6466666666666666666666666666666667,5.9586079030580409017639404041848923e-26,0.99999999999987526221294502306257709
5.6622222222222222222222222222222222,4.5969826107582133653099106113970107e-26,0.99999999999989611088096407038396034
5.6777777777777777777777777777777778,3.5441014617845364500194204627073539e-26,0.99999999999991352597862700932700261
5.6933333333333333333333333333333333,2.730446459598869818978529366528318e-26,0.99999999999992806424840121307064156
5.7088888888888888888888888888888889,2.10204026659010084215874470577286e-26,0.99999999999994019363228635849580777
5.7244444444444444444444444444444444,1.6169977339056252815439598065871726e-26,0.99999999999995030719025390559764842
5.74,1.2428368369491816482912899820725511e-26,0.99999999999995873487736577052315721
5.7555555555555555555555555555555556,9.5438309168060710496011043782426754e-27,0.99999999999996575350250802771091789
5.7711111111111111111111111111111111,7.3213749007066215370793769761307271e-27,0.99999999999997159514400723646659952
5.7866666666666666666666666666666667,5.6120017595025530140164949672406583e-27,0.99999999999997644852470896441841591
5.8022222222222222222222222222222222,4.2946179600177140379324683249684453e-27,0.99999999999998048890587685013456682
5.8177777777777777777777777777777778,3.281436401021141962116260784340381e-27,0.99999999999998384568801385722347859
5.8333333333333333333333333333333333,2.5026803358337570069007263232829165e-27,0.99999999999998663285623409187027484
5.8488888888888888888888888888888889,1.9044687522423700133667857945254947e-27,0.99999999999998894567933373740038869
5.8644444444444444444444444444444444,1.4452206139681089099004763439604106e-27,0.9999999999999908637334658822844803
5.88,1.0928666199221651535080410335292806e-27,0.99999999999999245344568439228226219
5.8955555555555555555555555555555555,8.2268848067887988851756781053357892e-28,0.99999999999999377023220861303719823
5.9111111111111111111111111111111111,6.1564553816764146997205820163869887e-28,0.99999999999999486029481881705074188
5.9266666666666666666666666666666667,4.570796121332299785454881505540456e-28,0.99999999999999576212906276789011276
5.9422222222222222222222222222222222,3.3585031788777007707402360519315639e-28,0.99999999999999650691280739079014022
5.9577777777777777777777777777777778,2.4297991081979973736619028654645682e-28,0.99999999999999712322731161003149661
5.9733333333333333333333333333333333,1.7198211508149398254056946022929284e-28,0.99999999999999763220135096479224926
5.9888888888888888888888888888888889,1.1773812082160741741017432653388857e-28,0.99999999999999805227755711373027632
6.0044444444444444444444444444444444,7.6319288378036703284567779300906913e-29,0.99999999999999839877476830181235275
6.02,4.4712269717857642461778958803143289e-29,0.99999999999999868440923593139592032
6.0355555555555555555555555555555556,2.0607169307509943555559324036729656e-29,0.99999999999999891973023893376094188
6.0511111111111111111111111111111111,2.2344043766280591414258470295176246e-30,0.99999999999999911348392684438874686
6.0666666666666666666666666666666667,-1.1760851483320706386324111151141249e-29,0.9999999999999992729170204853073872
6.0822222222222222222222222222222222,-2.2415258084096331521032560029519471e-29,0.99999999999999940403014819389460646
6.0977777777777777777777777777777778,-3.051241366383336080327603079623592e-29,0.99999999999999951166270341974566351
6.1133333333333333333333333333333333,-3.6678602999431547715641507285860002e-29,0.99999999999999960019670071746341597
6.1288888888888888888888888888888889,-4.136471647168940153356116103206144e-29,0.99999999999999967287349146732646031
6.1444444444444444444444444444444444,-4.4924107318060853127021266767620916e-29,0.99999999999999973249742428742708663
6.16,-4.7626359251713484002201596320657638e-29,0.99999999999999978138344697807124044
6.1755555555555555555555555555555556,-4.9677056560287604976819691128830074e-29,0.99999999999999982144133054764755533
6.1911111111111111111111111111111111,-5.1232905923833991267536623819272821e-29,0.99999999999999985424561005331940562
6.2066666666666666666666666666666667,-5.2413332848786368733677673529690463e-29,0.99999999999999988109362717277471799
6.2222222222222222222222222222222222,-5.3309351348830599939400828930211814e-29,0.9999999999999999030536677028928024
6.2377777777777777777777777777777778,-5.399037139138203338166424875245641e-29,0.99999999999999992100485868387181436
6.2533333333333333333333333333333333,-5.4508795198046653716611170346268695e-29,0.99999999999999993565307493488300854
6.2688888888888888888888888888888889,-5.4906509946608526565945674039732991e-29,0.99999999999999994763000163667596925
6.2844444444444444444444444444444444,-5.5213997651442525356163023972805411e-29,0.99999999999999995740290233353746305
6.3,-5.5455540934286495884561708284567874e-29,0.99999999999999996537258059007899746
6.3155555555555555555555555555555556,-5.5650309980357574672056307644529342e-29,0.99999999999999997186785196274701515
6.3311111111111111111111111111111111,-5.5813846682254706658716431340315621e-29,0.99999999999999997715830691992411503
6.3466666666666666666666666666666667,-5.5959253570209897390020902096865207e-29,0.99999999999999998146484161575950135
6.3622222222222222222222222222222222,-5.6098227894468631383178516173961075e-29,0.99999999999999998496834134756356903
6.3777777777777777777777777777777778,-5.6241958692048758647616874627831697e-29,0.9999999999999999878168361769951612
6.3933333333333333333333333333333333,-5.6401784922517633067312344847363504e-29,0.99999999999999999012869624680256321
6.4088888888888888888888888888888889,-5.6590942346636982385809902734094119e-29,0.99999999999999999200877929394711851
6.4244444444444444444444444444444444,-5.6824336655953199504734094736060673e-29,0.99999999999999999353461700546616943
6.44,-5.7120510309945138335247371137773886e-29,0.99999999999999999477221291199292194
6.4555555555555555555555555555555556,-5.7502867330608009572296139005565662e-29,0.99999999999999999577541538209815722
6.4711111111111111111111111111111111,-5.8001473454502229945700465510722187e-29,0.99999999999999999658812898746435507
6.4866666666666666666666666666666667,-5.8655340494435262187914063734571448e-29,0.99999999999999999724612865828375624
6.5022222222222222222222222222222222,-5.9515383718679074794274090893987765e-29,0.99999999999999999777854702801902837
6.5177777777777777777777777777777778,-6.0648269008881513205557228422330817e-29,0.99999999999999999820909306394262686
6.5333333333333333333333333333333333,-6.2141401822660398711283752402932723e-29,0.9999999999999999985570498954369275
6.5488888888888888888888888888888889,-6.4106554393011973765835122540056222e-29,0.99999999999999999883776479990364438
6.5644444444444444444444444444444444,-6.6699129424103646422339821741395169e-29,0.9999999999999999990646860640553082
6.58,-7.0114279055615428451791296378148513e-29,0.99999999999999999924774837096697228
6.5955555555555555555555555555555556,-7.4610842535660532340077230998365366e-29,0.99999999999999999939534005100996781
6.6111111111111111111111111111111111,-8.0528103645072727522669647766274492e-29,0.99999999999999999951426255105350765
6.6266666666666666666666666666666667,-8.8310569789183255975052385197242719e-29,0.9999999999999999996100272380540663
6.6422222222222222222222222222222222,-9.8540256668047522141778457594272983e-29,0.99999999999999999968709734565112436
6.6577777777777777777777777777777778,-1.1197879815163392184054252005322562e-28,0.99999999999999999974908507752417464
6.6733333333333333333333333333333333,-1.2962228078732077436274409440355618e-28,0.99999999999999999979891207698857571
6.6888888888888888888888888888888889,-1.5277262244998559761289544874082538e-28,0.99999999999999999983893998870339517
6.7044444444444444444444444444444444,-1.8308557967235201242912154158312769e-28,0.99999999999999999987103939725147999
6.72,-2.2285707615763535249266205755430957e-28,0.99999999999999999989683234562836228
6.7355555555555555555555555555555556,-2.749483350741410525075738753664192e-28,0.99999999999999999991751551799142282
6.7511111111111111111111111111111111,-3.4313464860531181316747739450029601e-28,0.99999999999999999993409124257991094
6.7666666666666666666666666666666667,-4.3233548106294061200102441602023084e-28,0.99999999999999999994736723824582152
6.7822222222222222222222222222222222,-5.4895731568542136322658981861613797e-28,0.99999999999999999995799399868999082
6.7977777777777777777777777777777778,-7.0133803650028349190744954605785975e-28,0.99999999999999999996649507447573099
6.8133333333333333333333333333333333,-9.0032260434811448363534564450827701e-28,0.99999999999999999997329158656879615
6.8288888888888888888888888888888889,-1.160008328764540540731008498862811e-27,0.99999999999999999997872205769468684
6.8444444444444444444444444444444444,-1.4987088714311494906123608616213224e-27,0.99999999999999999998305844568073482
6.86,-1.9395502067180102210028863999939057e-27,0.99999999999999999998651510213718485
6.8755555555555555555555555555555556,-2.5144876646717320453202854364942394e-27,0.99999999999999999998927602591526848
6.8911111111111111111111111111111111,-3.2630128693620460539189392176238463e-27,0.99999999999999999999147673686786576
6.9066666666666666666666666666666667,-4.2369511592793753808679238729778868e-27,0.99999999999999999999322985346553084
6.9222222222222222222222222222222222,-5.5034233824613930372389525764241198e-27,0.99999999999999999999462557187484194
6.9377777777777777777777777777777778,-7.1493069532258049471426532786610236e-27,0.99999999999999999999573608583130455
6.9533333333333333333333333333333333,-9.2869823423975509544356109594102712e-27,0.99999999999999999999661914426746601
6.9688888888888888888888888888888889,-1.206173075567450418856025536874837e-26,0.99999999999999999999732091309907514
6.9844444444444444444444444444444444,-1.5661251461384722895804783480455997e-26,0.99999999999999999999787827581785153
7.0,-2.0321037337860684494267084103571328e-26,0.9999999999999999999983206817739396
