Running with path_num_1=13, path_num_2=13
Machine Epsilon by default (not privacy budget): k=52, eps=2.220446049250313e-16
Machine Epsilon by our mpmath (not privacy budget): k=119, eps=1.5046327690525280101999827676444745e-36
*********************************************
Finish testing accuracy
*********************************************
*********************************************
Finish reading allocation path
*********************************************
tolerance: 1.0e-25 rho 4.9622 L: 49622.0
U is set to be 350000.0
N is set to be 730000.0
*********************************************
Finish preparing parameters
*********************************************
*********************************************
Finish defining characteristic and weight functions
*********************************************
Stopped at sigma2: 909.09090909090909090909090909090909, a_i_L: 11.0, zeta: 0.0081403950056195720354172651652471206, char_single: 2.2035926332130328001479091684383664e-32
Stopped at sigma2: 136.98630136986301369863013698630137, a_i_L: 73.0, zeta: 0.0033226740873694501152903377093482064, char_single: 3.1545677086709048061400600676498843e-32
Stopped at sigma2: 34.246575342465753424657534246575342, a_i_L: 292.0, zeta: 0.0049807831445703314850095893190465447, char_single: 3.4652224674826956469016728965435106e-32
Stopped at sigma2: 32.258064516129032258064516129032258, a_i_L: 310.0, zeta: 0.0017087919159504310984343633660554891, char_single: 3.5518608092402487630920086886104209e-32
Stopped at sigma2: 23.255813953488372093023255813953488, a_i_L: 430.0, zeta: 0.0012976805942862828922037250064539085, char_single: 3.567272185265114941654977911915822e-32
Stopped at sigma2: 20.92050209205020920502092050209205, a_i_L: 478.0, zeta: 0.00091759455117297333429877656279962945, char_single: 3.4514153591921990557100030870765884e-32
Stopped at sigma2: 11.520737327188940092165898617511521, a_i_L: 868.0, zeta: 0.0010214816952237154723188471737051954, char_single: 3.4120085533526420870101860832561347e-32
Stopped at sigma2: 10.01001001001001001001001001001001, a_i_L: 999.0, zeta: 0.00089759781116702960280388734416962199, char_single: 3.4690111615639174151956796428168342e-32
Stopped at sigma2: 8.0645161290322580645161290322580645, a_i_L: 1240.0, zeta: 0.0017087919159504310984343633660554891, char_single: 3.55186080924024876309245241299815e-32
Stopped at sigma2: 5.2301255230125523012552301255230126, a_i_L: 1912.0, zeta: 0.0013762275010876882909760949808862436, char_single: 3.5116343359454844256961102409822311e-32
2.8801843317972350230414746543778802 is not used in threshold computation, skipping.
2.5025025025025025025025025025025025 is not used in threshold computation, skipping.
*********************************************
Finish determining nodes
*********************************************
*********************************************
Finish evaluating characteristic function
*********************************************
zeta_0: -7.0
t_0, T_0: -6.0 8.0
compute alpha weight
compute beta weight
zeta_0: -6.9844444444444444444444444444444444
t_0, T_0: -5.9844444444444444444444444444444444 7.9844444444444444444444444444444444
compute alpha weight
compute beta weight
zeta_0: -6.9688888888888888888888888888888889
t_0, T_0: -5.9688888888888888888888888888888889 7.9688888888888888888888888888888889
compute alpha weight
compute beta weight
zeta_0: -6.9533333333333333333333333333333333
t_0, T_0: -5.9533333333333333333333333333333333 7.9533333333333333333333333333333333
compute alpha weight
compute beta weight
zeta_0: -6.9377777777777777777777777777777778
t_0, T_0: -5.9377777777777777777777777777777778 7.9377777777777777777777777777777778
compute alpha weight
compute beta weight
zeta_0: -6.9222222222222222222222222222222222
t_0, T_0: -5.9222222222222222222222222222222222 7.9222222222222222222222222222222222
compute alpha weight
compute beta weight
zeta_0: -6.9066666666666666666666666666666667
t_0, T_0: -5.9066666666666666666666666666666667 7.9066666666666666666666666666666667
compute alpha weight
compute beta weight
zeta_0: -6.8911111111111111111111111111111111
t_0, T_0: -5.8911111111111111111111111111111111 7.8911111111111111111111111111111111
compute alpha weight
compute beta weight
zeta_0: -6.8755555555555555555555555555555556
t_0, T_0: -5.8755555555555555555555555555555556 7.8755555555555555555555555555555556
compute alpha weight
compute beta weight
zeta_0: -6.86
t_0, T_0: -5.86 7.86
compute alpha weight
compute beta weight
zeta_0: -6.8444444444444444444444444444444444
t_0, T_0: -5.8444444444444444444444444444444444 7.8444444444444444444444444444444444
compute alpha weight
compute beta weight
zeta_0: -6.8288888888888888888888888888888889
t_0, T_0: -5.8288888888888888888888888888888889 7.8288888888888888888888888888888889
compute alpha weight
compute beta weight
zeta_0: -6.8133333333333333333333333333333333
t_0, T_0: -5.8133333333333333333333333333333333 7.8133333333333333333333333333333333
compute alpha weight
compute beta weight
zeta_0: -6.7977777777777777777777777777777778
t_0, T_0: -5.7977777777777777777777777777777778 7.7977777777777777777777777777777778
compute alpha weight
compute beta weight
zeta_0: -6.7822222222222222222222222222222222
t_0, T_0: -5.7822222222222222222222222222222222 7.7822222222222222222222222222222222
compute alpha weight
compute beta weight
zeta_0: -6.7666666666666666666666666666666667
t_0, T_0: -5.7666666666666666666666666666666667 7.7666666666666666666666666666666667
compute alpha weight
compute beta weight
zeta_0: -6.7511111111111111111111111111111111
t_0, T_0: -5.7511111111111111111111111111111111 7.7511111111111111111111111111111111
compute alpha weight
compute beta weight
zeta_0: -6.7355555555555555555555555555555556
t_0, T_0: -5.7355555555555555555555555555555556 7.7355555555555555555555555555555556
compute alpha weight
compute beta weight
zeta_0: -6.72
t_0, T_0: -5.72 7.72
compute alpha weight
compute beta weight
zeta_0: -6.7044444444444444444444444444444444
t_0, T_0: -5.7044444444444444444444444444444444 7.7044444444444444444444444444444444
compute alpha weight
compute beta weight
zeta_0: -6.6888888888888888888888888888888889
t_0, T_0: -5.6888888888888888888888888888888889 7.6888888888888888888888888888888889
compute alpha weight
compute beta weight
zeta_0: -6.6733333333333333333333333333333333
t_0, T_0: -5.6733333333333333333333333333333333 7.6733333333333333333333333333333333
compute alpha weight
compute beta weight
zeta_0: -6.6577777777777777777777777777777778
t_0, T_0: -5.6577777777777777777777777777777778 7.6577777777777777777777777777777778
compute alpha weight
compute beta weight
zeta_0: -6.6422222222222222222222222222222222
t_0, T_0: -5.6422222222222222222222222222222222 7.6422222222222222222222222222222222
compute alpha weight
compute beta weight
zeta_0: -6.6266666666666666666666666666666667
t_0, T_0: -5.6266666666666666666666666666666667 7.6266666666666666666666666666666667
compute alpha weight
compute beta weight
zeta_0: -6.6111111111111111111111111111111111
t_0, T_0: -5.6111111111111111111111111111111111 7.6111111111111111111111111111111111
compute alpha weight
compute beta weight
zeta_0: -6.5955555555555555555555555555555556
t_0, T_0: -5.5955555555555555555555555555555556 7.5955555555555555555555555555555556
compute alpha weight
compute beta weight
zeta_0: -6.58
t_0, T_0: -5.58 7.58
compute alpha weight
compute beta weight
zeta_0: -6.5644444444444444444444444444444444
t_0, T_0: -5.5644444444444444444444444444444444 7.5644444444444444444444444444444444
compute alpha weight
compute beta weight
zeta_0: -6.5488888888888888888888888888888889
t_0, T_0: -5.5488888888888888888888888888888889 7.5488888888888888888888888888888889
compute alpha weight
compute beta weight
zeta_0: -6.5333333333333333333333333333333333
t_0, T_0: -5.5333333333333333333333333333333333 7.5333333333333333333333333333333333
compute alpha weight
compute beta weight
zeta_0: -6.5177777777777777777777777777777778
t_0, T_0: -5.5177777777777777777777777777777778 7.5177777777777777777777777777777778
compute alpha weight
compute beta weight
zeta_0: -6.5022222222222222222222222222222222
t_0, T_0: -5.5022222222222222222222222222222222 7.5022222222222222222222222222222222
compute alpha weight
compute beta weight
zeta_0: -6.4866666666666666666666666666666667
t_0, T_0: -5.4866666666666666666666666666666667 7.4866666666666666666666666666666667
compute alpha weight
compute beta weight
zeta_0: -6.4711111111111111111111111111111111
t_0, T_0: -5.4711111111111111111111111111111111 7.4711111111111111111111111111111111
compute alpha weight
compute beta weight
zeta_0: -6.4555555555555555555555555555555556
t_0, T_0: -5.4555555555555555555555555555555556 7.4555555555555555555555555555555556
compute alpha weight
compute beta weight
zeta_0: -6.44
t_0, T_0: -5.44 7.44
compute alpha weight
compute beta weight
zeta_0: -6.4244444444444444444444444444444444
t_0, T_0: -5.4244444444444444444444444444444444 7.4244444444444444444444444444444444
compute alpha weight
compute beta weight
zeta_0: -6.4088888888888888888888888888888889
t_0, T_0: -5.4088888888888888888888888888888889 7.4088888888888888888888888888888889
compute alpha weight
compute beta weight
zeta_0: -6.3933333333333333333333333333333333
t_0, T_0: -5.3933333333333333333333333333333333 7.3933333333333333333333333333333333
compute alpha weight
compute beta weight
zeta_0: -6.3777777777777777777777777777777778
t_0, T_0: -5.3777777777777777777777777777777778 7.3777777777777777777777777777777778
compute alpha weight
compute beta weight
zeta_0: -6.3622222222222222222222222222222222
t_0, T_0: -5.3622222222222222222222222222222222 7.3622222222222222222222222222222222
compute alpha weight
compute beta weight
zeta_0: -6.3466666666666666666666666666666667
t_0, T_0: -5.3466666666666666666666666666666667 7.3466666666666666666666666666666667
compute alpha weight
compute beta weight
zeta_0: -6.3311111111111111111111111111111111
t_0, T_0: -5.3311111111111111111111111111111111 7.3311111111111111111111111111111111
compute alpha weight
compute beta weight
zeta_0: -6.3155555555555555555555555555555556
t_0, T_0: -5.3155555555555555555555555555555556 7.3155555555555555555555555555555556
compute alpha weight
compute beta weight
zeta_0: -6.3
t_0, T_0: -5.3 7.3
compute alpha weight
compute beta weight
zeta_0: -6.2844444444444444444444444444444444
t_0, T_0: -5.2844444444444444444444444444444444 7.2844444444444444444444444444444444
compute alpha weight
compute beta weight
zeta_0: -6.2688888888888888888888888888888889
t_0, T_0: -5.2688888888888888888888888888888889 7.2688888888888888888888888888888889
compute alpha weight
compute beta weight
zeta_0: -6.2533333333333333333333333333333333
t_0, T_0: -5.2533333333333333333333333333333333 7.2533333333333333333333333333333333
compute alpha weight
compute beta weight
zeta_0: -6.2377777777777777777777777777777778
t_0, T_0: -5.2377777777777777777777777777777778 7.2377777777777777777777777777777778
compute alpha weight
compute beta weight
zeta_0: -6.2222222222222222222222222222222222
t_0, T_0: -5.2222222222222222222222222222222222 7.2222222222222222222222222222222222
compute alpha weight
compute beta weight
zeta_0: -6.2066666666666666666666666666666667
t_0, T_0: -5.2066666666666666666666666666666667 7.2066666666666666666666666666666667
compute alpha weight
compute beta weight
zeta_0: -6.1911111111111111111111111111111111
t_0, T_0: -5.1911111111111111111111111111111111 7.1911111111111111111111111111111111
compute alpha weight
compute beta weight
zeta_0: -6.1755555555555555555555555555555556
t_0, T_0: -5.1755555555555555555555555555555556 7.1755555555555555555555555555555556
compute alpha weight
compute beta weight
zeta_0: -6.16
t_0, T_0: -5.16 7.16
compute alpha weight
compute beta weight
zeta_0: -6.1444444444444444444444444444444444
t_0, T_0: -5.1444444444444444444444444444444444 7.1444444444444444444444444444444444
compute alpha weight
compute beta weight
zeta_0: -6.1288888888888888888888888888888889
t_0, T_0: -5.1288888888888888888888888888888889 7.1288888888888888888888888888888889
compute alpha weight
compute beta weight
zeta_0: -6.1133333333333333333333333333333333
t_0, T_0: -5.1133333333333333333333333333333333 7.1133333333333333333333333333333333
compute alpha weight
compute beta weight
zeta_0: -6.0977777777777777777777777777777778
t_0, T_0: -5.0977777777777777777777777777777778 7.0977777777777777777777777777777778
compute alpha weight
compute beta weight
zeta_0: -6.0822222222222222222222222222222222
t_0, T_0: -5.0822222222222222222222222222222222 7.0822222222222222222222222222222222
compute alpha weight
compute beta weight
zeta_0: -6.0666666666666666666666666666666667
t_0, T_0: -5.0666666666666666666666666666666667 7.0666666666666666666666666666666667
compute alpha weight
compute beta weight
zeta_0: -6.0511111111111111111111111111111111
t_0, T_0: -5.0511111111111111111111111111111111 7.0511111111111111111111111111111111
compute alpha weight
compute beta weight
zeta_0: -6.0355555555555555555555555555555556
t_0, T_0: -5.0355555555555555555555555555555556 7.0355555555555555555555555555555556
compute alpha weight
compute beta weight
zeta_0: -6.02
t_0, T_0: -5.02 7.02
compute alpha weight
compute beta weight
zeta_0: -6.0044444444444444444444444444444444
t_0, T_0: -5.0044444444444444444444444444444444 7.0044444444444444444444444444444444
compute alpha weight
compute beta weight
zeta_0: -5.9888888888888888888888888888888889
t_0, T_0: -4.9888888888888888888888888888888889 6.9888888888888888888888888888888889
compute alpha weight
compute beta weight
zeta_0: -5.9733333333333333333333333333333333
t_0, T_0: -4.9733333333333333333333333333333333 6.9733333333333333333333333333333333
compute alpha weight
compute beta weight
zeta_0: -5.9577777777777777777777777777777778
t_0, T_0: -4.9577777777777777777777777777777778 6.9577777777777777777777777777777778
compute alpha weight
compute beta weight
zeta_0: -5.9422222222222222222222222222222222
t_0, T_0: -4.9422222222222222222222222222222222 6.9422222222222222222222222222222222
compute alpha weight
compute beta weight
zeta_0: -5.9266666666666666666666666666666667
t_0, T_0: -4.9266666666666666666666666666666667 6.9266666666666666666666666666666667
compute alpha weight
compute beta weight
zeta_0: -5.9111111111111111111111111111111111
t_0, T_0: -4.9111111111111111111111111111111111 6.9111111111111111111111111111111111
compute alpha weight
compute beta weight
zeta_0: -5.8955555555555555555555555555555556
t_0, T_0: -4.8955555555555555555555555555555556 6.8955555555555555555555555555555556
compute alpha weight
compute beta weight
zeta_0: -5.88
t_0, T_0: -4.88 6.88
compute alpha weight
compute beta weight
zeta_0: -5.8644444444444444444444444444444444
t_0, T_0: -4.8644444444444444444444444444444444 6.8644444444444444444444444444444444
compute alpha weight
compute beta weight
zeta_0: -5.8488888888888888888888888888888889
t_0, T_0: -4.8488888888888888888888888888888889 6.8488888888888888888888888888888889
compute alpha weight
compute beta weight
zeta_0: -5.8333333333333333333333333333333333
t_0, T_0: -4.8333333333333333333333333333333333 6.8333333333333333333333333333333333
compute alpha weight
compute beta weight
zeta_0: -5.8177777777777777777777777777777778
t_0, T_0: -4.8177777777777777777777777777777778 6.8177777777777777777777777777777778
compute alpha weight
compute beta weight
zeta_0: -5.8022222222222222222222222222222222
t_0, T_0: -4.8022222222222222222222222222222222 6.8022222222222222222222222222222222
compute alpha weight
compute beta weight
zeta_0: -5.7866666666666666666666666666666667
t_0, T_0: -4.7866666666666666666666666666666667 6.7866666666666666666666666666666667
compute alpha weight
compute beta weight
zeta_0: -5.7711111111111111111111111111111111
t_0, T_0: -4.7711111111111111111111111111111111 6.7711111111111111111111111111111111
compute alpha weight
compute beta weight
zeta_0: -5.7555555555555555555555555555555556
t_0, T_0: -4.7555555555555555555555555555555556 6.7555555555555555555555555555555556
compute alpha weight
compute beta weight
zeta_0: -5.74
t_0, T_0: -4.74 6.74
compute alpha weight
compute beta weight
zeta_0: -5.7244444444444444444444444444444444
t_0, T_0: -4.7244444444444444444444444444444444 6.7244444444444444444444444444444444
compute alpha weight
compute beta weight
zeta_0: -5.7088888888888888888888888888888889
t_0, T_0: -4.7088888888888888888888888888888889 6.7088888888888888888888888888888889
compute alpha weight
compute beta weight
zeta_0: -5.6933333333333333333333333333333333
t_0, T_0: -4.6933333333333333333333333333333333 6.6933333333333333333333333333333333
compute alpha weight
compute beta weight
zeta_0: -5.6777777777777777777777777777777778
t_0, T_0: -4.6777777777777777777777777777777778 6.6777777777777777777777777777777778
compute alpha weight
compute beta weight
zeta_0: -5.6622222222222222222222222222222222
t_0, T_0: -4.6622222222222222222222222222222222 6.6622222222222222222222222222222222
compute alpha weight
compute beta weight
zeta_0: -5.6466666666666666666666666666666667
t_0, T_0: -4.6466666666666666666666666666666667 6.6466666666666666666666666666666667
compute alpha weight
compute beta weight
zeta_0: -5.6311111111111111111111111111111111
t_0, T_0: -4.6311111111111111111111111111111111 6.6311111111111111111111111111111111
compute alpha weight
compute beta weight
zeta_0: -5.6155555555555555555555555555555556
t_0, T_0: -4.6155555555555555555555555555555556 6.6155555555555555555555555555555556
compute alpha weight
compute beta weight
zeta_0: -5.6
t_0, T_0: -4.6 6.6
compute alpha weight
compute beta weight
zeta_0: -5.5844444444444444444444444444444444
t_0, T_0: -4.5844444444444444444444444444444444 6.5844444444444444444444444444444444
compute alpha weight
compute beta weight
zeta_0: -5.5688888888888888888888888888888889
t_0, T_0: -4.5688888888888888888888888888888889 6.5688888888888888888888888888888889
compute alpha weight
compute beta weight
zeta_0: -5.5533333333333333333333333333333333
t_0, T_0: -4.5533333333333333333333333333333333 6.5533333333333333333333333333333333
compute alpha weight
compute beta weight
zeta_0: -5.5377777777777777777777777777777778
t_0, T_0: -4.5377777777777777777777777777777778 6.5377777777777777777777777777777778
compute alpha weight
compute beta weight
zeta_0: -5.5222222222222222222222222222222222
t_0, T_0: -4.5222222222222222222222222222222222 6.5222222222222222222222222222222222
compute alpha weight
compute beta weight
zeta_0: -5.5066666666666666666666666666666667
t_0, T_0: -4.5066666666666666666666666666666667 6.5066666666666666666666666666666667
compute alpha weight
compute beta weight
zeta_0: -5.4911111111111111111111111111111111
t_0, T_0: -4.4911111111111111111111111111111111 6.4911111111111111111111111111111111
compute alpha weight
compute beta weight
zeta_0: -5.4755555555555555555555555555555556
t_0, T_0: -4.4755555555555555555555555555555556 6.4755555555555555555555555555555556
compute alpha weight
compute beta weight
zeta_0: -5.46
t_0, T_0: -4.46 6.46
compute alpha weight
compute beta weight
zeta_0: -5.4444444444444444444444444444444444
t_0, T_0: -4.4444444444444444444444444444444444 6.4444444444444444444444444444444444
compute alpha weight
compute beta weight
zeta_0: -5.4288888888888888888888888888888889
t_0, T_0: -4.4288888888888888888888888888888889 6.4288888888888888888888888888888889
compute alpha weight
compute beta weight
zeta_0: -5.4133333333333333333333333333333333
t_0, T_0: -4.4133333333333333333333333333333333 6.4133333333333333333333333333333333
compute alpha weight
compute beta weight
zeta_0: -5.3977777777777777777777777777777778
t_0, T_0: -4.3977777777777777777777777777777778 6.3977777777777777777777777777777778
compute alpha weight
compute beta weight
zeta_0: -5.3822222222222222222222222222222222
t_0, T_0: -4.3822222222222222222222222222222222 6.3822222222222222222222222222222222
compute alpha weight
compute beta weight
zeta_0: -5.3666666666666666666666666666666667
t_0, T_0: -4.3666666666666666666666666666666667 6.3666666666666666666666666666666667
compute alpha weight
compute beta weight
zeta_0: -5.3511111111111111111111111111111111
t_0, T_0: -4.3511111111111111111111111111111111 6.3511111111111111111111111111111111
compute alpha weight
compute beta weight
zeta_0: -5.3355555555555555555555555555555556
t_0, T_0: -4.3355555555555555555555555555555556 6.3355555555555555555555555555555556
compute alpha weight
compute beta weight
zeta_0: -5.32
t_0, T_0: -4.32 6.32
compute alpha weight
compute beta weight
zeta_0: -5.3044444444444444444444444444444444
t_0, T_0: -4.3044444444444444444444444444444444 6.3044444444444444444444444444444444
compute alpha weight
compute beta weight
zeta_0: -5.2888888888888888888888888888888889
t_0, T_0: -4.2888888888888888888888888888888889 6.2888888888888888888888888888888889
compute alpha weight
compute beta weight
zeta_0: -5.2733333333333333333333333333333333
t_0, T_0: -4.2733333333333333333333333333333333 6.2733333333333333333333333333333333
compute alpha weight
compute beta weight
zeta_0: -5.2577777777777777777777777777777778
t_0, T_0: -4.2577777777777777777777777777777778 6.2577777777777777777777777777777778
compute alpha weight
compute beta weight
zeta_0: -5.2422222222222222222222222222222222
t_0, T_0: -4.2422222222222222222222222222222222 6.2422222222222222222222222222222222
compute alpha weight
compute beta weight
zeta_0: -5.2266666666666666666666666666666667
t_0, T_0: -4.2266666666666666666666666666666667 6.2266666666666666666666666666666667
compute alpha weight
compute beta weight
zeta_0: -5.2111111111111111111111111111111111
t_0, T_0: -4.2111111111111111111111111111111111 6.2111111111111111111111111111111111
compute alpha weight
compute beta weight
zeta_0: -5.1955555555555555555555555555555556
t_0, T_0: -4.1955555555555555555555555555555556 6.1955555555555555555555555555555556
compute alpha weight
compute beta weight
zeta_0: -5.18
t_0, T_0: -4.18 6.18
compute alpha weight
compute beta weight
zeta_0: -5.1644444444444444444444444444444444
t_0, T_0: -4.1644444444444444444444444444444444 6.1644444444444444444444444444444444
compute alpha weight
compute beta weight
zeta_0: -5.1488888888888888888888888888888889
t_0, T_0: -4.1488888888888888888888888888888889 6.1488888888888888888888888888888889
compute alpha weight
compute beta weight
zeta_0: -5.1333333333333333333333333333333333
t_0, T_0: -4.1333333333333333333333333333333333 6.1333333333333333333333333333333333
compute alpha weight
compute beta weight
zeta_0: -5.1177777777777777777777777777777778
t_0, T_0: -4.1177777777777777777777777777777778 6.1177777777777777777777777777777778
compute alpha weight
compute beta weight
zeta_0: -5.1022222222222222222222222222222222
t_0, T_0: -4.1022222222222222222222222222222222 6.1022222222222222222222222222222222
compute alpha weight
compute beta weight
zeta_0: -5.0866666666666666666666666666666667
t_0, T_0: -4.0866666666666666666666666666666667 6.0866666666666666666666666666666667
compute alpha weight
compute beta weight
zeta_0: -5.0711111111111111111111111111111111
t_0, T_0: -4.0711111111111111111111111111111111 6.0711111111111111111111111111111111
compute alpha weight
compute beta weight
zeta_0: -5.0555555555555555555555555555555556
t_0, T_0: -4.0555555555555555555555555555555556 6.0555555555555555555555555555555556
compute alpha weight
compute beta weight
zeta_0: -5.04
t_0, T_0: -4.04 6.04
compute alpha weight
compute beta weight
zeta_0: -5.0244444444444444444444444444444444
t_0, T_0: -4.0244444444444444444444444444444444 6.0244444444444444444444444444444444
compute alpha weight
compute beta weight
zeta_0: -5.0088888888888888888888888888888889
t_0, T_0: -4.0088888888888888888888888888888889 6.0088888888888888888888888888888889
compute alpha weight
compute beta weight
zeta_0: -4.9933333333333333333333333333333333
t_0, T_0: -3.9933333333333333333333333333333333 5.9933333333333333333333333333333333
compute alpha weight
compute beta weight
zeta_0: -4.9777777777777777777777777777777778
t_0, T_0: -3.9777777777777777777777777777777778 5.9777777777777777777777777777777778
compute alpha weight
compute beta weight
zeta_0: -4.9622222222222222222222222222222222
t_0, T_0: -3.9622222222222222222222222222222222 5.9622222222222222222222222222222222
compute alpha weight
compute beta weight
zeta_0: -4.9466666666666666666666666666666667
t_0, T_0: -3.9466666666666666666666666666666667 5.9466666666666666666666666666666667
compute alpha weight
compute beta weight
zeta_0: -4.9311111111111111111111111111111111
t_0, T_0: -3.9311111111111111111111111111111111 5.9311111111111111111111111111111111
compute alpha weight
compute beta weight
zeta_0: -4.9155555555555555555555555555555556
t_0, T_0: -3.9155555555555555555555555555555556 5.9155555555555555555555555555555556
compute alpha weight
compute beta weight
zeta_0: -4.9
t_0, T_0: -3.9 5.9
compute alpha weight
compute beta weight
zeta_0: -4.8844444444444444444444444444444444
t_0, T_0: -3.8844444444444444444444444444444444 5.8844444444444444444444444444444444
compute alpha weight
compute beta weight
zeta_0: -4.8688888888888888888888888888888889
t_0, T_0: -3.8688888888888888888888888888888889 5.8688888888888888888888888888888889
compute alpha weight
compute beta weight
zeta_0: -4.8533333333333333333333333333333333
t_0, T_0: -3.8533333333333333333333333333333333 5.8533333333333333333333333333333333
compute alpha weight
compute beta weight
zeta_0: -4.8377777777777777777777777777777778
t_0, T_0: -3.8377777777777777777777777777777778 5.8377777777777777777777777777777778
compute alpha weight
compute beta weight
zeta_0: -4.8222222222222222222222222222222222
t_0, T_0: -3.8222222222222222222222222222222222 5.8222222222222222222222222222222222
compute alpha weight
compute beta weight
zeta_0: -4.8066666666666666666666666666666667
t_0, T_0: -3.8066666666666666666666666666666667 5.8066666666666666666666666666666667
compute alpha weight
compute beta weight
zeta_0: -4.7911111111111111111111111111111111
t_0, T_0: -3.7911111111111111111111111111111111 5.7911111111111111111111111111111111
compute alpha weight
compute beta weight
zeta_0: -4.7755555555555555555555555555555556
t_0, T_0: -3.7755555555555555555555555555555556 5.7755555555555555555555555555555556
compute alpha weight
compute beta weight
zeta_0: -4.76
t_0, T_0: -3.76 5.76
compute alpha weight
compute beta weight
zeta_0: -4.7444444444444444444444444444444444
t_0, T_0: -3.7444444444444444444444444444444444 5.7444444444444444444444444444444444
compute alpha weight
compute beta weight
zeta_0: -4.7288888888888888888888888888888889
t_0, T_0: -3.7288888888888888888888888888888889 5.7288888888888888888888888888888889
compute alpha weight
compute beta weight
zeta_0: -4.7133333333333333333333333333333333
t_0, T_0: -3.7133333333333333333333333333333333 5.7133333333333333333333333333333333
compute alpha weight
compute beta weight
zeta_0: -4.6977777777777777777777777777777778
t_0, T_0: -3.6977777777777777777777777777777778 5.6977777777777777777777777777777778
compute alpha weight
compute beta weight
zeta_0: -4.6822222222222222222222222222222222
t_0, T_0: -3.6822222222222222222222222222222222 5.6822222222222222222222222222222222
compute alpha weight
compute beta weight
zeta_0: -4.6666666666666666666666666666666667
t_0, T_0: -3.6666666666666666666666666666666667 5.6666666666666666666666666666666667
compute alpha weight
compute beta weight
zeta_0: -4.6511111111111111111111111111111111
t_0, T_0: -3.6511111111111111111111111111111111 5.6511111111111111111111111111111111
compute alpha weight
compute beta weight
zeta_0: -4.6355555555555555555555555555555556
t_0, T_0: -3.6355555555555555555555555555555556 5.6355555555555555555555555555555556
compute alpha weight
compute beta weight
zeta_0: -4.62
t_0, T_0: -3.62 5.62
compute alpha weight
compute beta weight
zeta_0: -4.6044444444444444444444444444444444
t_0, T_0: -3.6044444444444444444444444444444444 5.6044444444444444444444444444444444
compute alpha weight
compute beta weight
zeta_0: -4.5888888888888888888888888888888889
t_0, T_0: -3.5888888888888888888888888888888889 5.5888888888888888888888888888888889
compute alpha weight
compute beta weight
zeta_0: -4.5733333333333333333333333333333333
t_0, T_0: -3.5733333333333333333333333333333333 5.5733333333333333333333333333333333
compute alpha weight
compute beta weight
zeta_0: -4.5577777777777777777777777777777778
t_0, T_0: -3.5577777777777777777777777777777778 5.5577777777777777777777777777777778
compute alpha weight
compute beta weight
zeta_0: -4.5422222222222222222222222222222222
t_0, T_0: -3.5422222222222222222222222222222222 5.5422222222222222222222222222222222
compute alpha weight
compute beta weight
zeta_0: -4.5266666666666666666666666666666667
t_0, T_0: -3.5266666666666666666666666666666667 5.5266666666666666666666666666666667
compute alpha weight
compute beta weight
zeta_0: -4.5111111111111111111111111111111111
t_0, T_0: -3.5111111111111111111111111111111111 5.5111111111111111111111111111111111
compute alpha weight
compute beta weight
zeta_0: -4.4955555555555555555555555555555556
t_0, T_0: -3.4955555555555555555555555555555556 5.4955555555555555555555555555555556
compute alpha weight
compute beta weight
zeta_0: -4.48
t_0, T_0: -3.48 5.48
compute alpha weight
compute beta weight
zeta_0: -4.4644444444444444444444444444444444
t_0, T_0: -3.4644444444444444444444444444444444 5.4644444444444444444444444444444444
compute alpha weight
compute beta weight
zeta_0: -4.4488888888888888888888888888888889
t_0, T_0: -3.4488888888888888888888888888888889 5.4488888888888888888888888888888889
compute alpha weight
compute beta weight
zeta_0: -4.4333333333333333333333333333333333
t_0, T_0: -3.4333333333333333333333333333333333 5.4333333333333333333333333333333333
compute alpha weight
compute beta weight
zeta_0: -4.4177777777777777777777777777777778
t_0, T_0: -3.4177777777777777777777777777777778 5.4177777777777777777777777777777778
compute alpha weight
compute beta weight
zeta_0: -4.4022222222222222222222222222222222
t_0, T_0: -3.4022222222222222222222222222222222 5.4022222222222222222222222222222222
compute alpha weight
compute beta weight
zeta_0: -4.3866666666666666666666666666666667
t_0, T_0: -3.3866666666666666666666666666666667 5.3866666666666666666666666666666667
compute alpha weight
compute beta weight
zeta_0: -4.3711111111111111111111111111111111
t_0, T_0: -3.3711111111111111111111111111111111 5.3711111111111111111111111111111111
compute alpha weight
compute beta weight
zeta_0: -4.3555555555555555555555555555555556
t_0, T_0: -3.3555555555555555555555555555555556 5.3555555555555555555555555555555556
compute alpha weight
compute beta weight
zeta_0: -4.34
t_0, T_0: -3.34 5.34
compute alpha weight
compute beta weight
zeta_0: -4.3244444444444444444444444444444444
t_0, T_0: -3.3244444444444444444444444444444444 5.3244444444444444444444444444444444
compute alpha weight
compute beta weight
zeta_0: -4.3088888888888888888888888888888889
t_0, T_0: -3.3088888888888888888888888888888889 5.3088888888888888888888888888888889
compute alpha weight
compute beta weight
zeta_0: -4.2933333333333333333333333333333333
t_0, T_0: -3.2933333333333333333333333333333333 5.2933333333333333333333333333333333
compute alpha weight
compute beta weight
zeta_0: -4.2777777777777777777777777777777778
t_0, T_0: -3.2777777777777777777777777777777778 5.2777777777777777777777777777777778
compute alpha weight
compute beta weight
zeta_0: -4.2622222222222222222222222222222222
t_0, T_0: -3.2622222222222222222222222222222222 5.2622222222222222222222222222222222
compute alpha weight
compute beta weight
zeta_0: -4.2466666666666666666666666666666667
t_0, T_0: -3.2466666666666666666666666666666667 5.2466666666666666666666666666666667
compute alpha weight
compute beta weight
zeta_0: -4.2311111111111111111111111111111111
t_0, T_0: -3.2311111111111111111111111111111111 5.2311111111111111111111111111111111
compute alpha weight
compute beta weight
zeta_0: -4.2155555555555555555555555555555556
t_0, T_0: -3.2155555555555555555555555555555556 5.2155555555555555555555555555555556
compute alpha weight
compute beta weight
zeta_0: -4.2
t_0, T_0: -3.2 5.2
compute alpha weight
compute beta weight
zeta_0: -4.1844444444444444444444444444444444
t_0, T_0: -3.1844444444444444444444444444444444 5.1844444444444444444444444444444444
compute alpha weight
compute beta weight
zeta_0: -4.1688888888888888888888888888888889
t_0, T_0: -3.1688888888888888888888888888888889 5.1688888888888888888888888888888889
compute alpha weight
compute beta weight
zeta_0: -4.1533333333333333333333333333333333
t_0, T_0: -3.1533333333333333333333333333333333 5.1533333333333333333333333333333333
compute alpha weight
compute beta weight
zeta_0: -4.1377777777777777777777777777777778
t_0, T_0: -3.1377777777777777777777777777777778 5.1377777777777777777777777777777778
compute alpha weight
compute beta weight
zeta_0: -4.1222222222222222222222222222222222
t_0, T_0: -3.1222222222222222222222222222222222 5.1222222222222222222222222222222222
compute alpha weight
compute beta weight
zeta_0: -4.1066666666666666666666666666666667
t_0, T_0: -3.1066666666666666666666666666666667 5.1066666666666666666666666666666667
compute alpha weight
compute beta weight
zeta_0: -4.0911111111111111111111111111111111
t_0, T_0: -3.0911111111111111111111111111111111 5.0911111111111111111111111111111111
compute alpha weight
compute beta weight
zeta_0: -4.0755555555555555555555555555555556
t_0, T_0: -3.0755555555555555555555555555555556 5.0755555555555555555555555555555556
compute alpha weight
compute beta weight
zeta_0: -4.06
t_0, T_0: -3.06 5.06
compute alpha weight
compute beta weight
zeta_0: -4.0444444444444444444444444444444444
t_0, T_0: -3.0444444444444444444444444444444444 5.0444444444444444444444444444444444
compute alpha weight
compute beta weight
zeta_0: -4.0288888888888888888888888888888889
t_0, T_0: -3.0288888888888888888888888888888889 5.0288888888888888888888888888888889
compute alpha weight
compute beta weight
zeta_0: -4.0133333333333333333333333333333333
t_0, T_0: -3.0133333333333333333333333333333333 5.0133333333333333333333333333333333
compute alpha weight
compute beta weight
zeta_0: -3.9977777777777777777777777777777778
t_0, T_0: -2.9977777777777777777777777777777778 4.9977777777777777777777777777777778
compute alpha weight
compute beta weight
zeta_0: -3.9822222222222222222222222222222222
t_0, T_0: -2.9822222222222222222222222222222222 4.9822222222222222222222222222222222
compute alpha weight
compute beta weight
zeta_0: -3.9666666666666666666666666666666667
t_0, T_0: -2.9666666666666666666666666666666667 4.9666666666666666666666666666666667
compute alpha weight
compute beta weight
zeta_0: -3.9511111111111111111111111111111111
t_0, T_0: -2.9511111111111111111111111111111111 4.9511111111111111111111111111111111
compute alpha weight
compute beta weight
zeta_0: -3.9355555555555555555555555555555556
t_0, T_0: -2.9355555555555555555555555555555556 4.9355555555555555555555555555555556
compute alpha weight
compute beta weight
zeta_0: -3.92
t_0, T_0: -2.92 4.92
compute alpha weight
compute beta weight
zeta_0: -3.9044444444444444444444444444444444
t_0, T_0: -2.9044444444444444444444444444444444 4.9044444444444444444444444444444444
compute alpha weight
compute beta weight
zeta_0: -3.8888888888888888888888888888888889
t_0, T_0: -2.8888888888888888888888888888888889 4.8888888888888888888888888888888889
compute alpha weight
compute beta weight
zeta_0: -3.8733333333333333333333333333333333
t_0, T_0: -2.8733333333333333333333333333333333 4.8733333333333333333333333333333333
compute alpha weight
compute beta weight
zeta_0: -3.8577777777777777777777777777777778
t_0, T_0: -2.8577777777777777777777777777777778 4.8577777777777777777777777777777778
compute alpha weight
compute beta weight
zeta_0: -3.8422222222222222222222222222222222
t_0, T_0: -2.8422222222222222222222222222222222 4.8422222222222222222222222222222222
compute alpha weight
compute beta weight
zeta_0: -3.8266666666666666666666666666666667
t_0, T_0: -2.8266666666666666666666666666666667 4.8266666666666666666666666666666667
compute alpha weight
compute beta weight
zeta_0: -3.8111111111111111111111111111111111
t_0, T_0: -2.8111111111111111111111111111111111 4.8111111111111111111111111111111111
compute alpha weight
compute beta weight
zeta_0: -3.7955555555555555555555555555555556
t_0, T_0: -2.7955555555555555555555555555555556 4.7955555555555555555555555555555556
compute alpha weight
compute beta weight
zeta_0: -3.78
t_0, T_0: -2.78 4.78
compute alpha weight
compute beta weight
zeta_0: -3.7644444444444444444444444444444444
t_0, T_0: -2.7644444444444444444444444444444444 4.7644444444444444444444444444444444
compute alpha weight
compute beta weight
zeta_0: -3.7488888888888888888888888888888889
t_0, T_0: -2.7488888888888888888888888888888889 4.7488888888888888888888888888888889
compute alpha weight
compute beta weight
zeta_0: -3.7333333333333333333333333333333333
t_0, T_0: -2.7333333333333333333333333333333333 4.7333333333333333333333333333333333
compute alpha weight
compute beta weight
zeta_0: -3.7177777777777777777777777777777778
t_0, T_0: -2.7177777777777777777777777777777778 4.7177777777777777777777777777777778
compute alpha weight
compute beta weight
zeta_0: -3.7022222222222222222222222222222222
t_0, T_0: -2.7022222222222222222222222222222222 4.7022222222222222222222222222222222
compute alpha weight
compute beta weight
zeta_0: -3.6866666666666666666666666666666667
t_0, T_0: -2.6866666666666666666666666666666667 4.6866666666666666666666666666666667
compute alpha weight
compute beta weight
zeta_0: -3.6711111111111111111111111111111111
t_0, T_0: -2.6711111111111111111111111111111111 4.6711111111111111111111111111111111
compute alpha weight
compute beta weight
zeta_0: -3.6555555555555555555555555555555556
t_0, T_0: -2.6555555555555555555555555555555556 4.6555555555555555555555555555555556
compute alpha weight
compute beta weight
zeta_0: -3.64
t_0, T_0: -2.64 4.64
compute alpha weight
compute beta weight
zeta_0: -3.6244444444444444444444444444444444
t_0, T_0: -2.6244444444444444444444444444444444 4.6244444444444444444444444444444444
compute alpha weight
compute beta weight
zeta_0: -3.6088888888888888888888888888888889
t_0, T_0: -2.6088888888888888888888888888888889 4.6088888888888888888888888888888889
compute alpha weight
compute beta weight
zeta_0: -3.5933333333333333333333333333333333
t_0, T_0: -2.5933333333333333333333333333333333 4.5933333333333333333333333333333333
compute alpha weight
compute beta weight
zeta_0: -3.5777777777777777777777777777777778
t_0, T_0: -2.5777777777777777777777777777777778 4.5777777777777777777777777777777778
compute alpha weight
compute beta weight
zeta_0: -3.5622222222222222222222222222222222
t_0, T_0: -2.5622222222222222222222222222222222 4.5622222222222222222222222222222222
compute alpha weight
compute beta weight
zeta_0: -3.5466666666666666666666666666666667
t_0, T_0: -2.5466666666666666666666666666666667 4.5466666666666666666666666666666667
compute alpha weight
compute beta weight
zeta_0: -3.5311111111111111111111111111111111
t_0, T_0: -2.5311111111111111111111111111111111 4.5311111111111111111111111111111111
compute alpha weight
compute beta weight
zeta_0: -3.5155555555555555555555555555555556
t_0, T_0: -2.5155555555555555555555555555555556 4.5155555555555555555555555555555556
compute alpha weight
compute beta weight
zeta_0: -3.5
t_0, T_0: -2.5 4.5
compute alpha weight
compute beta weight
zeta_0: -3.4844444444444444444444444444444444
t_0, T_0: -2.4844444444444444444444444444444444 4.4844444444444444444444444444444444
compute alpha weight
compute beta weight
zeta_0: -3.4688888888888888888888888888888889
t_0, T_0: -2.4688888888888888888888888888888889 4.4688888888888888888888888888888889
compute alpha weight
compute beta weight
zeta_0: -3.4533333333333333333333333333333333
t_0, T_0: -2.4533333333333333333333333333333333 4.4533333333333333333333333333333333
compute alpha weight
compute beta weight
zeta_0: -3.4377777777777777777777777777777778
t_0, T_0: -2.4377777777777777777777777777777778 4.4377777777777777777777777777777778
compute alpha weight
compute beta weight
zeta_0: -3.4222222222222222222222222222222222
t_0, T_0: -2.4222222222222222222222222222222222 4.4222222222222222222222222222222222
compute alpha weight
compute beta weight
zeta_0: -3.4066666666666666666666666666666667
t_0, T_0: -2.4066666666666666666666666666666667 4.4066666666666666666666666666666667
compute alpha weight
compute beta weight
zeta_0: -3.3911111111111111111111111111111111
t_0, T_0: -2.3911111111111111111111111111111111 4.3911111111111111111111111111111111
compute alpha weight
compute beta weight
zeta_0: -3.3755555555555555555555555555555556
t_0, T_0: -2.3755555555555555555555555555555556 4.3755555555555555555555555555555556
compute alpha weight
compute beta weight
zeta_0: -3.36
t_0, T_0: -2.36 4.36
compute alpha weight
compute beta weight
zeta_0: -3.3444444444444444444444444444444444
t_0, T_0: -2.3444444444444444444444444444444444 4.3444444444444444444444444444444444
compute alpha weight
compute beta weight
zeta_0: -3.3288888888888888888888888888888889
t_0, T_0: -2.3288888888888888888888888888888889 4.3288888888888888888888888888888889
compute alpha weight
compute beta weight
zeta_0: -3.3133333333333333333333333333333333
t_0, T_0: -2.3133333333333333333333333333333333 4.3133333333333333333333333333333333
compute alpha weight
compute beta weight
zeta_0: -3.2977777777777777777777777777777778
t_0, T_0: -2.2977777777777777777777777777777778 4.2977777777777777777777777777777778
compute alpha weight
compute beta weight
zeta_0: -3.2822222222222222222222222222222222
t_0, T_0: -2.2822222222222222222222222222222222 4.2822222222222222222222222222222222
compute alpha weight
compute beta weight
zeta_0: -3.2666666666666666666666666666666667
t_0, T_0: -2.2666666666666666666666666666666667 4.2666666666666666666666666666666667
compute alpha weight
compute beta weight
zeta_0: -3.2511111111111111111111111111111111
t_0, T_0: -2.2511111111111111111111111111111111 4.2511111111111111111111111111111111
compute alpha weight
compute beta weight
zeta_0: -3.2355555555555555555555555555555556
t_0, T_0: -2.2355555555555555555555555555555556 4.2355555555555555555555555555555556
compute alpha weight
compute beta weight
zeta_0: -3.22
t_0, T_0: -2.22 4.22
compute alpha weight
compute beta weight
zeta_0: -3.2044444444444444444444444444444444
t_0, T_0: -2.2044444444444444444444444444444444 4.2044444444444444444444444444444444
compute alpha weight
compute beta weight
zeta_0: -3.1888888888888888888888888888888889
t_0, T_0: -2.1888888888888888888888888888888889 4.1888888888888888888888888888888889
compute alpha weight
compute beta weight
zeta_0: -3.1733333333333333333333333333333333
t_0, T_0: -2.1733333333333333333333333333333333 4.1733333333333333333333333333333333
compute alpha weight
compute beta weight
zeta_0: -3.1577777777777777777777777777777778
t_0, T_0: -2.1577777777777777777777777777777778 4.1577777777777777777777777777777778
compute alpha weight
compute beta weight
zeta_0: -3.1422222222222222222222222222222222
t_0, T_0: -2.1422222222222222222222222222222222 4.1422222222222222222222222222222222
compute alpha weight
compute beta weight
zeta_0: -3.1266666666666666666666666666666667
t_0, T_0: -2.1266666666666666666666666666666667 4.1266666666666666666666666666666667
compute alpha weight
compute beta weight
zeta_0: -3.1111111111111111111111111111111111
t_0, T_0: -2.1111111111111111111111111111111111 4.1111111111111111111111111111111111
compute alpha weight
compute beta weight
zeta_0: -3.0955555555555555555555555555555556
t_0, T_0: -2.0955555555555555555555555555555556 4.0955555555555555555555555555555556
compute alpha weight
compute beta weight
zeta_0: -3.08
t_0, T_0: -2.08 4.08
compute alpha weight
compute beta weight
zeta_0: -3.0644444444444444444444444444444444
t_0, T_0: -2.0644444444444444444444444444444444 4.0644444444444444444444444444444444
compute alpha weight
compute beta weight
zeta_0: -3.0488888888888888888888888888888889
t_0, T_0: -2.0488888888888888888888888888888889 4.0488888888888888888888888888888889
compute alpha weight
compute beta weight
zeta_0: -3.0333333333333333333333333333333333
t_0, T_0: -2.0333333333333333333333333333333333 4.0333333333333333333333333333333333
compute alpha weight
compute beta weight
zeta_0: -3.0177777777777777777777777777777778
t_0, T_0: -2.0177777777777777777777777777777778 4.0177777777777777777777777777777778
compute alpha weight
compute beta weight
zeta_0: -3.0022222222222222222222222222222222
t_0, T_0: -2.0022222222222222222222222222222222 4.0022222222222222222222222222222222
compute alpha weight
compute beta weight
zeta_0: -2.9866666666666666666666666666666667
t_0, T_0: -1.9866666666666666666666666666666667 3.9866666666666666666666666666666667
compute alpha weight
compute beta weight
zeta_0: -2.9711111111111111111111111111111111
t_0, T_0: -1.9711111111111111111111111111111111 3.9711111111111111111111111111111111
compute alpha weight
compute beta weight
zeta_0: -2.9555555555555555555555555555555556
t_0, T_0: -1.9555555555555555555555555555555556 3.9555555555555555555555555555555556
compute alpha weight
compute beta weight
zeta_0: -2.94
t_0, T_0: -1.94 3.94
compute alpha weight
compute beta weight
zeta_0: -2.9244444444444444444444444444444444
t_0, T_0: -1.9244444444444444444444444444444444 3.9244444444444444444444444444444444
compute alpha weight
compute beta weight
zeta_0: -2.9088888888888888888888888888888889
t_0, T_0: -1.9088888888888888888888888888888889 3.9088888888888888888888888888888889
compute alpha weight
compute beta weight
zeta_0: -2.8933333333333333333333333333333333
t_0, T_0: -1.8933333333333333333333333333333333 3.8933333333333333333333333333333333
compute alpha weight
compute beta weight
zeta_0: -2.8777777777777777777777777777777778
t_0, T_0: -1.8777777777777777777777777777777778 3.8777777777777777777777777777777778
compute alpha weight
compute beta weight
zeta_0: -2.8622222222222222222222222222222222
t_0, T_0: -1.8622222222222222222222222222222222 3.8622222222222222222222222222222222
compute alpha weight
compute beta weight
zeta_0: -2.8466666666666666666666666666666667
t_0, T_0: -1.8466666666666666666666666666666667 3.8466666666666666666666666666666667
compute alpha weight
compute beta weight
zeta_0: -2.8311111111111111111111111111111111
t_0, T_0: -1.8311111111111111111111111111111111 3.8311111111111111111111111111111111
compute alpha weight
compute beta weight
zeta_0: -2.8155555555555555555555555555555556
t_0, T_0: -1.8155555555555555555555555555555556 3.8155555555555555555555555555555556
compute alpha weight
compute beta weight
zeta_0: -2.8
t_0, T_0: -1.8 3.8
compute alpha weight
compute beta weight
zeta_0: -2.7844444444444444444444444444444444
t_0, T_0: -1.7844444444444444444444444444444444 3.7844444444444444444444444444444444
compute alpha weight
compute beta weight
zeta_0: -2.7688888888888888888888888888888889
t_0, T_0: -1.7688888888888888888888888888888889 3.7688888888888888888888888888888889
compute alpha weight
compute beta weight
zeta_0: -2.7533333333333333333333333333333333
t_0, T_0: -1.7533333333333333333333333333333333 3.7533333333333333333333333333333333
compute alpha weight
compute beta weight
zeta_0: -2.7377777777777777777777777777777778
t_0, T_0: -1.7377777777777777777777777777777778 3.7377777777777777777777777777777778
compute alpha weight
compute beta weight
zeta_0: -2.7222222222222222222222222222222222
t_0, T_0: -1.7222222222222222222222222222222222 3.7222222222222222222222222222222222
compute alpha weight
compute beta weight
zeta_0: -2.7066666666666666666666666666666667
t_0, T_0: -1.7066666666666666666666666666666667 3.7066666666666666666666666666666667
compute alpha weight
compute beta weight
zeta_0: -2.6911111111111111111111111111111111
t_0, T_0: -1.6911111111111111111111111111111111 3.6911111111111111111111111111111111
compute alpha weight
compute beta weight
zeta_0: -2.6755555555555555555555555555555556
t_0, T_0: -1.6755555555555555555555555555555556 3.6755555555555555555555555555555556
compute alpha weight
compute beta weight
zeta_0: -2.66
t_0, T_0: -1.66 3.66
compute alpha weight
compute beta weight
zeta_0: -2.6444444444444444444444444444444444
t_0, T_0: -1.6444444444444444444444444444444444 3.6444444444444444444444444444444444
compute alpha weight
compute beta weight
zeta_0: -2.6288888888888888888888888888888889
t_0, T_0: -1.6288888888888888888888888888888889 3.6288888888888888888888888888888889
compute alpha weight
compute beta weight
zeta_0: -2.6133333333333333333333333333333333
t_0, T_0: -1.6133333333333333333333333333333333 3.6133333333333333333333333333333333
compute alpha weight
compute beta weight
zeta_0: -2.5977777777777777777777777777777778
t_0, T_0: -1.5977777777777777777777777777777778 3.5977777777777777777777777777777778
compute alpha weight
compute beta weight
zeta_0: -2.5822222222222222222222222222222222
t_0, T_0: -1.5822222222222222222222222222222222 3.5822222222222222222222222222222222
compute alpha weight
compute beta weight
zeta_0: -2.5666666666666666666666666666666667
t_0, T_0: -1.5666666666666666666666666666666667 3.5666666666666666666666666666666667
compute alpha weight
compute beta weight
zeta_0: -2.5511111111111111111111111111111111
t_0, T_0: -1.5511111111111111111111111111111111 3.5511111111111111111111111111111111
compute alpha weight
compute beta weight
zeta_0: -2.5355555555555555555555555555555556
t_0, T_0: -1.5355555555555555555555555555555556 3.5355555555555555555555555555555556
compute alpha weight
compute beta weight
zeta_0: -2.52
t_0, T_0: -1.52 3.52
compute alpha weight
compute beta weight
zeta_0: -2.5044444444444444444444444444444444
t_0, T_0: -1.5044444444444444444444444444444444 3.5044444444444444444444444444444444
compute alpha weight
compute beta weight
zeta_0: -2.4888888888888888888888888888888889
t_0, T_0: -1.4888888888888888888888888888888889 3.4888888888888888888888888888888889
compute alpha weight
compute beta weight
zeta_0: -2.4733333333333333333333333333333333
t_0, T_0: -1.4733333333333333333333333333333333 3.4733333333333333333333333333333333
compute alpha weight
compute beta weight
zeta_0: -2.4577777777777777777777777777777778
t_0, T_0: -1.4577777777777777777777777777777778 3.4577777777777777777777777777777778
compute alpha weight
compute beta weight
zeta_0: -2.4422222222222222222222222222222222
t_0, T_0: -1.4422222222222222222222222222222222 3.4422222222222222222222222222222222
compute alpha weight
compute beta weight
zeta_0: -2.4266666666666666666666666666666667
t_0, T_0: -1.4266666666666666666666666666666667 3.4266666666666666666666666666666667
compute alpha weight
compute beta weight
zeta_0: -2.4111111111111111111111111111111111
t_0, T_0: -1.4111111111111111111111111111111111 3.4111111111111111111111111111111111
compute alpha weight
compute beta weight
zeta_0: -2.3955555555555555555555555555555556
t_0, T_0: -1.3955555555555555555555555555555556 3.3955555555555555555555555555555556
compute alpha weight
compute beta weight
zeta_0: -2.38
t_0, T_0: -1.38 3.38
compute alpha weight
compute beta weight
zeta_0: -2.3644444444444444444444444444444444
t_0, T_0: -1.3644444444444444444444444444444444 3.3644444444444444444444444444444444
compute alpha weight
compute beta weight
zeta_0: -2.3488888888888888888888888888888889
t_0, T_0: -1.3488888888888888888888888888888889 3.3488888888888888888888888888888889
compute alpha weight
compute beta weight
zeta_0: -2.3333333333333333333333333333333333
t_0, T_0: -1.3333333333333333333333333333333333 3.3333333333333333333333333333333333
compute alpha weight
compute beta weight
zeta_0: -2.3177777777777777777777777777777778
t_0, T_0: -1.3177777777777777777777777777777778 3.3177777777777777777777777777777778
compute alpha weight
compute beta weight
zeta_0: -2.3022222222222222222222222222222222
t_0, T_0: -1.3022222222222222222222222222222222 3.3022222222222222222222222222222222
compute alpha weight
compute beta weight
zeta_0: -2.2866666666666666666666666666666667
t_0, T_0: -1.2866666666666666666666666666666667 3.2866666666666666666666666666666667
compute alpha weight
compute beta weight
zeta_0: -2.2711111111111111111111111111111111
t_0, T_0: -1.2711111111111111111111111111111111 3.2711111111111111111111111111111111
compute alpha weight
compute beta weight
zeta_0: -2.2555555555555555555555555555555556
t_0, T_0: -1.2555555555555555555555555555555556 3.2555555555555555555555555555555556
compute alpha weight
compute beta weight
zeta_0: -2.24
t_0, T_0: -1.24 3.24
compute alpha weight
compute beta weight
zeta_0: -2.2244444444444444444444444444444444
t_0, T_0: -1.2244444444444444444444444444444444 3.2244444444444444444444444444444444
compute alpha weight
compute beta weight
zeta_0: -2.2088888888888888888888888888888889
t_0, T_0: -1.2088888888888888888888888888888889 3.2088888888888888888888888888888889
compute alpha weight
compute beta weight
zeta_0: -2.1933333333333333333333333333333333
t_0, T_0: -1.1933333333333333333333333333333333 3.1933333333333333333333333333333333
compute alpha weight
compute beta weight
zeta_0: -2.1777777777777777777777777777777778
t_0, T_0: -1.1777777777777777777777777777777778 3.1777777777777777777777777777777778
compute alpha weight
compute beta weight
zeta_0: -2.1622222222222222222222222222222222
t_0, T_0: -1.1622222222222222222222222222222222 3.1622222222222222222222222222222222
compute alpha weight
compute beta weight
zeta_0: -2.1466666666666666666666666666666667
t_0, T_0: -1.1466666666666666666666666666666667 3.1466666666666666666666666666666667
compute alpha weight
compute beta weight
zeta_0: -2.1311111111111111111111111111111111
t_0, T_0: -1.1311111111111111111111111111111111 3.1311111111111111111111111111111111
compute alpha weight
compute beta weight
zeta_0: -2.1155555555555555555555555555555556
t_0, T_0: -1.1155555555555555555555555555555556 3.1155555555555555555555555555555556
compute alpha weight
compute beta weight
zeta_0: -2.1
t_0, T_0: -1.1 3.1
compute alpha weight
compute beta weight
zeta_0: -2.0844444444444444444444444444444444
t_0, T_0: -1.0844444444444444444444444444444444 3.0844444444444444444444444444444444
compute alpha weight
compute beta weight
zeta_0: -2.0688888888888888888888888888888889
t_0, T_0: -1.0688888888888888888888888888888889 3.0688888888888888888888888888888889
compute alpha weight
compute beta weight
zeta_0: -2.0533333333333333333333333333333333
t_0, T_0: -1.0533333333333333333333333333333333 3.0533333333333333333333333333333333
compute alpha weight
compute beta weight
zeta_0: -2.0377777777777777777777777777777778
t_0, T_0: -1.0377777777777777777777777777777778 3.0377777777777777777777777777777778
compute alpha weight
compute beta weight
zeta_0: -2.0222222222222222222222222222222222
t_0, T_0: -1.0222222222222222222222222222222222 3.0222222222222222222222222222222222
compute alpha weight
compute beta weight
zeta_0: -2.0066666666666666666666666666666667
t_0, T_0: -1.0066666666666666666666666666666667 3.0066666666666666666666666666666667
compute alpha weight
compute beta weight
zeta_0: -1.9911111111111111111111111111111111
t_0, T_0: -0.9911111111111111111111111111111111 2.9911111111111111111111111111111111
compute alpha weight
compute beta weight
zeta_0: -1.9755555555555555555555555555555556
t_0, T_0: -0.9755555555555555555555555555555556 2.9755555555555555555555555555555556
compute alpha weight
compute beta weight
zeta_0: -1.96
t_0, T_0: -0.96 2.96
compute alpha weight
compute beta weight
zeta_0: -1.9444444444444444444444444444444444
t_0, T_0: -0.9444444444444444444444444444444444 2.9444444444444444444444444444444444
compute alpha weight
compute beta weight
zeta_0: -1.9288888888888888888888888888888889
t_0, T_0: -0.9288888888888888888888888888888889 2.9288888888888888888888888888888889
compute alpha weight
compute beta weight
zeta_0: -1.9133333333333333333333333333333333
t_0, T_0: -0.9133333333333333333333333333333333 2.9133333333333333333333333333333333
compute alpha weight
compute beta weight
zeta_0: -1.8977777777777777777777777777777778
t_0, T_0: -0.8977777777777777777777777777777778 2.8977777777777777777777777777777778
compute alpha weight
compute beta weight
zeta_0: -1.8822222222222222222222222222222222
t_0, T_0: -0.8822222222222222222222222222222222 2.8822222222222222222222222222222222
compute alpha weight
compute beta weight
zeta_0: -1.8666666666666666666666666666666667
t_0, T_0: -0.8666666666666666666666666666666667 2.8666666666666666666666666666666667
compute alpha weight
compute beta weight
zeta_0: -1.8511111111111111111111111111111111
t_0, T_0: -0.8511111111111111111111111111111111 2.8511111111111111111111111111111111
compute alpha weight
compute beta weight
zeta_0: -1.8355555555555555555555555555555556
t_0, T_0: -0.8355555555555555555555555555555556 2.8355555555555555555555555555555556
compute alpha weight
compute beta weight
zeta_0: -1.82
t_0, T_0: -0.82 2.82
compute alpha weight
compute beta weight
zeta_0: -1.8044444444444444444444444444444444
t_0, T_0: -0.8044444444444444444444444444444444 2.8044444444444444444444444444444444
compute alpha weight
compute beta weight
zeta_0: -1.7888888888888888888888888888888889
t_0, T_0: -0.7888888888888888888888888888888889 2.7888888888888888888888888888888889
compute alpha weight
compute beta weight
zeta_0: -1.7733333333333333333333333333333333
t_0, T_0: -0.7733333333333333333333333333333333 2.7733333333333333333333333333333333
compute alpha weight
compute beta weight
zeta_0: -1.7577777777777777777777777777777778
t_0, T_0: -0.7577777777777777777777777777777778 2.7577777777777777777777777777777778
compute alpha weight
compute beta weight
zeta_0: -1.7422222222222222222222222222222222
t_0, T_0: -0.7422222222222222222222222222222222 2.7422222222222222222222222222222222
compute alpha weight
compute beta weight
zeta_0: -1.7266666666666666666666666666666667
t_0, T_0: -0.7266666666666666666666666666666667 2.7266666666666666666666666666666667
compute alpha weight
compute beta weight
zeta_0: -1.7111111111111111111111111111111111
t_0, T_0: -0.7111111111111111111111111111111111 2.7111111111111111111111111111111111
compute alpha weight
compute beta weight
zeta_0: -1.6955555555555555555555555555555556
t_0, T_0: -0.6955555555555555555555555555555556 2.6955555555555555555555555555555556
compute alpha weight
compute beta weight
zeta_0: -1.68
t_0, T_0: -0.68 2.68
compute alpha weight
compute beta weight
zeta_0: -1.6644444444444444444444444444444444
t_0, T_0: -0.6644444444444444444444444444444444 2.6644444444444444444444444444444444
compute alpha weight
compute beta weight
zeta_0: -1.6488888888888888888888888888888889
t_0, T_0: -0.6488888888888888888888888888888889 2.6488888888888888888888888888888889
compute alpha weight
compute beta weight
zeta_0: -1.6333333333333333333333333333333333
t_0, T_0: -0.6333333333333333333333333333333333 2.6333333333333333333333333333333333
compute alpha weight
compute beta weight
zeta_0: -1.6177777777777777777777777777777778
t_0, T_0: -0.6177777777777777777777777777777778 2.6177777777777777777777777777777778
compute alpha weight
compute beta weight
zeta_0: -1.6022222222222222222222222222222222
t_0, T_0: -0.6022222222222222222222222222222222 2.6022222222222222222222222222222222
compute alpha weight
compute beta weight
zeta_0: -1.5866666666666666666666666666666667
t_0, T_0: -0.5866666666666666666666666666666667 2.5866666666666666666666666666666667
compute alpha weight
compute beta weight
zeta_0: -1.5711111111111111111111111111111111
t_0, T_0: -0.5711111111111111111111111111111111 2.5711111111111111111111111111111111
compute alpha weight
compute beta weight
zeta_0: -1.5555555555555555555555555555555556
t_0, T_0: -0.5555555555555555555555555555555556 2.5555555555555555555555555555555556
compute alpha weight
compute beta weight
zeta_0: -1.54
t_0, T_0: -0.54 2.54
compute alpha weight
compute beta weight
zeta_0: -1.5244444444444444444444444444444444
t_0, T_0: -0.5244444444444444444444444444444444 2.5244444444444444444444444444444444
compute alpha weight
compute beta weight
zeta_0: -1.5088888888888888888888888888888889
t_0, T_0: -0.5088888888888888888888888888888889 2.5088888888888888888888888888888889
compute alpha weight
compute beta weight
zeta_0: -1.4933333333333333333333333333333333
t_0, T_0: -0.4933333333333333333333333333333333 2.4933333333333333333333333333333333
compute alpha weight
compute beta weight
zeta_0: -1.4777777777777777777777777777777778
t_0, T_0: -0.4777777777777777777777777777777778 2.4777777777777777777777777777777778
compute alpha weight
compute beta weight
zeta_0: -1.4622222222222222222222222222222222
t_0, T_0: -0.4622222222222222222222222222222222 2.4622222222222222222222222222222222
compute alpha weight
compute beta weight
zeta_0: -1.4466666666666666666666666666666667
t_0, T_0: -0.4466666666666666666666666666666667 2.4466666666666666666666666666666667
compute alpha weight
compute beta weight
zeta_0: -1.4311111111111111111111111111111111
t_0, T_0: -0.4311111111111111111111111111111111 2.4311111111111111111111111111111111
compute alpha weight
compute beta weight
zeta_0: -1.4155555555555555555555555555555556
t_0, T_0: -0.4155555555555555555555555555555556 2.4155555555555555555555555555555556
compute alpha weight
compute beta weight
zeta_0: -1.4
t_0, T_0: -0.4 2.4
compute alpha weight
compute beta weight
zeta_0: -1.3844444444444444444444444444444444
t_0, T_0: -0.3844444444444444444444444444444444 2.3844444444444444444444444444444444
compute alpha weight
compute beta weight
zeta_0: -1.3688888888888888888888888888888889
t_0, T_0: -0.3688888888888888888888888888888889 2.3688888888888888888888888888888889
compute alpha weight
compute beta weight
zeta_0: -1.3533333333333333333333333333333333
t_0, T_0: -0.3533333333333333333333333333333333 2.3533333333333333333333333333333333
compute alpha weight
compute beta weight
zeta_0: -1.3377777777777777777777777777777778
t_0, T_0: -0.3377777777777777777777777777777778 2.3377777777777777777777777777777778
compute alpha weight
compute beta weight
zeta_0: -1.3222222222222222222222222222222222
t_0, T_0: -0.3222222222222222222222222222222222 2.3222222222222222222222222222222222
compute alpha weight
compute beta weight
zeta_0: -1.3066666666666666666666666666666667
t_0, T_0: -0.3066666666666666666666666666666667 2.3066666666666666666666666666666667
compute alpha weight
compute beta weight
zeta_0: -1.2911111111111111111111111111111111
t_0, T_0: -0.2911111111111111111111111111111111 2.2911111111111111111111111111111111
compute alpha weight
compute beta weight
zeta_0: -1.2755555555555555555555555555555556
t_0, T_0: -0.2755555555555555555555555555555556 2.2755555555555555555555555555555556
compute alpha weight
compute beta weight
zeta_0: -1.26
t_0, T_0: -0.26 2.26
compute alpha weight
compute beta weight
zeta_0: -1.2444444444444444444444444444444444
t_0, T_0: -0.2444444444444444444444444444444444 2.2444444444444444444444444444444444
compute alpha weight
compute beta weight
zeta_0: -1.2288888888888888888888888888888889
t_0, T_0: -0.2288888888888888888888888888888889 2.2288888888888888888888888888888889
compute alpha weight
compute beta weight
zeta_0: -1.2133333333333333333333333333333333
t_0, T_0: -0.2133333333333333333333333333333333 2.2133333333333333333333333333333333
compute alpha weight
compute beta weight
zeta_0: -1.1977777777777777777777777777777778
t_0, T_0: -0.1977777777777777777777777777777778 2.1977777777777777777777777777777778
compute alpha weight
compute beta weight
zeta_0: -1.1822222222222222222222222222222222
t_0, T_0: -0.1822222222222222222222222222222222 2.1822222222222222222222222222222222
compute alpha weight
compute beta weight
zeta_0: -1.1666666666666666666666666666666667
t_0, T_0: -0.1666666666666666666666666666666667 2.1666666666666666666666666666666667
compute alpha weight
compute beta weight
zeta_0: -1.1511111111111111111111111111111111
t_0, T_0: -0.1511111111111111111111111111111111 2.1511111111111111111111111111111111
compute alpha weight
compute beta weight
zeta_0: -1.1355555555555555555555555555555556
t_0, T_0: -0.1355555555555555555555555555555556 2.1355555555555555555555555555555556
compute alpha weight
compute beta weight
zeta_0: -1.12
t_0, T_0: -0.12 2.12
compute alpha weight
compute beta weight
zeta_0: -1.1044444444444444444444444444444444
t_0, T_0: -0.1044444444444444444444444444444444 2.1044444444444444444444444444444444
compute alpha weight
compute beta weight
zeta_0: -1.0888888888888888888888888888888889
t_0, T_0: -0.088888888888888888888888888888888898 2.0888888888888888888888888888888889
compute alpha weight
compute beta weight
zeta_0: -1.0733333333333333333333333333333333
t_0, T_0: -0.073333333333333333333333333333333299 2.0733333333333333333333333333333333
compute alpha weight
compute beta weight
zeta_0: -1.0577777777777777777777777777777778
t_0, T_0: -0.057777777777777777777777777777777798 2.0577777777777777777777777777777778
compute alpha weight
compute beta weight
zeta_0: -1.0422222222222222222222222222222222
t_0, T_0: -0.042222222222222222222222222222222199 2.0422222222222222222222222222222222
compute alpha weight
compute beta weight
zeta_0: -1.0266666666666666666666666666666667
t_0, T_0: -0.026666666666666666666666666666666698 2.0266666666666666666666666666666667
compute alpha weight
compute beta weight
zeta_0: -1.0111111111111111111111111111111111
t_0, T_0: -0.011111111111111111111111111111111098 2.0111111111111111111111111111111111
compute alpha weight
compute beta weight
zeta_0: -0.99555555555555555555555555555555555
t_0, T_0: 0.0044444444444444444444444444444444512 1.9955555555555555555555555555555556
compute alpha weight
compute beta weight
zeta_0: -0.98
t_0, T_0: 0.020000000000000000000000000000000002 1.98
compute alpha weight
compute beta weight
zeta_0: -0.96444444444444444444444444444444444
t_0, T_0: 0.035555555555555555555555555555555562 1.9644444444444444444444444444444444
compute alpha weight
compute beta weight
zeta_0: -0.94888888888888888888888888888888889
t_0, T_0: 0.051111111111111111111111111111111111 1.9488888888888888888888888888888889
compute alpha weight
compute beta weight
zeta_0: -0.93333333333333333333333333333333333
t_0, T_0: 0.066666666666666666666666666666666671 1.9333333333333333333333333333333333
compute alpha weight
compute beta weight
zeta_0: -0.91777777777777777777777777777777778
t_0, T_0: 0.082222222222222222222222222222222222 1.9177777777777777777777777777777778
compute alpha weight
compute beta weight
zeta_0: -0.90222222222222222222222222222222222
t_0, T_0: 0.097777777777777777777777777777777781 1.9022222222222222222222222222222222
compute alpha weight
compute beta weight
zeta_0: -0.88666666666666666666666666666666667
t_0, T_0: 0.11333333333333333333333333333333333 1.8866666666666666666666666666666667
compute alpha weight
compute beta weight
zeta_0: -0.87111111111111111111111111111111111
t_0, T_0: 0.12888888888888888888888888888888889 1.8711111111111111111111111111111111
compute alpha weight
compute beta weight
zeta_0: -0.85555555555555555555555555555555556
t_0, T_0: 0.14444444444444444444444444444444444 1.8555555555555555555555555555555556
compute alpha weight
compute beta weight
zeta_0: -0.84
t_0, T_0: 0.16 1.84
compute alpha weight
compute beta weight
zeta_0: -0.82444444444444444444444444444444444
t_0, T_0: 0.17555555555555555555555555555555556 1.8244444444444444444444444444444444
compute alpha weight
compute beta weight
zeta_0: -0.80888888888888888888888888888888889
t_0, T_0: 0.19111111111111111111111111111111111 1.8088888888888888888888888888888889
compute alpha weight
compute beta weight
zeta_0: -0.79333333333333333333333333333333333
t_0, T_0: 0.20666666666666666666666666666666667 1.7933333333333333333333333333333333
compute alpha weight
compute beta weight
zeta_0: -0.77777777777777777777777777777777778
t_0, T_0: 0.22222222222222222222222222222222222 1.7777777777777777777777777777777778
compute alpha weight
compute beta weight
zeta_0: -0.76222222222222222222222222222222222
t_0, T_0: 0.23777777777777777777777777777777778 1.7622222222222222222222222222222222
compute alpha weight
compute beta weight
zeta_0: -0.74666666666666666666666666666666667
t_0, T_0: 0.25333333333333333333333333333333333 1.7466666666666666666666666666666667
compute alpha weight
compute beta weight
zeta_0: -0.73111111111111111111111111111111111
t_0, T_0: 0.26888888888888888888888888888888889 1.7311111111111111111111111111111111
compute alpha weight
compute beta weight
zeta_0: -0.71555555555555555555555555555555556
t_0, T_0: 0.28444444444444444444444444444444444 1.7155555555555555555555555555555556
compute alpha weight
compute beta weight
zeta_0: -0.7
t_0, T_0: 0.3 1.7
compute alpha weight
compute beta weight
zeta_0: -0.68444444444444444444444444444444445
t_0, T_0: 0.31555555555555555555555555555555555 1.6844444444444444444444444444444445
compute alpha weight
compute beta weight
zeta_0: -0.66888888888888888888888888888888889
t_0, T_0: 0.33111111111111111111111111111111111 1.6688888888888888888888888888888889
compute alpha weight
compute beta weight
zeta_0: -0.65333333333333333333333333333333334
t_0, T_0: 0.34666666666666666666666666666666666 1.6533333333333333333333333333333333
compute alpha weight
compute beta weight
zeta_0: -0.63777777777777777777777777777777778
t_0, T_0: 0.36222222222222222222222222222222222 1.6377777777777777777777777777777778
compute alpha weight
compute beta weight
zeta_0: -0.62222222222222222222222222222222222
t_0, T_0: 0.37777777777777777777777777777777778 1.6222222222222222222222222222222222
compute alpha weight
compute beta weight
zeta_0: -0.60666666666666666666666666666666667
t_0, T_0: 0.39333333333333333333333333333333333 1.6066666666666666666666666666666667
compute alpha weight
compute beta weight
zeta_0: -0.59111111111111111111111111111111111
t_0, T_0: 0.40888888888888888888888888888888889 1.5911111111111111111111111111111111
compute alpha weight
compute beta weight
zeta_0: -0.57555555555555555555555555555555556
t_0, T_0: 0.42444444444444444444444444444444444 1.5755555555555555555555555555555556
compute alpha weight
compute beta weight
zeta_0: -0.56
t_0, T_0: 0.44 1.56
compute alpha weight
compute beta weight
zeta_0: -0.54444444444444444444444444444444445
t_0, T_0: 0.45555555555555555555555555555555555 1.5444444444444444444444444444444445
compute alpha weight
compute beta weight
zeta_0: -0.52888888888888888888888888888888889
t_0, T_0: 0.47111111111111111111111111111111111 1.5288888888888888888888888888888889
compute alpha weight
compute beta weight
zeta_0: -0.51333333333333333333333333333333334
t_0, T_0: 0.48666666666666666666666666666666666 1.5133333333333333333333333333333333
compute alpha weight
compute beta weight
zeta_0: -0.49777777777777777777777777777777778
t_0, T_0: 0.50222222222222222222222222222222222 1.4977777777777777777777777777777778
compute alpha weight
compute beta weight
zeta_0: -0.48222222222222222222222222222222222
t_0, T_0: 0.51777777777777777777777777777777778 1.4822222222222222222222222222222222
compute alpha weight
compute beta weight
zeta_0: -0.46666666666666666666666666666666667
t_0, T_0: 0.53333333333333333333333333333333333 1.4666666666666666666666666666666667
compute alpha weight
compute beta weight
zeta_0: -0.45111111111111111111111111111111111
t_0, T_0: 0.54888888888888888888888888888888889 1.4511111111111111111111111111111111
compute alpha weight
compute beta weight
zeta_0: -0.43555555555555555555555555555555556
t_0, T_0: 0.56444444444444444444444444444444444 1.4355555555555555555555555555555556
compute alpha weight
compute beta weight
zeta_0: -0.42
t_0, T_0: 0.58 1.42
compute alpha weight
compute beta weight
zeta_0: -0.40444444444444444444444444444444445
t_0, T_0: 0.59555555555555555555555555555555555 1.4044444444444444444444444444444445
compute alpha weight
compute beta weight
zeta_0: -0.38888888888888888888888888888888889
t_0, T_0: 0.61111111111111111111111111111111111 1.3888888888888888888888888888888889
compute alpha weight
compute beta weight
zeta_0: -0.37333333333333333333333333333333334
t_0, T_0: 0.62666666666666666666666666666666666 1.3733333333333333333333333333333333
compute alpha weight
compute beta weight
zeta_0: -0.35777777777777777777777777777777778
t_0, T_0: 0.64222222222222222222222222222222222 1.3577777777777777777777777777777778
compute alpha weight
compute beta weight
zeta_0: -0.34222222222222222222222222222222222
t_0, T_0: 0.65777777777777777777777777777777778 1.3422222222222222222222222222222222
compute alpha weight
compute beta weight
zeta_0: -0.32666666666666666666666666666666667
t_0, T_0: 0.67333333333333333333333333333333333 1.3266666666666666666666666666666667
compute alpha weight
compute beta weight
zeta_0: -0.31111111111111111111111111111111111
t_0, T_0: 0.68888888888888888888888888888888889 1.3111111111111111111111111111111111
compute alpha weight
compute beta weight
zeta_0: -0.29555555555555555555555555555555556
t_0, T_0: 0.70444444444444444444444444444444444 1.2955555555555555555555555555555556
compute alpha weight
compute beta weight
zeta_0: -0.28
t_0, T_0: 0.72 1.28
compute alpha weight
compute beta weight
zeta_0: -0.26444444444444444444444444444444445
t_0, T_0: 0.73555555555555555555555555555555555 1.2644444444444444444444444444444445
compute alpha weight
compute beta weight
zeta_0: -0.24888888888888888888888888888888889
t_0, T_0: 0.75111111111111111111111111111111111 1.2488888888888888888888888888888889
compute alpha weight
compute beta weight
zeta_0: -0.23333333333333333333333333333333333
t_0, T_0: 0.76666666666666666666666666666666667 1.2333333333333333333333333333333333
compute alpha weight
compute beta weight
zeta_0: -0.21777777777777777777777777777777778
t_0, T_0: 0.78222222222222222222222222222222222 1.2177777777777777777777777777777778
compute alpha weight
compute beta weight
zeta_0: -0.20222222222222222222222222222222222
t_0, T_0: 0.79777777777777777777777777777777778 1.2022222222222222222222222222222222
compute alpha weight
compute beta weight
zeta_0: -0.18666666666666666666666666666666667
t_0, T_0: 0.81333333333333333333333333333333333 1.1866666666666666666666666666666667
compute alpha weight
compute beta weight
zeta_0: -0.17111111111111111111111111111111111
t_0, T_0: 0.82888888888888888888888888888888889 1.1711111111111111111111111111111111
compute alpha weight
compute beta weight
zeta_0: -0.15555555555555555555555555555555556
t_0, T_0: 0.84444444444444444444444444444444444 1.1555555555555555555555555555555556
compute alpha weight
compute beta weight
zeta_0: -0.14
t_0, T_0: 0.86 1.14
compute alpha weight
compute beta weight
zeta_0: -0.12444444444444444444444444444444445
t_0, T_0: 0.87555555555555555555555555555555555 1.1244444444444444444444444444444445
compute alpha weight
compute beta weight
zeta_0: -0.10888888888888888888888888888888889
t_0, T_0: 0.89111111111111111111111111111111111 1.1088888888888888888888888888888889
compute alpha weight
compute beta weight
zeta_0: -0.093333333333333333333333333333333331
t_0, T_0: 0.90666666666666666666666666666666667 1.0933333333333333333333333333333333
compute alpha weight
compute beta weight
zeta_0: -0.077777777777777777777777777777777779
t_0, T_0: 0.92222222222222222222222222222222222 1.0777777777777777777777777777777778
compute alpha weight
compute beta weight
zeta_0: -0.062222222222222222222222222222222221
t_0, T_0: 0.93777777777777777777777777777777778 1.0622222222222222222222222222222222
compute alpha weight
compute beta weight
zeta_0: -0.046666666666666666666666666666666669
t_0, T_0: 0.95333333333333333333333333333333333 1.0466666666666666666666666666666667
compute alpha weight
compute beta weight
zeta_0: -0.03111111111111111111111111111111111
t_0, T_0: 0.96888888888888888888888888888888889 1.0311111111111111111111111111111111
compute alpha weight
compute beta weight
zeta_0: -0.015555555555555555555555555555555558
t_0, T_0: 0.98444444444444444444444444444444444 1.0155555555555555555555555555555556
compute alpha weight
compute beta weight
zeta_0: 0.0
t_0, T_0: 1.0 1.0
compute alpha weight
compute beta weight
zeta_0: 0.015555555555555555555555555555555558
t_0, T_0: 1.0155555555555555555555555555555556 0.98444444444444444444444444444444444
compute alpha weight
compute beta weight
zeta_0: 0.03111111111111111111111111111111111
t_0, T_0: 1.0311111111111111111111111111111111 0.96888888888888888888888888888888889
compute alpha weight
compute beta weight
zeta_0: 0.046666666666666666666666666666666669
t_0, T_0: 1.0466666666666666666666666666666667 0.95333333333333333333333333333333333
compute alpha weight
compute beta weight
zeta_0: 0.062222222222222222222222222222222221
t_0, T_0: 1.0622222222222222222222222222222222 0.93777777777777777777777777777777778
compute alpha weight
compute beta weight
zeta_0: 0.077777777777777777777777777777777779
t_0, T_0: 1.0777777777777777777777777777777778 0.92222222222222222222222222222222222
compute alpha weight
compute beta weight
zeta_0: 0.093333333333333333333333333333333331
t_0, T_0: 1.0933333333333333333333333333333333 0.90666666666666666666666666666666667
compute alpha weight
compute beta weight
zeta_0: 0.10888888888888888888888888888888889
t_0, T_0: 1.1088888888888888888888888888888889 0.89111111111111111111111111111111111
compute alpha weight
compute beta weight
zeta_0: 0.12444444444444444444444444444444445
t_0, T_0: 1.1244444444444444444444444444444445 0.87555555555555555555555555555555555
compute alpha weight
compute beta weight
zeta_0: 0.14
t_0, T_0: 1.14 0.86
compute alpha weight
compute beta weight
zeta_0: 0.15555555555555555555555555555555556
t_0, T_0: 1.1555555555555555555555555555555556 0.84444444444444444444444444444444444
compute alpha weight
compute beta weight
zeta_0: 0.17111111111111111111111111111111111
t_0, T_0: 1.1711111111111111111111111111111111 0.82888888888888888888888888888888889
compute alpha weight
compute beta weight
zeta_0: 0.18666666666666666666666666666666667
t_0, T_0: 1.1866666666666666666666666666666667 0.81333333333333333333333333333333333
compute alpha weight
compute beta weight
zeta_0: 0.20222222222222222222222222222222222
t_0, T_0: 1.2022222222222222222222222222222222 0.79777777777777777777777777777777778
compute alpha weight
compute beta weight
zeta_0: 0.21777777777777777777777777777777778
t_0, T_0: 1.2177777777777777777777777777777778 0.78222222222222222222222222222222222
compute alpha weight
compute beta weight
zeta_0: 0.23333333333333333333333333333333333
t_0, T_0: 1.2333333333333333333333333333333333 0.76666666666666666666666666666666667
compute alpha weight
compute beta weight
zeta_0: 0.24888888888888888888888888888888889
t_0, T_0: 1.2488888888888888888888888888888889 0.75111111111111111111111111111111111
compute alpha weight
compute beta weight
zeta_0: 0.26444444444444444444444444444444445
t_0, T_0: 1.2644444444444444444444444444444445 0.73555555555555555555555555555555555
compute alpha weight
compute beta weight
zeta_0: 0.28
t_0, T_0: 1.28 0.72
compute alpha weight
compute beta weight
zeta_0: 0.29555555555555555555555555555555556
t_0, T_0: 1.2955555555555555555555555555555556 0.70444444444444444444444444444444444
compute alpha weight
compute beta weight
zeta_0: 0.31111111111111111111111111111111111
t_0, T_0: 1.3111111111111111111111111111111111 0.68888888888888888888888888888888889
compute alpha weight
compute beta weight
zeta_0: 0.32666666666666666666666666666666667
t_0, T_0: 1.3266666666666666666666666666666667 0.67333333333333333333333333333333333
compute alpha weight
compute beta weight
zeta_0: 0.34222222222222222222222222222222222
t_0, T_0: 1.3422222222222222222222222222222222 0.65777777777777777777777777777777778
compute alpha weight
compute beta weight
zeta_0: 0.35777777777777777777777777777777778
t_0, T_0: 1.3577777777777777777777777777777778 0.64222222222222222222222222222222222
compute alpha weight
compute beta weight
zeta_0: 0.37333333333333333333333333333333334
t_0, T_0: 1.3733333333333333333333333333333333 0.62666666666666666666666666666666666
compute alpha weight
compute beta weight
zeta_0: 0.38888888888888888888888888888888889
t_0, T_0: 1.3888888888888888888888888888888889 0.61111111111111111111111111111111111
compute alpha weight
compute beta weight
zeta_0: 0.40444444444444444444444444444444445
t_0, T_0: 1.4044444444444444444444444444444445 0.59555555555555555555555555555555555
compute alpha weight
compute beta weight
zeta_0: 0.42
t_0, T_0: 1.42 0.58
compute alpha weight
compute beta weight
zeta_0: 0.43555555555555555555555555555555556
t_0, T_0: 1.4355555555555555555555555555555556 0.56444444444444444444444444444444444
compute alpha weight
compute beta weight
zeta_0: 0.45111111111111111111111111111111111
t_0, T_0: 1.4511111111111111111111111111111111 0.54888888888888888888888888888888889
compute alpha weight
compute beta weight
zeta_0: 0.46666666666666666666666666666666667
t_0, T_0: 1.4666666666666666666666666666666667 0.53333333333333333333333333333333333
compute alpha weight
compute beta weight
zeta_0: 0.48222222222222222222222222222222223
t_0, T_0: 1.4822222222222222222222222222222222 0.51777777777777777777777777777777777
compute alpha weight
compute beta weight
zeta_0: 0.49777777777777777777777777777777778
t_0, T_0: 1.4977777777777777777777777777777778 0.50222222222222222222222222222222222
compute alpha weight
compute beta weight
zeta_0: 0.51333333333333333333333333333333334
t_0, T_0: 1.5133333333333333333333333333333333 0.48666666666666666666666666666666666
compute alpha weight
compute beta weight
zeta_0: 0.52888888888888888888888888888888889
t_0, T_0: 1.5288888888888888888888888888888889 0.47111111111111111111111111111111111
compute alpha weight
compute beta weight
zeta_0: 0.54444444444444444444444444444444445
t_0, T_0: 1.5444444444444444444444444444444445 0.45555555555555555555555555555555555
compute alpha weight
compute beta weight
zeta_0: 0.56
t_0, T_0: 1.56 0.44
compute alpha weight
compute beta weight
zeta_0: 0.57555555555555555555555555555555556
t_0, T_0: 1.5755555555555555555555555555555556 0.42444444444444444444444444444444444
compute alpha weight
compute beta weight
zeta_0: 0.59111111111111111111111111111111111
t_0, T_0: 1.5911111111111111111111111111111111 0.40888888888888888888888888888888889
compute alpha weight
compute beta weight
zeta_0: 0.60666666666666666666666666666666667
t_0, T_0: 1.6066666666666666666666666666666667 0.39333333333333333333333333333333333
compute alpha weight
compute beta weight
zeta_0: 0.62222222222222222222222222222222222
t_0, T_0: 1.6222222222222222222222222222222222 0.37777777777777777777777777777777778
compute alpha weight
compute beta weight
zeta_0: 0.63777777777777777777777777777777778
t_0, T_0: 1.6377777777777777777777777777777778 0.36222222222222222222222222222222222
compute alpha weight
compute beta weight
zeta_0: 0.65333333333333333333333333333333334
t_0, T_0: 1.6533333333333333333333333333333333 0.34666666666666666666666666666666666
compute alpha weight
compute beta weight
zeta_0: 0.66888888888888888888888888888888889
t_0, T_0: 1.6688888888888888888888888888888889 0.33111111111111111111111111111111111
compute alpha weight
compute beta weight
zeta_0: 0.68444444444444444444444444444444445
t_0, T_0: 1.6844444444444444444444444444444445 0.31555555555555555555555555555555555
compute alpha weight
compute beta weight
zeta_0: 0.7
t_0, T_0: 1.7 0.3
compute alpha weight
compute beta weight
zeta_0: 0.71555555555555555555555555555555556
t_0, T_0: 1.7155555555555555555555555555555556 0.28444444444444444444444444444444444
compute alpha weight
compute beta weight
zeta_0: 0.73111111111111111111111111111111111
t_0, T_0: 1.7311111111111111111111111111111111 0.26888888888888888888888888888888889
compute alpha weight
compute beta weight
zeta_0: 0.74666666666666666666666666666666667
t_0, T_0: 1.7466666666666666666666666666666667 0.25333333333333333333333333333333333
compute alpha weight
compute beta weight
zeta_0: 0.76222222222222222222222222222222222
t_0, T_0: 1.7622222222222222222222222222222222 0.23777777777777777777777777777777778
compute alpha weight
compute beta weight
zeta_0: 0.77777777777777777777777777777777778
t_0, T_0: 1.7777777777777777777777777777777778 0.22222222222222222222222222222222222
compute alpha weight
compute beta weight
zeta_0: 0.79333333333333333333333333333333333
t_0, T_0: 1.7933333333333333333333333333333333 0.20666666666666666666666666666666667
compute alpha weight
compute beta weight
zeta_0: 0.80888888888888888888888888888888889
t_0, T_0: 1.8088888888888888888888888888888889 0.19111111111111111111111111111111111
compute alpha weight
compute beta weight
zeta_0: 0.82444444444444444444444444444444444
t_0, T_0: 1.8244444444444444444444444444444444 0.17555555555555555555555555555555556
compute alpha weight
compute beta weight
zeta_0: 0.84
t_0, T_0: 1.84 0.16
compute alpha weight
compute beta weight
zeta_0: 0.85555555555555555555555555555555556
t_0, T_0: 1.8555555555555555555555555555555556 0.14444444444444444444444444444444444
compute alpha weight
compute beta weight
zeta_0: 0.87111111111111111111111111111111111
t_0, T_0: 1.8711111111111111111111111111111111 0.12888888888888888888888888888888889
compute alpha weight
compute beta weight
zeta_0: 0.88666666666666666666666666666666667
t_0, T_0: 1.8866666666666666666666666666666667 0.11333333333333333333333333333333333
compute alpha weight
compute beta weight
zeta_0: 0.90222222222222222222222222222222222
t_0, T_0: 1.9022222222222222222222222222222222 0.097777777777777777777777777777777781
compute alpha weight
compute beta weight
zeta_0: 0.91777777777777777777777777777777778
t_0, T_0: 1.9177777777777777777777777777777778 0.082222222222222222222222222222222222
compute alpha weight
compute beta weight
zeta_0: 0.93333333333333333333333333333333333
t_0, T_0: 1.9333333333333333333333333333333333 0.066666666666666666666666666666666671
compute alpha weight
compute beta weight
zeta_0: 0.94888888888888888888888888888888889
t_0, T_0: 1.9488888888888888888888888888888889 0.051111111111111111111111111111111111
compute alpha weight
compute beta weight
zeta_0: 0.96444444444444444444444444444444444
t_0, T_0: 1.9644444444444444444444444444444444 0.035555555555555555555555555555555562
compute alpha weight
compute beta weight
zeta_0: 0.98
t_0, T_0: 1.98 0.020000000000000000000000000000000002
compute alpha weight
compute beta weight
zeta_0: 0.99555555555555555555555555555555555
t_0, T_0: 1.9955555555555555555555555555555556 0.0044444444444444444444444444444444512
compute alpha weight
compute beta weight
zeta_0: 1.0111111111111111111111111111111111
t_0, T_0: 2.0111111111111111111111111111111111 -0.011111111111111111111111111111111098
compute alpha weight
compute beta weight
zeta_0: 1.0266666666666666666666666666666667
t_0, T_0: 2.0266666666666666666666666666666667 -0.026666666666666666666666666666666698
compute alpha weight
compute beta weight
zeta_0: 1.0422222222222222222222222222222222
t_0, T_0: 2.0422222222222222222222222222222222 -0.042222222222222222222222222222222199
compute alpha weight
compute beta weight
zeta_0: 1.0577777777777777777777777777777778
t_0, T_0: 2.0577777777777777777777777777777778 -0.057777777777777777777777777777777798
compute alpha weight
compute beta weight
zeta_0: 1.0733333333333333333333333333333333
t_0, T_0: 2.0733333333333333333333333333333333 -0.073333333333333333333333333333333299
compute alpha weight
compute beta weight
zeta_0: 1.0888888888888888888888888888888889
t_0, T_0: 2.0888888888888888888888888888888889 -0.088888888888888888888888888888888898
compute alpha weight
compute beta weight
zeta_0: 1.1044444444444444444444444444444445
t_0, T_0: 2.1044444444444444444444444444444445 -0.1044444444444444444444444444444445
compute alpha weight
compute beta weight
zeta_0: 1.12
t_0, T_0: 2.12 -0.12
compute alpha weight
compute beta weight
zeta_0: 1.1355555555555555555555555555555556
t_0, T_0: 2.1355555555555555555555555555555556 -0.1355555555555555555555555555555556
compute alpha weight
compute beta weight
zeta_0: 1.1511111111111111111111111111111111
t_0, T_0: 2.1511111111111111111111111111111111 -0.1511111111111111111111111111111111
compute alpha weight
compute beta weight
zeta_0: 1.1666666666666666666666666666666667
t_0, T_0: 2.1666666666666666666666666666666667 -0.1666666666666666666666666666666667
compute alpha weight
compute beta weight
zeta_0: 1.1822222222222222222222222222222222
t_0, T_0: 2.1822222222222222222222222222222222 -0.1822222222222222222222222222222222
compute alpha weight
compute beta weight
zeta_0: 1.1977777777777777777777777777777778
t_0, T_0: 2.1977777777777777777777777777777778 -0.1977777777777777777777777777777778
compute alpha weight
compute beta weight
zeta_0: 1.2133333333333333333333333333333333
t_0, T_0: 2.2133333333333333333333333333333333 -0.2133333333333333333333333333333333
compute alpha weight
compute beta weight
zeta_0: 1.2288888888888888888888888888888889
t_0, T_0: 2.2288888888888888888888888888888889 -0.2288888888888888888888888888888889
compute alpha weight
compute beta weight
zeta_0: 1.2444444444444444444444444444444444
t_0, T_0: 2.2444444444444444444444444444444444 -0.2444444444444444444444444444444444
compute alpha weight
compute beta weight
zeta_0: 1.26
t_0, T_0: 2.26 -0.26
compute alpha weight
compute beta weight
zeta_0: 1.2755555555555555555555555555555556
t_0, T_0: 2.2755555555555555555555555555555556 -0.2755555555555555555555555555555556
compute alpha weight
compute beta weight
zeta_0: 1.2911111111111111111111111111111111
t_0, T_0: 2.2911111111111111111111111111111111 -0.2911111111111111111111111111111111
compute alpha weight
compute beta weight
zeta_0: 1.3066666666666666666666666666666667
t_0, T_0: 2.3066666666666666666666666666666667 -0.3066666666666666666666666666666667
compute alpha weight
compute beta weight
zeta_0: 1.3222222222222222222222222222222222
t_0, T_0: 2.3222222222222222222222222222222222 -0.3222222222222222222222222222222222
compute alpha weight
compute beta weight
zeta_0: 1.3377777777777777777777777777777778
t_0, T_0: 2.3377777777777777777777777777777778 -0.3377777777777777777777777777777778
compute alpha weight
compute beta weight
zeta_0: 1.3533333333333333333333333333333333
t_0, T_0: 2.3533333333333333333333333333333333 -0.3533333333333333333333333333333333
compute alpha weight
compute beta weight
zeta_0: 1.3688888888888888888888888888888889
t_0, T_0: 2.3688888888888888888888888888888889 -0.3688888888888888888888888888888889
compute alpha weight
compute beta weight
zeta_0: 1.3844444444444444444444444444444444
t_0, T_0: 2.3844444444444444444444444444444444 -0.3844444444444444444444444444444444
compute alpha weight
compute beta weight
zeta_0: 1.4
t_0, T_0: 2.4 -0.4
compute alpha weight
compute beta weight
zeta_0: 1.4155555555555555555555555555555556
t_0, T_0: 2.4155555555555555555555555555555556 -0.4155555555555555555555555555555556
compute alpha weight
compute beta weight
zeta_0: 1.4311111111111111111111111111111111
t_0, T_0: 2.4311111111111111111111111111111111 -0.4311111111111111111111111111111111
compute alpha weight
compute beta weight
zeta_0: 1.4466666666666666666666666666666667
t_0, T_0: 2.4466666666666666666666666666666667 -0.4466666666666666666666666666666667
compute alpha weight
compute beta weight
zeta_0: 1.4622222222222222222222222222222222
t_0, T_0: 2.4622222222222222222222222222222222 -0.4622222222222222222222222222222222
compute alpha weight
compute beta weight
zeta_0: 1.4777777777777777777777777777777778
t_0, T_0: 2.4777777777777777777777777777777778 -0.4777777777777777777777777777777778
compute alpha weight
compute beta weight
zeta_0: 1.4933333333333333333333333333333333
t_0, T_0: 2.4933333333333333333333333333333333 -0.4933333333333333333333333333333333
compute alpha weight
compute beta weight
zeta_0: 1.5088888888888888888888888888888889
t_0, T_0: 2.5088888888888888888888888888888889 -0.5088888888888888888888888888888889
compute alpha weight
compute beta weight
zeta_0: 1.5244444444444444444444444444444444
t_0, T_0: 2.5244444444444444444444444444444444 -0.5244444444444444444444444444444444
compute alpha weight
compute beta weight
zeta_0: 1.54
t_0, T_0: 2.54 -0.54
compute alpha weight
compute beta weight
zeta_0: 1.5555555555555555555555555555555556
t_0, T_0: 2.5555555555555555555555555555555556 -0.5555555555555555555555555555555556
compute alpha weight
compute beta weight
zeta_0: 1.5711111111111111111111111111111111
t_0, T_0: 2.5711111111111111111111111111111111 -0.5711111111111111111111111111111111
compute alpha weight
compute beta weight
zeta_0: 1.5866666666666666666666666666666667
t_0, T_0: 2.5866666666666666666666666666666667 -0.5866666666666666666666666666666667
compute alpha weight
compute beta weight
zeta_0: 1.6022222222222222222222222222222222
t_0, T_0: 2.6022222222222222222222222222222222 -0.6022222222222222222222222222222222
compute alpha weight
compute beta weight
zeta_0: 1.6177777777777777777777777777777778
t_0, T_0: 2.6177777777777777777777777777777778 -0.6177777777777777777777777777777778
compute alpha weight
compute beta weight
zeta_0: 1.6333333333333333333333333333333333
t_0, T_0: 2.6333333333333333333333333333333333 -0.6333333333333333333333333333333333
compute alpha weight
compute beta weight
zeta_0: 1.6488888888888888888888888888888889
t_0, T_0: 2.6488888888888888888888888888888889 -0.6488888888888888888888888888888889
compute alpha weight
compute beta weight
zeta_0: 1.6644444444444444444444444444444444
t_0, T_0: 2.6644444444444444444444444444444444 -0.6644444444444444444444444444444444
compute alpha weight
compute beta weight
zeta_0: 1.68
t_0, T_0: 2.68 -0.68
compute alpha weight
compute beta weight
zeta_0: 1.6955555555555555555555555555555556
t_0, T_0: 2.6955555555555555555555555555555556 -0.6955555555555555555555555555555556
compute alpha weight
compute beta weight
zeta_0: 1.7111111111111111111111111111111111
t_0, T_0: 2.7111111111111111111111111111111111 -0.7111111111111111111111111111111111
compute alpha weight
compute beta weight
zeta_0: 1.7266666666666666666666666666666667
t_0, T_0: 2.7266666666666666666666666666666667 -0.7266666666666666666666666666666667
compute alpha weight
compute beta weight
zeta_0: 1.7422222222222222222222222222222222
t_0, T_0: 2.7422222222222222222222222222222222 -0.7422222222222222222222222222222222
compute alpha weight
compute beta weight
zeta_0: 1.7577777777777777777777777777777778
t_0, T_0: 2.7577777777777777777777777777777778 -0.7577777777777777777777777777777778
compute alpha weight
compute beta weight
zeta_0: 1.7733333333333333333333333333333333
t_0, T_0: 2.7733333333333333333333333333333333 -0.7733333333333333333333333333333333
compute alpha weight
compute beta weight
zeta_0: 1.7888888888888888888888888888888889
t_0, T_0: 2.7888888888888888888888888888888889 -0.7888888888888888888888888888888889
compute alpha weight
compute beta weight
zeta_0: 1.8044444444444444444444444444444444
t_0, T_0: 2.8044444444444444444444444444444444 -0.8044444444444444444444444444444444
compute alpha weight
compute beta weight
zeta_0: 1.82
t_0, T_0: 2.82 -0.82
compute alpha weight
compute beta weight
zeta_0: 1.8355555555555555555555555555555556
t_0, T_0: 2.8355555555555555555555555555555556 -0.8355555555555555555555555555555556
compute alpha weight
compute beta weight
zeta_0: 1.8511111111111111111111111111111111
t_0, T_0: 2.8511111111111111111111111111111111 -0.8511111111111111111111111111111111
compute alpha weight
compute beta weight
zeta_0: 1.8666666666666666666666666666666667
t_0, T_0: 2.8666666666666666666666666666666667 -0.8666666666666666666666666666666667
compute alpha weight
compute beta weight
zeta_0: 1.8822222222222222222222222222222222
t_0, T_0: 2.8822222222222222222222222222222222 -0.8822222222222222222222222222222222
compute alpha weight
compute beta weight
zeta_0: 1.8977777777777777777777777777777778
t_0, T_0: 2.8977777777777777777777777777777778 -0.8977777777777777777777777777777778
compute alpha weight
compute beta weight
zeta_0: 1.9133333333333333333333333333333333
t_0, T_0: 2.9133333333333333333333333333333333 -0.9133333333333333333333333333333333
compute alpha weight
compute beta weight
zeta_0: 1.9288888888888888888888888888888889
t_0, T_0: 2.9288888888888888888888888888888889 -0.9288888888888888888888888888888889
compute alpha weight
compute beta weight
zeta_0: 1.9444444444444444444444444444444444
t_0, T_0: 2.9444444444444444444444444444444444 -0.9444444444444444444444444444444444
compute alpha weight
compute beta weight
zeta_0: 1.96
t_0, T_0: 2.96 -0.96
compute alpha weight
compute beta weight
zeta_0: 1.9755555555555555555555555555555556
t_0, T_0: 2.9755555555555555555555555555555556 -0.9755555555555555555555555555555556
compute alpha weight
compute beta weight
zeta_0: 1.9911111111111111111111111111111111
t_0, T_0: 2.9911111111111111111111111111111111 -0.9911111111111111111111111111111111
compute alpha weight
compute beta weight
zeta_0: 2.0066666666666666666666666666666667
t_0, T_0: 3.0066666666666666666666666666666667 -1.0066666666666666666666666666666667
compute alpha weight
compute beta weight
zeta_0: 2.0222222222222222222222222222222222
t_0, T_0: 3.0222222222222222222222222222222222 -1.0222222222222222222222222222222222
compute alpha weight
compute beta weight
zeta_0: 2.0377777777777777777777777777777778
t_0, T_0: 3.0377777777777777777777777777777778 -1.0377777777777777777777777777777778
compute alpha weight
compute beta weight
zeta_0: 2.0533333333333333333333333333333333
t_0, T_0: 3.0533333333333333333333333333333333 -1.0533333333333333333333333333333333
compute alpha weight
compute beta weight
zeta_0: 2.0688888888888888888888888888888889
t_0, T_0: 3.0688888888888888888888888888888889 -1.0688888888888888888888888888888889
compute alpha weight
compute beta weight
zeta_0: 2.0844444444444444444444444444444444
t_0, T_0: 3.0844444444444444444444444444444444 -1.0844444444444444444444444444444444
compute alpha weight
compute beta weight
zeta_0: 2.1
t_0, T_0: 3.1 -1.1
compute alpha weight
compute beta weight
zeta_0: 2.1155555555555555555555555555555556
t_0, T_0: 3.1155555555555555555555555555555556 -1.1155555555555555555555555555555556
compute alpha weight
compute beta weight
zeta_0: 2.1311111111111111111111111111111111
t_0, T_0: 3.1311111111111111111111111111111111 -1.1311111111111111111111111111111111
compute alpha weight
compute beta weight
zeta_0: 2.1466666666666666666666666666666667
t_0, T_0: 3.1466666666666666666666666666666667 -1.1466666666666666666666666666666667
compute alpha weight
compute beta weight
zeta_0: 2.1622222222222222222222222222222222
t_0, T_0: 3.1622222222222222222222222222222222 -1.1622222222222222222222222222222222
compute alpha weight
compute beta weight
zeta_0: 2.1777777777777777777777777777777778
t_0, T_0: 3.1777777777777777777777777777777778 -1.1777777777777777777777777777777778
compute alpha weight
compute beta weight
zeta_0: 2.1933333333333333333333333333333333
t_0, T_0: 3.1933333333333333333333333333333333 -1.1933333333333333333333333333333333
compute alpha weight
compute beta weight
zeta_0: 2.2088888888888888888888888888888889
t_0, T_0: 3.2088888888888888888888888888888889 -1.2088888888888888888888888888888889
compute alpha weight
compute beta weight
zeta_0: 2.2244444444444444444444444444444444
t_0, T_0: 3.2244444444444444444444444444444444 -1.2244444444444444444444444444444444
compute alpha weight
compute beta weight
zeta_0: 2.24
t_0, T_0: 3.24 -1.24
compute alpha weight
compute beta weight
zeta_0: 2.2555555555555555555555555555555556
t_0, T_0: 3.2555555555555555555555555555555556 -1.2555555555555555555555555555555556
compute alpha weight
compute beta weight
zeta_0: 2.2711111111111111111111111111111111
t_0, T_0: 3.2711111111111111111111111111111111 -1.2711111111111111111111111111111111
compute alpha weight
compute beta weight
zeta_0: 2.2866666666666666666666666666666667
t_0, T_0: 3.2866666666666666666666666666666667 -1.2866666666666666666666666666666667
compute alpha weight
compute beta weight
zeta_0: 2.3022222222222222222222222222222222
t_0, T_0: 3.3022222222222222222222222222222222 -1.3022222222222222222222222222222222
compute alpha weight
compute beta weight
zeta_0: 2.3177777777777777777777777777777778
t_0, T_0: 3.3177777777777777777777777777777778 -1.3177777777777777777777777777777778
compute alpha weight
compute beta weight
zeta_0: 2.3333333333333333333333333333333333
t_0, T_0: 3.3333333333333333333333333333333333 -1.3333333333333333333333333333333333
compute alpha weight
compute beta weight
zeta_0: 2.3488888888888888888888888888888889
t_0, T_0: 3.3488888888888888888888888888888889 -1.3488888888888888888888888888888889
compute alpha weight
compute beta weight
zeta_0: 2.3644444444444444444444444444444444
t_0, T_0: 3.3644444444444444444444444444444444 -1.3644444444444444444444444444444444
compute alpha weight
compute beta weight
zeta_0: 2.38
t_0, T_0: 3.38 -1.38
compute alpha weight
compute beta weight
zeta_0: 2.3955555555555555555555555555555555
t_0, T_0: 3.3955555555555555555555555555555555 -1.3955555555555555555555555555555555
compute alpha weight
compute beta weight
zeta_0: 2.4111111111111111111111111111111111
t_0, T_0: 3.4111111111111111111111111111111111 -1.4111111111111111111111111111111111
compute alpha weight
compute beta weight
zeta_0: 2.4266666666666666666666666666666667
t_0, T_0: 3.4266666666666666666666666666666667 -1.4266666666666666666666666666666667
compute alpha weight
compute beta weight
zeta_0: 2.4422222222222222222222222222222222
t_0, T_0: 3.4422222222222222222222222222222222 -1.4422222222222222222222222222222222
compute alpha weight
compute beta weight
zeta_0: 2.4577777777777777777777777777777778
t_0, T_0: 3.4577777777777777777777777777777778 -1.4577777777777777777777777777777778
compute alpha weight
compute beta weight
zeta_0: 2.4733333333333333333333333333333333
t_0, T_0: 3.4733333333333333333333333333333333 -1.4733333333333333333333333333333333
compute alpha weight
compute beta weight
zeta_0: 2.4888888888888888888888888888888889
t_0, T_0: 3.4888888888888888888888888888888889 -1.4888888888888888888888888888888889
compute alpha weight
compute beta weight
zeta_0: 2.5044444444444444444444444444444444
t_0, T_0: 3.5044444444444444444444444444444444 -1.5044444444444444444444444444444444
compute alpha weight
compute beta weight
zeta_0: 2.52
t_0, T_0: 3.52 -1.52
compute alpha weight
compute beta weight
zeta_0: 2.5355555555555555555555555555555556
t_0, T_0: 3.5355555555555555555555555555555556 -1.5355555555555555555555555555555556
compute alpha weight
compute beta weight
zeta_0: 2.5511111111111111111111111111111111
t_0, T_0: 3.5511111111111111111111111111111111 -1.5511111111111111111111111111111111
compute alpha weight
compute beta weight
zeta_0: 2.5666666666666666666666666666666667
t_0, T_0: 3.5666666666666666666666666666666667 -1.5666666666666666666666666666666667
compute alpha weight
compute beta weight
zeta_0: 2.5822222222222222222222222222222222
t_0, T_0: 3.5822222222222222222222222222222222 -1.5822222222222222222222222222222222
compute alpha weight
compute beta weight
zeta_0: 2.5977777777777777777777777777777778
t_0, T_0: 3.5977777777777777777777777777777778 -1.5977777777777777777777777777777778
compute alpha weight
compute beta weight
zeta_0: 2.6133333333333333333333333333333333
t_0, T_0: 3.6133333333333333333333333333333333 -1.6133333333333333333333333333333333
compute alpha weight
compute beta weight
zeta_0: 2.6288888888888888888888888888888889
t_0, T_0: 3.6288888888888888888888888888888889 -1.6288888888888888888888888888888889
compute alpha weight
compute beta weight
zeta_0: 2.6444444444444444444444444444444444
t_0, T_0: 3.6444444444444444444444444444444444 -1.6444444444444444444444444444444444
compute alpha weight
compute beta weight
zeta_0: 2.66
t_0, T_0: 3.66 -1.66
compute alpha weight
compute beta weight
zeta_0: 2.6755555555555555555555555555555556
t_0, T_0: 3.6755555555555555555555555555555556 -1.6755555555555555555555555555555556
compute alpha weight
compute beta weight
zeta_0: 2.6911111111111111111111111111111111
t_0, T_0: 3.6911111111111111111111111111111111 -1.6911111111111111111111111111111111
compute alpha weight
compute beta weight
zeta_0: 2.7066666666666666666666666666666667
t_0, T_0: 3.7066666666666666666666666666666667 -1.7066666666666666666666666666666667
compute alpha weight
compute beta weight
zeta_0: 2.7222222222222222222222222222222222
t_0, T_0: 3.7222222222222222222222222222222222 -1.7222222222222222222222222222222222
compute alpha weight
compute beta weight
zeta_0: 2.7377777777777777777777777777777778
t_0, T_0: 3.7377777777777777777777777777777778 -1.7377777777777777777777777777777778
compute alpha weight
compute beta weight
zeta_0: 2.7533333333333333333333333333333333
t_0, T_0: 3.7533333333333333333333333333333333 -1.7533333333333333333333333333333333
compute alpha weight
compute beta weight
zeta_0: 2.7688888888888888888888888888888889
t_0, T_0: 3.7688888888888888888888888888888889 -1.7688888888888888888888888888888889
compute alpha weight
compute beta weight
zeta_0: 2.7844444444444444444444444444444444
t_0, T_0: 3.7844444444444444444444444444444444 -1.7844444444444444444444444444444444
compute alpha weight
compute beta weight
zeta_0: 2.8
t_0, T_0: 3.8 -1.8
compute alpha weight
compute beta weight
zeta_0: 2.8155555555555555555555555555555556
t_0, T_0: 3.8155555555555555555555555555555556 -1.8155555555555555555555555555555556
compute alpha weight
compute beta weight
zeta_0: 2.8311111111111111111111111111111111
t_0, T_0: 3.8311111111111111111111111111111111 -1.8311111111111111111111111111111111
compute alpha weight
compute beta weight
zeta_0: 2.8466666666666666666666666666666667
t_0, T_0: 3.8466666666666666666666666666666667 -1.8466666666666666666666666666666667
compute alpha weight
compute beta weight
zeta_0: 2.8622222222222222222222222222222222
t_0, T_0: 3.8622222222222222222222222222222222 -1.8622222222222222222222222222222222
compute alpha weight
compute beta weight
zeta_0: 2.8777777777777777777777777777777778
t_0, T_0: 3.8777777777777777777777777777777778 -1.8777777777777777777777777777777778
compute alpha weight
compute beta weight
zeta_0: 2.8933333333333333333333333333333333
t_0, T_0: 3.8933333333333333333333333333333333 -1.8933333333333333333333333333333333
compute alpha weight
compute beta weight
zeta_0: 2.9088888888888888888888888888888889
t_0, T_0: 3.9088888888888888888888888888888889 -1.9088888888888888888888888888888889
compute alpha weight
compute beta weight
zeta_0: 2.9244444444444444444444444444444444
t_0, T_0: 3.9244444444444444444444444444444444 -1.9244444444444444444444444444444444
compute alpha weight
compute beta weight
zeta_0: 2.94
t_0, T_0: 3.94 -1.94
compute alpha weight
compute beta weight
zeta_0: 2.9555555555555555555555555555555556
t_0, T_0: 3.9555555555555555555555555555555556 -1.9555555555555555555555555555555556
compute alpha weight
compute beta weight
zeta_0: 2.9711111111111111111111111111111111
t_0, T_0: 3.9711111111111111111111111111111111 -1.9711111111111111111111111111111111
compute alpha weight
compute beta weight
zeta_0: 2.9866666666666666666666666666666667
t_0, T_0: 3.9866666666666666666666666666666667 -1.9866666666666666666666666666666667
compute alpha weight
compute beta weight
zeta_0: 3.0022222222222222222222222222222222
t_0, T_0: 4.0022222222222222222222222222222222 -2.0022222222222222222222222222222222
compute alpha weight
compute beta weight
zeta_0: 3.0177777777777777777777777777777778
t_0, T_0: 4.0177777777777777777777777777777778 -2.0177777777777777777777777777777778
compute alpha weight
compute beta weight
zeta_0: 3.0333333333333333333333333333333333
t_0, T_0: 4.0333333333333333333333333333333333 -2.0333333333333333333333333333333333
compute alpha weight
compute beta weight
zeta_0: 3.0488888888888888888888888888888889
t_0, T_0: 4.0488888888888888888888888888888889 -2.0488888888888888888888888888888889
compute alpha weight
compute beta weight
zeta_0: 3.0644444444444444444444444444444444
t_0, T_0: 4.0644444444444444444444444444444444 -2.0644444444444444444444444444444444
compute alpha weight
compute beta weight
zeta_0: 3.08
t_0, T_0: 4.08 -2.08
compute alpha weight
compute beta weight
zeta_0: 3.0955555555555555555555555555555556
t_0, T_0: 4.0955555555555555555555555555555556 -2.0955555555555555555555555555555556
compute alpha weight
compute beta weight
zeta_0: 3.1111111111111111111111111111111111
t_0, T_0: 4.1111111111111111111111111111111111 -2.1111111111111111111111111111111111
compute alpha weight
compute beta weight
zeta_0: 3.1266666666666666666666666666666667
t_0, T_0: 4.1266666666666666666666666666666667 -2.1266666666666666666666666666666667
compute alpha weight
compute beta weight
zeta_0: 3.1422222222222222222222222222222222
t_0, T_0: 4.1422222222222222222222222222222222 -2.1422222222222222222222222222222222
compute alpha weight
compute beta weight
zeta_0: 3.1577777777777777777777777777777778
t_0, T_0: 4.1577777777777777777777777777777778 -2.1577777777777777777777777777777778
compute alpha weight
compute beta weight
zeta_0: 3.1733333333333333333333333333333333
t_0, T_0: 4.1733333333333333333333333333333333 -2.1733333333333333333333333333333333
compute alpha weight
compute beta weight
zeta_0: 3.1888888888888888888888888888888889
t_0, T_0: 4.1888888888888888888888888888888889 -2.1888888888888888888888888888888889
compute alpha weight
compute beta weight
zeta_0: 3.2044444444444444444444444444444444
t_0, T_0: 4.2044444444444444444444444444444444 -2.2044444444444444444444444444444444
compute alpha weight
compute beta weight
zeta_0: 3.22
t_0, T_0: 4.22 -2.22
compute alpha weight
compute beta weight
zeta_0: 3.2355555555555555555555555555555556
t_0, T_0: 4.2355555555555555555555555555555556 -2.2355555555555555555555555555555556
compute alpha weight
compute beta weight
zeta_0: 3.2511111111111111111111111111111111
t_0, T_0: 4.2511111111111111111111111111111111 -2.2511111111111111111111111111111111
compute alpha weight
compute beta weight
zeta_0: 3.2666666666666666666666666666666667
t_0, T_0: 4.2666666666666666666666666666666667 -2.2666666666666666666666666666666667
compute alpha weight
compute beta weight
zeta_0: 3.2822222222222222222222222222222222
t_0, T_0: 4.2822222222222222222222222222222222 -2.2822222222222222222222222222222222
compute alpha weight
compute beta weight
zeta_0: 3.2977777777777777777777777777777778
t_0, T_0: 4.2977777777777777777777777777777778 -2.2977777777777777777777777777777778
compute alpha weight
compute beta weight
zeta_0: 3.3133333333333333333333333333333333
t_0, T_0: 4.3133333333333333333333333333333333 -2.3133333333333333333333333333333333
compute alpha weight
compute beta weight
zeta_0: 3.3288888888888888888888888888888889
t_0, T_0: 4.3288888888888888888888888888888889 -2.3288888888888888888888888888888889
compute alpha weight
compute beta weight
zeta_0: 3.3444444444444444444444444444444444
t_0, T_0: 4.3444444444444444444444444444444444 -2.3444444444444444444444444444444444
compute alpha weight
compute beta weight
zeta_0: 3.36
t_0, T_0: 4.36 -2.36
compute alpha weight
compute beta weight
zeta_0: 3.3755555555555555555555555555555556
t_0, T_0: 4.3755555555555555555555555555555556 -2.3755555555555555555555555555555556
compute alpha weight
compute beta weight
zeta_0: 3.3911111111111111111111111111111111
t_0, T_0: 4.3911111111111111111111111111111111 -2.3911111111111111111111111111111111
compute alpha weight
compute beta weight
zeta_0: 3.4066666666666666666666666666666667
t_0, T_0: 4.4066666666666666666666666666666667 -2.4066666666666666666666666666666667
compute alpha weight
compute beta weight
zeta_0: 3.4222222222222222222222222222222222
t_0, T_0: 4.4222222222222222222222222222222222 -2.4222222222222222222222222222222222
compute alpha weight
compute beta weight
zeta_0: 3.4377777777777777777777777777777778
t_0, T_0: 4.4377777777777777777777777777777778 -2.4377777777777777777777777777777778
compute alpha weight
compute beta weight
zeta_0: 3.4533333333333333333333333333333333
t_0, T_0: 4.4533333333333333333333333333333333 -2.4533333333333333333333333333333333
compute alpha weight
compute beta weight
zeta_0: 3.4688888888888888888888888888888889
t_0, T_0: 4.4688888888888888888888888888888889 -2.4688888888888888888888888888888889
compute alpha weight
compute beta weight
zeta_0: 3.4844444444444444444444444444444444
t_0, T_0: 4.4844444444444444444444444444444444 -2.4844444444444444444444444444444444
compute alpha weight
compute beta weight
zeta_0: 3.5
t_0, T_0: 4.5 -2.5
compute alpha weight
compute beta weight
zeta_0: 3.5155555555555555555555555555555556
t_0, T_0: 4.5155555555555555555555555555555556 -2.5155555555555555555555555555555556
compute alpha weight
compute beta weight
zeta_0: 3.5311111111111111111111111111111111
t_0, T_0: 4.5311111111111111111111111111111111 -2.5311111111111111111111111111111111
compute alpha weight
compute beta weight
zeta_0: 3.5466666666666666666666666666666667
t_0, T_0: 4.5466666666666666666666666666666667 -2.5466666666666666666666666666666667
compute alpha weight
compute beta weight
zeta_0: 3.5622222222222222222222222222222222
t_0, T_0: 4.5622222222222222222222222222222222 -2.5622222222222222222222222222222222
compute alpha weight
compute beta weight
zeta_0: 3.5777777777777777777777777777777778
t_0, T_0: 4.5777777777777777777777777777777778 -2.5777777777777777777777777777777778
compute alpha weight
compute beta weight
zeta_0: 3.5933333333333333333333333333333333
t_0, T_0: 4.5933333333333333333333333333333333 -2.5933333333333333333333333333333333
compute alpha weight
compute beta weight
zeta_0: 3.6088888888888888888888888888888889
t_0, T_0: 4.6088888888888888888888888888888889 -2.6088888888888888888888888888888889
compute alpha weight
compute beta weight
zeta_0: 3.6244444444444444444444444444444444
t_0, T_0: 4.6244444444444444444444444444444444 -2.6244444444444444444444444444444444
compute alpha weight
compute beta weight
zeta_0: 3.64
t_0, T_0: 4.64 -2.64
compute alpha weight
compute beta weight
zeta_0: 3.6555555555555555555555555555555556
t_0, T_0: 4.6555555555555555555555555555555556 -2.6555555555555555555555555555555556
compute alpha weight
compute beta weight
zeta_0: 3.6711111111111111111111111111111111
t_0, T_0: 4.6711111111111111111111111111111111 -2.6711111111111111111111111111111111
compute alpha weight
compute beta weight
zeta_0: 3.6866666666666666666666666666666667
t_0, T_0: 4.6866666666666666666666666666666667 -2.6866666666666666666666666666666667
compute alpha weight
compute beta weight
zeta_0: 3.7022222222222222222222222222222222
t_0, T_0: 4.7022222222222222222222222222222222 -2.7022222222222222222222222222222222
compute alpha weight
compute beta weight
zeta_0: 3.7177777777777777777777777777777778
t_0, T_0: 4.7177777777777777777777777777777778 -2.7177777777777777777777777777777778
compute alpha weight
compute beta weight
zeta_0: 3.7333333333333333333333333333333333
t_0, T_0: 4.7333333333333333333333333333333333 -2.7333333333333333333333333333333333
compute alpha weight
compute beta weight
zeta_0: 3.7488888888888888888888888888888889
t_0, T_0: 4.7488888888888888888888888888888889 -2.7488888888888888888888888888888889
compute alpha weight
compute beta weight
zeta_0: 3.7644444444444444444444444444444444
t_0, T_0: 4.7644444444444444444444444444444444 -2.7644444444444444444444444444444444
compute alpha weight
compute beta weight
zeta_0: 3.78
t_0, T_0: 4.78 -2.78
compute alpha weight
compute beta weight
zeta_0: 3.7955555555555555555555555555555556
t_0, T_0: 4.7955555555555555555555555555555556 -2.7955555555555555555555555555555556
compute alpha weight
compute beta weight
zeta_0: 3.8111111111111111111111111111111111
t_0, T_0: 4.8111111111111111111111111111111111 -2.8111111111111111111111111111111111
compute alpha weight
compute beta weight
zeta_0: 3.8266666666666666666666666666666667
t_0, T_0: 4.8266666666666666666666666666666667 -2.8266666666666666666666666666666667
compute alpha weight
compute beta weight
zeta_0: 3.8422222222222222222222222222222222
t_0, T_0: 4.8422222222222222222222222222222222 -2.8422222222222222222222222222222222
compute alpha weight
compute beta weight
zeta_0: 3.8577777777777777777777777777777778
t_0, T_0: 4.8577777777777777777777777777777778 -2.8577777777777777777777777777777778
compute alpha weight
compute beta weight
zeta_0: 3.8733333333333333333333333333333333
t_0, T_0: 4.8733333333333333333333333333333333 -2.8733333333333333333333333333333333
compute alpha weight
compute beta weight
zeta_0: 3.8888888888888888888888888888888889
t_0, T_0: 4.8888888888888888888888888888888889 -2.8888888888888888888888888888888889
compute alpha weight
compute beta weight
zeta_0: 3.9044444444444444444444444444444444
t_0, T_0: 4.9044444444444444444444444444444444 -2.9044444444444444444444444444444444
compute alpha weight
compute beta weight
zeta_0: 3.92
t_0, T_0: 4.92 -2.92
compute alpha weight
compute beta weight
zeta_0: 3.9355555555555555555555555555555556
t_0, T_0: 4.9355555555555555555555555555555556 -2.9355555555555555555555555555555556
compute alpha weight
compute beta weight
zeta_0: 3.9511111111111111111111111111111111
t_0, T_0: 4.9511111111111111111111111111111111 -2.9511111111111111111111111111111111
compute alpha weight
compute beta weight
zeta_0: 3.9666666666666666666666666666666667
t_0, T_0: 4.9666666666666666666666666666666667 -2.9666666666666666666666666666666667
compute alpha weight
compute beta weight
zeta_0: 3.9822222222222222222222222222222222
t_0, T_0: 4.9822222222222222222222222222222222 -2.9822222222222222222222222222222222
compute alpha weight
compute beta weight
zeta_0: 3.9977777777777777777777777777777778
t_0, T_0: 4.9977777777777777777777777777777778 -2.9977777777777777777777777777777778
compute alpha weight
compute beta weight
zeta_0: 4.0133333333333333333333333333333333
t_0, T_0: 5.0133333333333333333333333333333333 -3.0133333333333333333333333333333333
compute alpha weight
compute beta weight
zeta_0: 4.0288888888888888888888888888888889
t_0, T_0: 5.0288888888888888888888888888888889 -3.0288888888888888888888888888888889
compute alpha weight
compute beta weight
zeta_0: 4.0444444444444444444444444444444444
t_0, T_0: 5.0444444444444444444444444444444444 -3.0444444444444444444444444444444444
compute alpha weight
compute beta weight
zeta_0: 4.06
t_0, T_0: 5.06 -3.06
compute alpha weight
compute beta weight
zeta_0: 4.0755555555555555555555555555555556
t_0, T_0: 5.0755555555555555555555555555555556 -3.0755555555555555555555555555555556
compute alpha weight
compute beta weight
zeta_0: 4.0911111111111111111111111111111111
t_0, T_0: 5.0911111111111111111111111111111111 -3.0911111111111111111111111111111111
compute alpha weight
compute beta weight
zeta_0: 4.1066666666666666666666666666666667
t_0, T_0: 5.1066666666666666666666666666666667 -3.1066666666666666666666666666666667
compute alpha weight
compute beta weight
zeta_0: 4.1222222222222222222222222222222222
t_0, T_0: 5.1222222222222222222222222222222222 -3.1222222222222222222222222222222222
compute alpha weight
compute beta weight
zeta_0: 4.1377777777777777777777777777777778
t_0, T_0: 5.1377777777777777777777777777777778 -3.1377777777777777777777777777777778
compute alpha weight
compute beta weight
zeta_0: 4.1533333333333333333333333333333333
t_0, T_0: 5.1533333333333333333333333333333333 -3.1533333333333333333333333333333333
compute alpha weight
compute beta weight
zeta_0: 4.1688888888888888888888888888888889
t_0, T_0: 5.1688888888888888888888888888888889 -3.1688888888888888888888888888888889
compute alpha weight
compute beta weight
zeta_0: 4.1844444444444444444444444444444444
t_0, T_0: 5.1844444444444444444444444444444444 -3.1844444444444444444444444444444444
compute alpha weight
compute beta weight
zeta_0: 4.2
t_0, T_0: 5.2 -3.2
compute alpha weight
compute beta weight
zeta_0: 4.2155555555555555555555555555555556
t_0, T_0: 5.2155555555555555555555555555555556 -3.2155555555555555555555555555555556
compute alpha weight
compute beta weight
zeta_0: 4.2311111111111111111111111111111111
t_0, T_0: 5.2311111111111111111111111111111111 -3.2311111111111111111111111111111111
compute alpha weight
compute beta weight
zeta_0: 4.2466666666666666666666666666666667
t_0, T_0: 5.2466666666666666666666666666666667 -3.2466666666666666666666666666666667
compute alpha weight
compute beta weight
zeta_0: 4.2622222222222222222222222222222222
t_0, T_0: 5.2622222222222222222222222222222222 -3.2622222222222222222222222222222222
compute alpha weight
compute beta weight
zeta_0: 4.2777777777777777777777777777777778
t_0, T_0: 5.2777777777777777777777777777777778 -3.2777777777777777777777777777777778
compute alpha weight
compute beta weight
zeta_0: 4.2933333333333333333333333333333333
t_0, T_0: 5.2933333333333333333333333333333333 -3.2933333333333333333333333333333333
compute alpha weight
compute beta weight
zeta_0: 4.3088888888888888888888888888888889
t_0, T_0: 5.3088888888888888888888888888888889 -3.3088888888888888888888888888888889
compute alpha weight
compute beta weight
zeta_0: 4.3244444444444444444444444444444444
t_0, T_0: 5.3244444444444444444444444444444444 -3.3244444444444444444444444444444444
compute alpha weight
compute beta weight
zeta_0: 4.34
t_0, T_0: 5.34 -3.34
compute alpha weight
compute beta weight
zeta_0: 4.3555555555555555555555555555555556
t_0, T_0: 5.3555555555555555555555555555555556 -3.3555555555555555555555555555555556
compute alpha weight
compute beta weight
zeta_0: 4.3711111111111111111111111111111111
t_0, T_0: 5.3711111111111111111111111111111111 -3.3711111111111111111111111111111111
compute alpha weight
compute beta weight
zeta_0: 4.3866666666666666666666666666666667
t_0, T_0: 5.3866666666666666666666666666666667 -3.3866666666666666666666666666666667
compute alpha weight
compute beta weight
zeta_0: 4.4022222222222222222222222222222222
t_0, T_0: 5.4022222222222222222222222222222222 -3.4022222222222222222222222222222222
compute alpha weight
compute beta weight
zeta_0: 4.4177777777777777777777777777777778
t_0, T_0: 5.4177777777777777777777777777777778 -3.4177777777777777777777777777777778
compute alpha weight
compute beta weight
zeta_0: 4.4333333333333333333333333333333333
t_0, T_0: 5.4333333333333333333333333333333333 -3.4333333333333333333333333333333333
compute alpha weight
compute beta weight
zeta_0: 4.4488888888888888888888888888888889
t_0, T_0: 5.4488888888888888888888888888888889 -3.4488888888888888888888888888888889
compute alpha weight
compute beta weight
zeta_0: 4.4644444444444444444444444444444445
t_0, T_0: 5.4644444444444444444444444444444445 -3.4644444444444444444444444444444445
compute alpha weight
compute beta weight
zeta_0: 4.48
t_0, T_0: 5.48 -3.48
compute alpha weight
compute beta weight
zeta_0: 4.4955555555555555555555555555555556
t_0, T_0: 5.4955555555555555555555555555555556 -3.4955555555555555555555555555555556
compute alpha weight
compute beta weight
zeta_0: 4.5111111111111111111111111111111111
t_0, T_0: 5.5111111111111111111111111111111111 -3.5111111111111111111111111111111111
compute alpha weight
compute beta weight
zeta_0: 4.5266666666666666666666666666666667
t_0, T_0: 5.5266666666666666666666666666666667 -3.5266666666666666666666666666666667
compute alpha weight
compute beta weight
zeta_0: 4.5422222222222222222222222222222222
t_0, T_0: 5.5422222222222222222222222222222222 -3.5422222222222222222222222222222222
compute alpha weight
compute beta weight
zeta_0: 4.5577777777777777777777777777777778
t_0, T_0: 5.5577777777777777777777777777777778 -3.5577777777777777777777777777777778
compute alpha weight
compute beta weight
zeta_0: 4.5733333333333333333333333333333333
t_0, T_0: 5.5733333333333333333333333333333333 -3.5733333333333333333333333333333333
compute alpha weight
compute beta weight
zeta_0: 4.5888888888888888888888888888888889
t_0, T_0: 5.5888888888888888888888888888888889 -3.5888888888888888888888888888888889
compute alpha weight
compute beta weight
zeta_0: 4.6044444444444444444444444444444445
t_0, T_0: 5.6044444444444444444444444444444445 -3.6044444444444444444444444444444445
compute alpha weight
compute beta weight
zeta_0: 4.62
t_0, T_0: 5.62 -3.62
compute alpha weight
compute beta weight
zeta_0: 4.6355555555555555555555555555555556
t_0, T_0: 5.6355555555555555555555555555555556 -3.6355555555555555555555555555555556
compute alpha weight
compute beta weight
zeta_0: 4.6511111111111111111111111111111111
t_0, T_0: 5.6511111111111111111111111111111111 -3.6511111111111111111111111111111111
compute alpha weight
compute beta weight
zeta_0: 4.6666666666666666666666666666666667
t_0, T_0: 5.6666666666666666666666666666666667 -3.6666666666666666666666666666666667
compute alpha weight
compute beta weight
zeta_0: 4.6822222222222222222222222222222222
t_0, T_0: 5.6822222222222222222222222222222222 -3.6822222222222222222222222222222222
compute alpha weight
compute beta weight
zeta_0: 4.6977777777777777777777777777777778
t_0, T_0: 5.6977777777777777777777777777777778 -3.6977777777777777777777777777777778
compute alpha weight
compute beta weight
zeta_0: 4.7133333333333333333333333333333333
t_0, T_0: 5.7133333333333333333333333333333333 -3.7133333333333333333333333333333333
compute alpha weight
compute beta weight
zeta_0: 4.7288888888888888888888888888888889
t_0, T_0: 5.7288888888888888888888888888888889 -3.7288888888888888888888888888888889
compute alpha weight
compute beta weight
zeta_0: 4.7444444444444444444444444444444444
t_0, T_0: 5.7444444444444444444444444444444444 -3.7444444444444444444444444444444444
compute alpha weight
compute beta weight
zeta_0: 4.76
t_0, T_0: 5.76 -3.76
compute alpha weight
compute beta weight
zeta_0: 4.7755555555555555555555555555555556
t_0, T_0: 5.7755555555555555555555555555555556 -3.7755555555555555555555555555555556
compute alpha weight
compute beta weight
zeta_0: 4.7911111111111111111111111111111111
t_0, T_0: 5.7911111111111111111111111111111111 -3.7911111111111111111111111111111111
compute alpha weight
compute beta weight
zeta_0: 4.8066666666666666666666666666666667
t_0, T_0: 5.8066666666666666666666666666666667 -3.8066666666666666666666666666666667
compute alpha weight
compute beta weight
zeta_0: 4.8222222222222222222222222222222222
t_0, T_0: 5.8222222222222222222222222222222222 -3.8222222222222222222222222222222222
compute alpha weight
compute beta weight
zeta_0: 4.8377777777777777777777777777777778
t_0, T_0: 5.8377777777777777777777777777777778 -3.8377777777777777777777777777777778
compute alpha weight
compute beta weight
zeta_0: 4.8533333333333333333333333333333333
t_0, T_0: 5.8533333333333333333333333333333333 -3.8533333333333333333333333333333333
compute alpha weight
compute beta weight
zeta_0: 4.8688888888888888888888888888888889
t_0, T_0: 5.8688888888888888888888888888888889 -3.8688888888888888888888888888888889
compute alpha weight
compute beta weight
zeta_0: 4.8844444444444444444444444444444444
t_0, T_0: 5.8844444444444444444444444444444444 -3.8844444444444444444444444444444444
compute alpha weight
compute beta weight
zeta_0: 4.9
t_0, T_0: 5.9 -3.9
compute alpha weight
compute beta weight
zeta_0: 4.9155555555555555555555555555555556
t_0, T_0: 5.9155555555555555555555555555555556 -3.9155555555555555555555555555555556
compute alpha weight
compute beta weight
zeta_0: 4.9311111111111111111111111111111111
t_0, T_0: 5.9311111111111111111111111111111111 -3.9311111111111111111111111111111111
compute alpha weight
compute beta weight
zeta_0: 4.9466666666666666666666666666666667
t_0, T_0: 5.9466666666666666666666666666666667 -3.9466666666666666666666666666666667
compute alpha weight
compute beta weight
zeta_0: 4.9622222222222222222222222222222222
t_0, T_0: 5.9622222222222222222222222222222222 -3.9622222222222222222222222222222222
compute alpha weight
compute beta weight
zeta_0: 4.9777777777777777777777777777777778
t_0, T_0: 5.9777777777777777777777777777777778 -3.9777777777777777777777777777777778
compute alpha weight
compute beta weight
zeta_0: 4.9933333333333333333333333333333333
t_0, T_0: 5.9933333333333333333333333333333333 -3.9933333333333333333333333333333333
compute alpha weight
compute beta weight
zeta_0: 5.0088888888888888888888888888888889
t_0, T_0: 6.0088888888888888888888888888888889 -4.0088888888888888888888888888888889
compute alpha weight
compute beta weight
zeta_0: 5.0244444444444444444444444444444444
t_0, T_0: 6.0244444444444444444444444444444444 -4.0244444444444444444444444444444444
compute alpha weight
compute beta weight
zeta_0: 5.04
t_0, T_0: 6.04 -4.04
compute alpha weight
compute beta weight
zeta_0: 5.0555555555555555555555555555555556
t_0, T_0: 6.0555555555555555555555555555555556 -4.0555555555555555555555555555555556
compute alpha weight
compute beta weight
zeta_0: 5.0711111111111111111111111111111111
t_0, T_0: 6.0711111111111111111111111111111111 -4.0711111111111111111111111111111111
compute alpha weight
compute beta weight
zeta_0: 5.0866666666666666666666666666666667
t_0, T_0: 6.0866666666666666666666666666666667 -4.0866666666666666666666666666666667
compute alpha weight
compute beta weight
zeta_0: 5.1022222222222222222222222222222222
t_0, T_0: 6.1022222222222222222222222222222222 -4.1022222222222222222222222222222222
compute alpha weight
compute beta weight
zeta_0: 5.1177777777777777777777777777777778
t_0, T_0: 6.1177777777777777777777777777777778 -4.1177777777777777777777777777777778
compute alpha weight
compute beta weight
zeta_0: 5.1333333333333333333333333333333333
t_0, T_0: 6.1333333333333333333333333333333333 -4.1333333333333333333333333333333333
compute alpha weight
compute beta weight
zeta_0: 5.1488888888888888888888888888888889
t_0, T_0: 6.1488888888888888888888888888888889 -4.1488888888888888888888888888888889
compute alpha weight
compute beta weight
zeta_0: 5.1644444444444444444444444444444444
t_0, T_0: 6.1644444444444444444444444444444444 -4.1644444444444444444444444444444444
compute alpha weight
compute beta weight
zeta_0: 5.18
t_0, T_0: 6.18 -4.18
compute alpha weight
compute beta weight
zeta_0: 5.1955555555555555555555555555555556
t_0, T_0: 6.1955555555555555555555555555555556 -4.1955555555555555555555555555555556
compute alpha weight
compute beta weight
zeta_0: 5.2111111111111111111111111111111111
t_0, T_0: 6.2111111111111111111111111111111111 -4.2111111111111111111111111111111111
compute alpha weight
compute beta weight
zeta_0: 5.2266666666666666666666666666666667
t_0, T_0: 6.2266666666666666666666666666666667 -4.2266666666666666666666666666666667
compute alpha weight
compute beta weight
zeta_0: 5.2422222222222222222222222222222222
t_0, T_0: 6.2422222222222222222222222222222222 -4.2422222222222222222222222222222222
compute alpha weight
compute beta weight
zeta_0: 5.2577777777777777777777777777777778
t_0, T_0: 6.2577777777777777777777777777777778 -4.2577777777777777777777777777777778
compute alpha weight
compute beta weight
zeta_0: 5.2733333333333333333333333333333333
t_0, T_0: 6.2733333333333333333333333333333333 -4.2733333333333333333333333333333333
compute alpha weight
compute beta weight
zeta_0: 5.2888888888888888888888888888888889
t_0, T_0: 6.2888888888888888888888888888888889 -4.2888888888888888888888888888888889
compute alpha weight
compute beta weight
zeta_0: 5.3044444444444444444444444444444444
t_0, T_0: 6.3044444444444444444444444444444444 -4.3044444444444444444444444444444444
compute alpha weight
compute beta weight
zeta_0: 5.32
t_0, T_0: 6.32 -4.32
compute alpha weight
compute beta weight
zeta_0: 5.3355555555555555555555555555555556
t_0, T_0: 6.3355555555555555555555555555555556 -4.3355555555555555555555555555555556
compute alpha weight
compute beta weight
zeta_0: 5.3511111111111111111111111111111111
t_0, T_0: 6.3511111111111111111111111111111111 -4.3511111111111111111111111111111111
compute alpha weight
compute beta weight
zeta_0: 5.3666666666666666666666666666666667
t_0, T_0: 6.3666666666666666666666666666666667 -4.3666666666666666666666666666666667
compute alpha weight
compute beta weight
zeta_0: 5.3822222222222222222222222222222222
t_0, T_0: 6.3822222222222222222222222222222222 -4.3822222222222222222222222222222222
compute alpha weight
compute beta weight
zeta_0: 5.3977777777777777777777777777777778
t_0, T_0: 6.3977777777777777777777777777777778 -4.3977777777777777777777777777777778
compute alpha weight
compute beta weight
zeta_0: 5.4133333333333333333333333333333333
t_0, T_0: 6.4133333333333333333333333333333333 -4.4133333333333333333333333333333333
compute alpha weight
compute beta weight
zeta_0: 5.4288888888888888888888888888888889
t_0, T_0: 6.4288888888888888888888888888888889 -4.4288888888888888888888888888888889
compute alpha weight
compute beta weight
zeta_0: 5.4444444444444444444444444444444444
t_0, T_0: 6.4444444444444444444444444444444444 -4.4444444444444444444444444444444444
compute alpha weight
compute beta weight
zeta_0: 5.46
t_0, T_0: 6.46 -4.46
compute alpha weight
compute beta weight
zeta_0: 5.4755555555555555555555555555555556
t_0, T_0: 6.4755555555555555555555555555555556 -4.4755555555555555555555555555555556
compute alpha weight
compute beta weight
zeta_0: 5.4911111111111111111111111111111111
t_0, T_0: 6.4911111111111111111111111111111111 -4.4911111111111111111111111111111111
compute alpha weight
compute beta weight
zeta_0: 5.5066666666666666666666666666666667
t_0, T_0: 6.5066666666666666666666666666666667 -4.5066666666666666666666666666666667
compute alpha weight
compute beta weight
zeta_0: 5.5222222222222222222222222222222222
t_0, T_0: 6.5222222222222222222222222222222222 -4.5222222222222222222222222222222222
compute alpha weight
compute beta weight
zeta_0: 5.5377777777777777777777777777777778
t_0, T_0: 6.5377777777777777777777777777777778 -4.5377777777777777777777777777777778
compute alpha weight
compute beta weight
zeta_0: 5.5533333333333333333333333333333333
t_0, T_0: 6.5533333333333333333333333333333333 -4.5533333333333333333333333333333333
compute alpha weight
compute beta weight
zeta_0: 5.5688888888888888888888888888888889
t_0, T_0: 6.5688888888888888888888888888888889 -4.5688888888888888888888888888888889
compute alpha weight
compute beta weight
zeta_0: 5.5844444444444444444444444444444444
t_0, T_0: 6.5844444444444444444444444444444444 -4.5844444444444444444444444444444444
compute alpha weight
compute beta weight
zeta_0: 5.6
t_0, T_0: 6.6 -4.6
compute alpha weight
compute beta weight
zeta_0: 5.6155555555555555555555555555555556
t_0, T_0: 6.6155555555555555555555555555555556 -4.6155555555555555555555555555555556
compute alpha weight
compute beta weight
zeta_0: 5.6311111111111111111111111111111111
t_0, T_0: 6.6311111111111111111111111111111111 -4.6311111111111111111111111111111111
compute alpha weight
compute beta weight
zeta_0: 5.6466666666666666666666666666666667
t_0, T_0: 6.6466666666666666666666666666666667 -4.6466666666666666666666666666666667
compute alpha weight
compute beta weight
zeta_0: 5.6622222222222222222222222222222222
t_0, T_0: 6.6622222222222222222222222222222222 -4.6622222222222222222222222222222222
compute alpha weight
compute beta weight
zeta_0: 5.6777777777777777777777777777777778
t_0, T_0: 6.6777777777777777777777777777777778 -4.6777777777777777777777777777777778
compute alpha weight
compute beta weight
zeta_0: 5.6933333333333333333333333333333333
t_0, T_0: 6.6933333333333333333333333333333333 -4.6933333333333333333333333333333333
compute alpha weight
compute beta weight
zeta_0: 5.7088888888888888888888888888888889
t_0, T_0: 6.7088888888888888888888888888888889 -4.7088888888888888888888888888888889
compute alpha weight
compute beta weight
zeta_0: 5.7244444444444444444444444444444444
t_0, T_0: 6.7244444444444444444444444444444444 -4.7244444444444444444444444444444444
compute alpha weight
compute beta weight
zeta_0: 5.74
t_0, T_0: 6.74 -4.74
compute alpha weight
compute beta weight
zeta_0: 5.7555555555555555555555555555555556
t_0, T_0: 6.7555555555555555555555555555555556 -4.7555555555555555555555555555555556
compute alpha weight
compute beta weight
zeta_0: 5.7711111111111111111111111111111111
t_0, T_0: 6.7711111111111111111111111111111111 -4.7711111111111111111111111111111111
compute alpha weight
compute beta weight
zeta_0: 5.7866666666666666666666666666666667
t_0, T_0: 6.7866666666666666666666666666666667 -4.7866666666666666666666666666666667
compute alpha weight
compute beta weight
zeta_0: 5.8022222222222222222222222222222222
t_0, T_0: 6.8022222222222222222222222222222222 -4.8022222222222222222222222222222222
compute alpha weight
compute beta weight
zeta_0: 5.8177777777777777777777777777777778
t_0, T_0: 6.8177777777777777777777777777777778 -4.8177777777777777777777777777777778
compute alpha weight
compute beta weight
zeta_0: 5.8333333333333333333333333333333333
t_0, T_0: 6.8333333333333333333333333333333333 -4.8333333333333333333333333333333333
compute alpha weight
compute beta weight
zeta_0: 5.8488888888888888888888888888888889
t_0, T_0: 6.8488888888888888888888888888888889 -4.8488888888888888888888888888888889
compute alpha weight
compute beta weight
zeta_0: 5.8644444444444444444444444444444444
t_0, T_0: 6.8644444444444444444444444444444444 -4.8644444444444444444444444444444444
compute alpha weight
compute beta weight
zeta_0: 5.88
t_0, T_0: 6.88 -4.88
compute alpha weight
compute beta weight
zeta_0: 5.8955555555555555555555555555555555
t_0, T_0: 6.8955555555555555555555555555555555 -4.8955555555555555555555555555555555
compute alpha weight
compute beta weight
zeta_0: 5.9111111111111111111111111111111111
t_0, T_0: 6.9111111111111111111111111111111111 -4.9111111111111111111111111111111111
compute alpha weight
compute beta weight
zeta_0: 5.9266666666666666666666666666666667
t_0, T_0: 6.9266666666666666666666666666666667 -4.9266666666666666666666666666666667
compute alpha weight
compute beta weight
zeta_0: 5.9422222222222222222222222222222222
t_0, T_0: 6.9422222222222222222222222222222222 -4.9422222222222222222222222222222222
compute alpha weight
compute beta weight
zeta_0: 5.9577777777777777777777777777777778
t_0, T_0: 6.9577777777777777777777777777777778 -4.9577777777777777777777777777777778
compute alpha weight
compute beta weight
zeta_0: 5.9733333333333333333333333333333333
t_0, T_0: 6.9733333333333333333333333333333333 -4.9733333333333333333333333333333333
compute alpha weight
compute beta weight
zeta_0: 5.9888888888888888888888888888888889
t_0, T_0: 6.9888888888888888888888888888888889 -4.9888888888888888888888888888888889
compute alpha weight
compute beta weight
zeta_0: 6.0044444444444444444444444444444444
t_0, T_0: 7.0044444444444444444444444444444444 -5.0044444444444444444444444444444444
compute alpha weight
compute beta weight
zeta_0: 6.02
t_0, T_0: 7.02 -5.02
compute alpha weight
compute beta weight
zeta_0: 6.0355555555555555555555555555555556
t_0, T_0: 7.0355555555555555555555555555555556 -5.0355555555555555555555555555555556
compute alpha weight
compute beta weight
zeta_0: 6.0511111111111111111111111111111111
t_0, T_0: 7.0511111111111111111111111111111111 -5.0511111111111111111111111111111111
compute alpha weight
compute beta weight
zeta_0: 6.0666666666666666666666666666666667
t_0, T_0: 7.0666666666666666666666666666666667 -5.0666666666666666666666666666666667
compute alpha weight
compute beta weight
zeta_0: 6.0822222222222222222222222222222222
t_0, T_0: 7.0822222222222222222222222222222222 -5.0822222222222222222222222222222222
compute alpha weight
compute beta weight
zeta_0: 6.0977777777777777777777777777777778
t_0, T_0: 7.0977777777777777777777777777777778 -5.0977777777777777777777777777777778
compute alpha weight
compute beta weight
zeta_0: 6.1133333333333333333333333333333333
t_0, T_0: 7.1133333333333333333333333333333333 -5.1133333333333333333333333333333333
compute alpha weight
compute beta weight
zeta_0: 6.1288888888888888888888888888888889
t_0, T_0: 7.1288888888888888888888888888888889 -5.1288888888888888888888888888888889
compute alpha weight
compute beta weight
zeta_0: 6.1444444444444444444444444444444444
t_0, T_0: 7.1444444444444444444444444444444444 -5.1444444444444444444444444444444444
compute alpha weight
compute beta weight
zeta_0: 6.16
t_0, T_0: 7.16 -5.16
compute alpha weight
compute beta weight
zeta_0: 6.1755555555555555555555555555555556
t_0, T_0: 7.1755555555555555555555555555555556 -5.1755555555555555555555555555555556
compute alpha weight
compute beta weight
zeta_0: 6.1911111111111111111111111111111111
t_0, T_0: 7.1911111111111111111111111111111111 -5.1911111111111111111111111111111111
compute alpha weight
compute beta weight
zeta_0: 6.2066666666666666666666666666666667
t_0, T_0: 7.2066666666666666666666666666666667 -5.2066666666666666666666666666666667
compute alpha weight
compute beta weight
zeta_0: 6.2222222222222222222222222222222222
t_0, T_0: 7.2222222222222222222222222222222222 -5.2222222222222222222222222222222222
compute alpha weight
compute beta weight
zeta_0: 6.2377777777777777777777777777777778
t_0, T_0: 7.2377777777777777777777777777777778 -5.2377777777777777777777777777777778
compute alpha weight
compute beta weight
zeta_0: 6.2533333333333333333333333333333333
t_0, T_0: 7.2533333333333333333333333333333333 -5.2533333333333333333333333333333333
compute alpha weight
compute beta weight
zeta_0: 6.2688888888888888888888888888888889
t_0, T_0: 7.2688888888888888888888888888888889 -5.2688888888888888888888888888888889
compute alpha weight
compute beta weight
zeta_0: 6.2844444444444444444444444444444444
t_0, T_0: 7.2844444444444444444444444444444444 -5.2844444444444444444444444444444444
compute alpha weight
compute beta weight
zeta_0: 6.3
t_0, T_0: 7.3 -5.3
compute alpha weight
compute beta weight
zeta_0: 6.3155555555555555555555555555555556
t_0, T_0: 7.3155555555555555555555555555555556 -5.3155555555555555555555555555555556
compute alpha weight
compute beta weight
zeta_0: 6.3311111111111111111111111111111111
t_0, T_0: 7.3311111111111111111111111111111111 -5.3311111111111111111111111111111111
compute alpha weight
compute beta weight
zeta_0: 6.3466666666666666666666666666666667
t_0, T_0: 7.3466666666666666666666666666666667 -5.3466666666666666666666666666666667
compute alpha weight
compute beta weight
zeta_0: 6.3622222222222222222222222222222222
t_0, T_0: 7.3622222222222222222222222222222222 -5.3622222222222222222222222222222222
compute alpha weight
compute beta weight
zeta_0: 6.3777777777777777777777777777777778
t_0, T_0: 7.3777777777777777777777777777777778 -5.3777777777777777777777777777777778
compute alpha weight
compute beta weight
zeta_0: 6.3933333333333333333333333333333333
t_0, T_0: 7.3933333333333333333333333333333333 -5.3933333333333333333333333333333333
compute alpha weight
compute beta weight
zeta_0: 6.4088888888888888888888888888888889
t_0, T_0: 7.4088888888888888888888888888888889 -5.4088888888888888888888888888888889
compute alpha weight
compute beta weight
zeta_0: 6.4244444444444444444444444444444444
t_0, T_0: 7.4244444444444444444444444444444444 -5.4244444444444444444444444444444444
compute alpha weight
compute beta weight
zeta_0: 6.44
t_0, T_0: 7.44 -5.44
compute alpha weight
compute beta weight
zeta_0: 6.4555555555555555555555555555555556
t_0, T_0: 7.4555555555555555555555555555555556 -5.4555555555555555555555555555555556
compute alpha weight
compute beta weight
zeta_0: 6.4711111111111111111111111111111111
t_0, T_0: 7.4711111111111111111111111111111111 -5.4711111111111111111111111111111111
compute alpha weight
compute beta weight
zeta_0: 6.4866666666666666666666666666666667
t_0, T_0: 7.4866666666666666666666666666666667 -5.4866666666666666666666666666666667
compute alpha weight
compute beta weight
zeta_0: 6.5022222222222222222222222222222222
t_0, T_0: 7.5022222222222222222222222222222222 -5.5022222222222222222222222222222222
compute alpha weight
compute beta weight
zeta_0: 6.5177777777777777777777777777777778
t_0, T_0: 7.5177777777777777777777777777777778 -5.5177777777777777777777777777777778
compute alpha weight
compute beta weight
zeta_0: 6.5333333333333333333333333333333333
t_0, T_0: 7.5333333333333333333333333333333333 -5.5333333333333333333333333333333333
compute alpha weight
compute beta weight
zeta_0: 6.5488888888888888888888888888888889
t_0, T_0: 7.5488888888888888888888888888888889 -5.5488888888888888888888888888888889
compute alpha weight
compute beta weight
zeta_0: 6.5644444444444444444444444444444444
t_0, T_0: 7.5644444444444444444444444444444444 -5.5644444444444444444444444444444444
compute alpha weight
compute beta weight
zeta_0: 6.58
t_0, T_0: 7.58 -5.58
compute alpha weight
compute beta weight
zeta_0: 6.5955555555555555555555555555555556
t_0, T_0: 7.5955555555555555555555555555555556 -5.5955555555555555555555555555555556
compute alpha weight
compute beta weight
zeta_0: 6.6111111111111111111111111111111111
t_0, T_0: 7.6111111111111111111111111111111111 -5.6111111111111111111111111111111111
compute alpha weight
compute beta weight
zeta_0: 6.6266666666666666666666666666666667
t_0, T_0: 7.6266666666666666666666666666666667 -5.6266666666666666666666666666666667
compute alpha weight
compute beta weight
zeta_0: 6.6422222222222222222222222222222222
t_0, T_0: 7.6422222222222222222222222222222222 -5.6422222222222222222222222222222222
compute alpha weight
compute beta weight
zeta_0: 6.6577777777777777777777777777777778
t_0, T_0: 7.6577777777777777777777777777777778 -5.6577777777777777777777777777777778
compute alpha weight
compute beta weight
zeta_0: 6.6733333333333333333333333333333333
t_0, T_0: 7.6733333333333333333333333333333333 -5.6733333333333333333333333333333333
compute alpha weight
compute beta weight
zeta_0: 6.6888888888888888888888888888888889
t_0, T_0: 7.6888888888888888888888888888888889 -5.6888888888888888888888888888888889
compute alpha weight
compute beta weight
zeta_0: 6.7044444444444444444444444444444444
t_0, T_0: 7.7044444444444444444444444444444444 -5.7044444444444444444444444444444444
compute alpha weight
compute beta weight
zeta_0: 6.72
t_0, T_0: 7.72 -5.72
compute alpha weight
compute beta weight
zeta_0: 6.7355555555555555555555555555555556
t_0, T_0: 7.7355555555555555555555555555555556 -5.7355555555555555555555555555555556
compute alpha weight
compute beta weight
zeta_0: 6.7511111111111111111111111111111111
t_0, T_0: 7.7511111111111111111111111111111111 -5.7511111111111111111111111111111111
compute alpha weight
compute beta weight
zeta_0: 6.7666666666666666666666666666666667
t_0, T_0: 7.7666666666666666666666666666666667 -5.7666666666666666666666666666666667
compute alpha weight
compute beta weight
zeta_0: 6.7822222222222222222222222222222222
t_0, T_0: 7.7822222222222222222222222222222222 -5.7822222222222222222222222222222222
compute alpha weight
compute beta weight
zeta_0: 6.7977777777777777777777777777777778
t_0, T_0: 7.7977777777777777777777777777777778 -5.7977777777777777777777777777777778
compute alpha weight
compute beta weight
zeta_0: 6.8133333333333333333333333333333333
t_0, T_0: 7.8133333333333333333333333333333333 -5.8133333333333333333333333333333333
compute alpha weight
compute beta weight
zeta_0: 6.8288888888888888888888888888888889
t_0, T_0: 7.8288888888888888888888888888888889 -5.8288888888888888888888888888888889
compute alpha weight
compute beta weight
zeta_0: 6.8444444444444444444444444444444444
t_0, T_0: 7.8444444444444444444444444444444444 -5.8444444444444444444444444444444444
compute alpha weight
compute beta weight
zeta_0: 6.86
t_0, T_0: 7.86 -5.86
compute alpha weight
compute beta weight
zeta_0: 6.8755555555555555555555555555555556
t_0, T_0: 7.8755555555555555555555555555555556 -5.8755555555555555555555555555555556
compute alpha weight
compute beta weight
zeta_0: 6.8911111111111111111111111111111111
t_0, T_0: 7.8911111111111111111111111111111111 -5.8911111111111111111111111111111111
compute alpha weight
compute beta weight
zeta_0: 6.9066666666666666666666666666666667
t_0, T_0: 7.9066666666666666666666666666666667 -5.9066666666666666666666666666666667
compute alpha weight
compute beta weight
zeta_0: 6.9222222222222222222222222222222222
t_0, T_0: 7.9222222222222222222222222222222222 -5.9222222222222222222222222222222222
compute alpha weight
compute beta weight
zeta_0: 6.9377777777777777777777777777777778
t_0, T_0: 7.9377777777777777777777777777777778 -5.9377777777777777777777777777777778
compute alpha weight
compute beta weight
zeta_0: 6.9533333333333333333333333333333333
t_0, T_0: 7.9533333333333333333333333333333333 -5.9533333333333333333333333333333333
compute alpha weight
compute beta weight
zeta_0: 6.9688888888888888888888888888888889
t_0, T_0: 7.9688888888888888888888888888888889 -5.9688888888888888888888888888888889
compute alpha weight
compute beta weight
zeta_0: 6.9844444444444444444444444444444444
t_0, T_0: 7.9844444444444444444444444444444444 -5.9844444444444444444444444444444444
compute alpha weight
compute beta weight
zeta_0: 7.0
t_0, T_0: 8.0 -6.0
compute alpha weight
compute beta weight
*********************************************
Finish evaluating weight function
*********************************************
zeta_0: -7.0
alpha_fdp: 0.99999999999999999999832068177393962
zeta_0: -6.9844444444444444444444444444444444
alpha_fdp: 0.99999999999999999999787827581785156
zeta_0: -6.9688888888888888888888888888888889
alpha_fdp: 0.99999999999999999999732091309907517
zeta_0: -6.9533333333333333333333333333333333
alpha_fdp: 0.99999999999999999999661914426746604
zeta_0: -6.9377777777777777777777777777777778
alpha_fdp: 0.99999999999999999999573608583130458
zeta_0: -6.9222222222222222222222222222222222
alpha_fdp: 0.99999999999999999999462557187484197
zeta_0: -6.9066666666666666666666666666666667
alpha_fdp: 0.99999999999999999999322985346553087
zeta_0: -6.8911111111111111111111111111111111
alpha_fdp: 0.99999999999999999999147673686786579
zeta_0: -6.8755555555555555555555555555555556
alpha_fdp: 0.99999999999999999998927602591526852
zeta_0: -6.86
alpha_fdp: 0.99999999999999999998651510213718488
zeta_0: -6.8444444444444444444444444444444444
alpha_fdp: 0.99999999999999999998305844568073485
zeta_0: -6.8288888888888888888888888888888889
alpha_fdp: 0.99999999999999999997872205769468688
zeta_0: -6.8133333333333333333333333333333333
alpha_fdp: 0.99999999999999999997329158656879619
zeta_0: -6.7977777777777777777777777777777778
alpha_fdp: 0.99999999999999999996649507447573103
zeta_0: -6.7822222222222222222222222222222222
alpha_fdp: 0.99999999999999999995799399868999085
zeta_0: -6.7666666666666666666666666666666667
alpha_fdp: 0.99999999999999999994736723824582155
zeta_0: -6.7511111111111111111111111111111111
alpha_fdp: 0.99999999999999999993409124257991098
zeta_0: -6.7355555555555555555555555555555556
alpha_fdp: 0.99999999999999999991751551799142286
zeta_0: -6.72
alpha_fdp: 0.99999999999999999989683234562836232
zeta_0: -6.7044444444444444444444444444444444
alpha_fdp: 0.99999999999999999987103939725148003
zeta_0: -6.6888888888888888888888888888888889
alpha_fdp: 0.99999999999999999983893998870339521
zeta_0: -6.6733333333333333333333333333333333
alpha_fdp: 0.99999999999999999979891207698857575
zeta_0: -6.6577777777777777777777777777777778
alpha_fdp: 0.99999999999999999974908507752417468
zeta_0: -6.6422222222222222222222222222222222
alpha_fdp: 0.9999999999999999996870973456511244
zeta_0: -6.6266666666666666666666666666666667
alpha_fdp: 0.99999999999999999961002723805406634
zeta_0: -6.6111111111111111111111111111111111
alpha_fdp: 0.99999999999999999951426255105350769
zeta_0: -6.5955555555555555555555555555555556
alpha_fdp: 0.99999999999999999939534005100996786
zeta_0: -6.58
alpha_fdp: 0.99999999999999999924774837096697232
zeta_0: -6.5644444444444444444444444444444444
alpha_fdp: 0.99999999999999999906468606405530825
zeta_0: -6.5488888888888888888888888888888889
alpha_fdp: 0.99999999999999999883776479990364442
zeta_0: -6.5333333333333333333333333333333333
alpha_fdp: 0.99999999999999999855704989543692755
zeta_0: -6.5177777777777777777777777777777778
alpha_fdp: 0.9999999999999999982090930639426269
zeta_0: -6.5022222222222222222222222222222222
alpha_fdp: 0.99999999999999999777854702801902842
zeta_0: -6.4866666666666666666666666666666667
alpha_fdp: 0.99999999999999999724612865828375629
zeta_0: -6.4711111111111111111111111111111111
alpha_fdp: 0.99999999999999999658812898746435511
zeta_0: -6.4555555555555555555555555555555556
alpha_fdp: 0.99999999999999999577541538209815726
zeta_0: -6.44
alpha_fdp: 0.99999999999999999477221291199292199
zeta_0: -6.4244444444444444444444444444444444
alpha_fdp: 0.99999999999999999353461700546616948
zeta_0: -6.4088888888888888888888888888888889
alpha_fdp: 0.99999999999999999200877929394711856
zeta_0: -6.3933333333333333333333333333333333
alpha_fdp: 0.99999999999999999012869624680256325
zeta_0: -6.3777777777777777777777777777777778
alpha_fdp: 0.99999999999999998781683617699516125
zeta_0: -6.3622222222222222222222222222222222
alpha_fdp: 0.99999999999999998496834134756356908
zeta_0: -6.3466666666666666666666666666666667
alpha_fdp: 0.9999999999999999814648416157595014
zeta_0: -6.3311111111111111111111111111111111
alpha_fdp: 0.99999999999999997715830691992411508
zeta_0: -6.3155555555555555555555555555555556
alpha_fdp: 0.99999999999999997186785196274701521
zeta_0: -6.3
alpha_fdp: 0.99999999999999996537258059007899751
zeta_0: -6.2844444444444444444444444444444444
alpha_fdp: 0.9999999999999999574029023335374631
zeta_0: -6.2688888888888888888888888888888889
alpha_fdp: 0.9999999999999999476300016366759693
zeta_0: -6.2533333333333333333333333333333333
alpha_fdp: 0.99999999999999993565307493488300859
zeta_0: -6.2377777777777777777777777777777778
alpha_fdp: 0.99999999999999992100485868387181442
zeta_0: -6.2222222222222222222222222222222222
alpha_fdp: 0.99999999999999990305366770289280245
zeta_0: -6.2066666666666666666666666666666667
alpha_fdp: 0.99999999999999988109362717277471804
zeta_0: -6.1911111111111111111111111111111111
alpha_fdp: 0.99999999999999985424561005331940567
zeta_0: -6.1755555555555555555555555555555556
alpha_fdp: 0.99999999999999982144133054764755539
zeta_0: -6.16
alpha_fdp: 0.9999999999999997813834469780712405
zeta_0: -6.1444444444444444444444444444444444
alpha_fdp: 0.99999999999999973249742428742708669
zeta_0: -6.1288888888888888888888888888888889
alpha_fdp: 0.99999999999999967287349146732646036
zeta_0: -6.1133333333333333333333333333333333
alpha_fdp: 0.99999999999999960019670071746341603
zeta_0: -6.0977777777777777777777777777777778
alpha_fdp: 0.99999999999999951166270341974566356
zeta_0: -6.0822222222222222222222222222222222
alpha_fdp: 0.99999999999999940403014819389460651
zeta_0: -6.0666666666666666666666666666666667
alpha_fdp: 0.99999999999999927291702048530738725
zeta_0: -6.0511111111111111111111111111111111
alpha_fdp: 0.99999999999999911348392684438874692
zeta_0: -6.0355555555555555555555555555555556
alpha_fdp: 0.99999999999999891973023893376094193
zeta_0: -6.02
alpha_fdp: 0.99999999999999868440923593139592038
zeta_0: -6.0044444444444444444444444444444444
alpha_fdp: 0.99999999999999839877476830181235281
zeta_0: -5.9888888888888888888888888888888889
alpha_fdp: 0.99999999999999805227755711373027638
zeta_0: -5.9733333333333333333333333333333333
alpha_fdp: 0.99999999999999763220135096479224932
zeta_0: -5.9577777777777777777777777777777778
alpha_fdp: 0.99999999999999712322731161003149666
zeta_0: -5.9422222222222222222222222222222222
alpha_fdp: 0.99999999999999650691280739079014027
zeta_0: -5.9266666666666666666666666666666667
alpha_fdp: 0.99999999999999576212906276789011282
zeta_0: -5.9111111111111111111111111111111111
alpha_fdp: 0.99999999999999486029481881705074193
zeta_0: -5.8955555555555555555555555555555556
alpha_fdp: 0.99999999999999377023220861303719828
zeta_0: -5.88
alpha_fdp: 0.99999999999999245344568439228226225
zeta_0: -5.8644444444444444444444444444444444
alpha_fdp: 0.99999999999999086373346588228448035
zeta_0: -5.8488888888888888888888888888888889
alpha_fdp: 0.99999999999998894567933373740038874
zeta_0: -5.8333333333333333333333333333333333
alpha_fdp: 0.99999999999998663285623409187027488
zeta_0: -5.8177777777777777777777777777777778
alpha_fdp: 0.99999999999998384568801385722347864
zeta_0: -5.8022222222222222222222222222222222
alpha_fdp: 0.99999999999998048890587685013456686
zeta_0: -5.7866666666666666666666666666666667
alpha_fdp: 0.99999999999997644852470896441841596
zeta_0: -5.7711111111111111111111111111111111
alpha_fdp: 0.99999999999997159514400723646659956
zeta_0: -5.7555555555555555555555555555555556
alpha_fdp: 0.99999999999996575350250802771091793
zeta_0: -5.74
alpha_fdp: 0.99999999999995873487736577052315725
zeta_0: -5.7244444444444444444444444444444444
alpha_fdp: 0.99999999999995030719025390559764845
zeta_0: -5.7088888888888888888888888888888889
alpha_fdp: 0.99999999999994019363228635849580779
zeta_0: -5.6933333333333333333333333333333333
alpha_fdp: 0.99999999999992806424840121307064159
zeta_0: -5.6777777777777777777777777777777778
alpha_fdp: 0.99999999999991352597862700932700263
zeta_0: -5.6622222222222222222222222222222222
alpha_fdp: 0.99999999999989611088096407038396035
zeta_0: -5.6466666666666666666666666666666667
alpha_fdp: 0.9999999999998752622129450230625771
zeta_0: -5.6311111111111111111111111111111111
alpha_fdp: 0.99999999999985031799327727416617631
zeta_0: -5.6155555555555555555555555555555556
alpha_fdp: 0.99999999999982053377817862426900317
zeta_0: -5.6
alpha_fdp: 0.99999999999978489927451205630695289
zeta_0: -5.5844444444444444444444444444444444
alpha_fdp: 0.99999999999974234136500687334614889
zeta_0: -5.5688888888888888888888888888888889
alpha_fdp: 0.99999999999969154541721333338122836
zeta_0: -5.5533333333333333333333333333333333
alpha_fdp: 0.99999999999963095317018259385615587
zeta_0: -5.5377777777777777777777777777777778
alpha_fdp: 0.99999999999955871873897954697923988
zeta_0: -5.5222222222222222222222222222222222
alpha_fdp: 0.9999999999994726568914308212242354
zeta_0: -5.5066666666666666666666666666666667
alpha_fdp: 0.99999999999937018227964485010082719
zeta_0: -5.4911111111111111111111111111111111
alpha_fdp: 0.99999999999924823809139132160567761
zeta_0: -5.4755555555555555555555555555555556
alpha_fdp: 0.99999999999910341688195478545911181
zeta_0: -5.46
alpha_fdp: 0.99999999999893108272162187971496199
zeta_0: -5.4444444444444444444444444444444444
alpha_fdp: 0.99999999999872637502952669360869007
zeta_0: -5.4288888888888888888888888888888889
alpha_fdp: 0.99999999999848335830647467884848651
zeta_0: -5.4133333333333333333333333333333333
alpha_fdp: 0.99999999999819503658159743775940264
zeta_0: -5.3977777777777777777777777777777778
alpha_fdp: 0.9999999999978531691073533123346791
zeta_0: -5.3822222222222222222222222222222222
alpha_fdp: 0.99999999999744805496164841608865565
zeta_0: -5.3666666666666666666666666666666667
alpha_fdp: 0.99999999999696828147793845523254036
zeta_0: -5.3511111111111111111111111111111111
alpha_fdp: 0.9999999999964004306231944676909066
zeta_0: -5.3355555555555555555555555555555556
alpha_fdp: 0.99999999999572873652114796225742138
zeta_0: -5.32
alpha_fdp: 0.99999999999493580294514860817563182
zeta_0: -5.3044444444444444444444444444444444
alpha_fdp: 0.99999999999399787380408693914851335
zeta_0: -5.2888888888888888888888888888888889
alpha_fdp: 0.99999999999289042095525427542282412
zeta_0: -5.2733333333333333333333333333333333
alpha_fdp: 0.99999999999158358923107227029572553
zeta_0: -5.2577777777777777777777777777777778
alpha_fdp: 0.99999999999004240945451400947728087
zeta_0: -5.2422222222222222222222222222222222
alpha_fdp: 0.99999999998822594818134654783223756
zeta_0: -5.2266666666666666666666666666666667
alpha_fdp: 0.99999999998608632057066047488515196
zeta_0: -5.2111111111111111111111111111111111
alpha_fdp: 0.99999999998356754511415207392692728
zeta_0: -5.1955555555555555555555555555555556
alpha_fdp: 0.99999999998060421577560321555937847
zeta_0: -5.18
alpha_fdp: 0.99999999997711996345808635142635814
zeta_0: -5.1644444444444444444444444444444444
alpha_fdp: 0.999999999973031415677509465139341
zeta_0: -5.1488888888888888888888888888888889
alpha_fdp: 0.99999999996822416995987331554248533
zeta_0: -5.1333333333333333333333333333333333
alpha_fdp: 0.99999999996258202860894003469141604
zeta_0: -5.1177777777777777777777777777777778
alpha_fdp: 0.99999999995596396690555486188866888
zeta_0: -5.1022222222222222222222222222222222
alpha_fdp: 0.99999999994820584015833151738553557
zeta_0: -5.0866666666666666666666666666666667
alpha_fdp: 0.99999999993911671386679304981642646
zeta_0: -5.0711111111111111111111111111111111
alpha_fdp: 0.99999999992847463154599251283466485
zeta_0: -5.0555555555555555555555555555555556
alpha_fdp: 0.99999999991602173732752360668349575
zeta_0: -5.04
alpha_fdp: 0.99999999990145865875369043634240087
zeta_0: -5.0244444444444444444444444444444444
alpha_fdp: 0.99999999988443804191176060566807355
zeta_0: -5.0088888888888888888888888888888889
alpha_fdp: 0.99999999986458491226989464875013689
zeta_0: -4.9933333333333333333333333333333333
alpha_fdp: 0.99999999984138158593487795907049317
zeta_0: -4.9777777777777777777777777777777778
alpha_fdp: 0.9999999998143114575950312141503324
zeta_0: -4.9622222222222222222222222222222222
alpha_fdp: 0.99999999978274908878689542678852566
zeta_0: -4.9466666666666666666666666666666667
alpha_fdp: 0.99999999974597109165588445408192074
zeta_0: -4.9311111111111111111111111111111111
alpha_fdp: 0.9999999997031413191427106361549895
zeta_0: -4.9155555555555555555555555555555556
alpha_fdp: 0.99999999965329390091779946962453515
zeta_0: -4.9
alpha_fdp: 0.99999999959531382492198136154451189
zeta_0: -4.8844444444444444444444444444444444
alpha_fdp: 0.99999999952791472454552158742803212
zeta_0: -4.8688888888888888888888888888888889
alpha_fdp: 0.99999999944972267497320613981577074
zeta_0: -4.8533333333333333333333333333333333
alpha_fdp: 0.99999999935882798214140214448876657
zeta_0: -4.8377777777777777777777777777777778
alpha_fdp: 0.9999999992533572866070363676593345
zeta_0: -4.8222222222222222222222222222222222
alpha_fdp: 0.99999999913104662863402605678890801
zeta_0: -4.8066666666666666666666666666666667
alpha_fdp: 0.99999999898929240631509098500475692
zeta_0: -4.7911111111111111111111111111111111
alpha_fdp: 0.99999999882510232656952652569414828
zeta_0: -4.7755555555555555555555555555555556
alpha_fdp: 0.99999999863503956610708476079826941
zeta_0: -4.76
alpha_fdp: 0.99999999841515924613017710677839831
zeta_0: -4.7444444444444444444444444444444444
alpha_fdp: 0.99999999816093621255493922609650092
zeta_0: -4.7288888888888888888888888888888889
alpha_fdp: 0.9999999978671829884213070512120055
zeta_0: -4.7133333333333333333333333333333333
alpha_fdp: 0.99999999752842828310450833426078065
zeta_0: -4.6977777777777777777777777777777778
alpha_fdp: 0.99999999713699721059645322964978123
zeta_0: -4.6822222222222222222222222222222222
alpha_fdp: 0.9999999966855146211879036077207826
zeta_0: -4.6666666666666666666666666666666667
alpha_fdp: 0.99999999616508030467511252242755906
zeta_0: -4.6511111111111111111111111111111111
alpha_fdp: 0.99999999556552389194285929677045925
zeta_0: -4.6355555555555555555555555555555556
alpha_fdp: 0.99999999487523102086004394714154052
zeta_0: -4.62
alpha_fdp: 0.99999999408094680383427478235729049
zeta_0: -4.6044444444444444444444444444444444
alpha_fdp: 0.99999999316755378837261072812312982
zeta_0: -4.5888888888888888888888888888888889
alpha_fdp: 0.99999999211782127569808200705421874
zeta_0: -4.5733333333333333333333333333333333
alpha_fdp: 0.99999999091212250106192184250595325
zeta_0: -4.5577777777777777777777777777777778
alpha_fdp: 0.99999998953003446505453275898592786
zeta_0: -4.5422222222222222222222222222222222
alpha_fdp: 0.99999998794258574664571096097434943
zeta_0: -4.5266666666666666666666666666666667
alpha_fdp: 0.99999998612255870891017888029047808
zeta_0: -4.5111111111111111111111111111111111
alpha_fdp: 0.9999999840371307882517443456763764
zeta_0: -4.4955555555555555555555555555555556
alpha_fdp: 0.99999998164903503352093739370042033
zeta_0: -4.48
alpha_fdp: 0.99999997891598552957721901574557506
zeta_0: -4.4644444444444444444444444444444444
alpha_fdp: 0.99999997579003235226382701585582648
zeta_0: -4.4488888888888888888888888888888889
alpha_fdp: 0.99999997221683792691833103320558646
zeta_0: -4.4333333333333333333333333333333333
alpha_fdp: 0.999999968134865791838922997339938
zeta_0: -4.4177777777777777777777777777777778
alpha_fdp: 0.99999996347447181245695002692324152
zeta_0: -4.4022222222222222222222222222222222
alpha_fdp: 0.99999995816423717915035038404747242
zeta_0: -4.3866666666666666666666666666666667
alpha_fdp: 0.99999995210145805121148385076780828
zeta_0: -4.3711111111111111111111111111111111
alpha_fdp: 0.99999994519202667517965262550070853
zeta_0: -4.3555555555555555555555555555555556
alpha_fdp: 0.99999993732243719926355207212347552
zeta_0: -4.34
alpha_fdp: 0.99999992836464350222308328614258732
zeta_0: -4.3244444444444444444444444444444444
alpha_fdp: 0.99999991817429014852459882247566701
zeta_0: -4.3088888888888888888888888888888889
alpha_fdp: 0.99999990658874057801902569031578805
zeta_0: -4.2933333333333333333333333333333333
alpha_fdp: 0.99999989342488088479059510110576154
zeta_0: -4.2777777777777777777777777777777778
alpha_fdp: 0.99999987847667542485281245849633872
zeta_0: -4.2622222222222222222222222222222222
alpha_fdp: 0.99999986151244819371594748634714653
zeta_0: -4.2466666666666666666666666666666667
alpha_fdp: 0.99999984229837917659027880943143213
zeta_0: -4.2311111111111111111111111111111111
alpha_fdp: 0.99999982049260929448418866430728769
zeta_0: -4.2155555555555555555555555555555556
alpha_fdp: 0.99999979579047881294656658113964784
zeta_0: -4.2
alpha_fdp: 0.99999976782407610978683581375750474
zeta_0: -4.1844444444444444444444444444444444
alpha_fdp: 0.99999973618104986950504618590160206
zeta_0: -4.1688888888888888888888888888888889
alpha_fdp: 0.99999970039954312639120760486989328
zeta_0: -4.1533333333333333333333333333333333
alpha_fdp: 0.99999965996258795789481978662509366
zeta_0: -4.1377777777777777777777777777777778
alpha_fdp: 0.99999961429190802464561692349653394
zeta_0: -4.1222222222222222222222222222222222
alpha_fdp: 0.99999956274107151835704454932521393
zeta_0: -4.1066666666666666666666666666666667
alpha_fdp: 0.99999950466786834210716996792132725
zeta_0: -4.0911111111111111111111111111111111
alpha_fdp: 0.99999943911638338678507825192894127
zeta_0: -4.0755555555555555555555555555555556
alpha_fdp: 0.99999936525818017732956512547487604
zeta_0: -4.06
alpha_fdp: 0.99999928209058369260883084655721283
zeta_0: -4.0444444444444444444444444444444444
alpha_fdp: 0.9999991884964191233712733851984461
zeta_0: -4.0288888888888888888888888888888889
alpha_fdp: 0.99999908323175664474751434934186126
zeta_0: -4.0133333333333333333333333333333333
alpha_fdp: 0.99999896491244312191103646649701623
zeta_0: -3.9977777777777777777777777777777778
alpha_fdp: 0.99999883199931201124343801343789268
zeta_0: -3.9822222222222222222222222222222222
alpha_fdp: 0.99999868278195421502736590237037892
zeta_0: -3.9666666666666666666666666666666667
alpha_fdp: 0.99999851536092360866757106008136327
zeta_0: -3.9511111111111111111111111111111111
alpha_fdp: 0.99999832788553780219047562362773024
zeta_0: -3.9355555555555555555555555555555556
alpha_fdp: 0.99999811753430687218300856915028058
zeta_0: -3.92
alpha_fdp: 0.99999788194602367027651951296228292
zeta_0: -3.9044444444444444444444444444444444
alpha_fdp: 0.99999761825124791776788430085150658
zeta_0: -3.8888888888888888888888888888888889
alpha_fdp: 0.99999732327396363631116407690861134
zeta_0: -3.8733333333333333333333333333333333
alpha_fdp: 0.99999699350116574060700799771896513
zeta_0: -3.8577777777777777777777777777777778
alpha_fdp: 0.9999966250496955659041481991839667
zeta_0: -3.8422222222222222222222222222222222
alpha_fdp: 0.99999621363010527299387368452964282
zeta_0: -3.8266666666666666666666666666666667
alpha_fdp: 0.99999575450731644058750271281231875
zeta_0: -3.8111111111111111111111111111111111
alpha_fdp: 0.99999524245782284429038395509008454
zeta_0: -3.7955555555555555555555555555555556
alpha_fdp: 0.99999467250309155368675253858213645
zeta_0: -3.78
alpha_fdp: 0.99999403682796667406240262213706853
zeta_0: -3.7644444444444444444444444444444444
alpha_fdp: 0.99999332914902514872596805682545431
zeta_0: -3.7488888888888888888888888888888889
alpha_fdp: 0.99999254178324361742225021157359295
zeta_0: -3.7333333333333333333333333333333333
alpha_fdp: 0.99999166628352730398975222172127984
zeta_0: -3.7177777777777777777777777777777778
alpha_fdp: 0.99999069336899259007722568877323483
zeta_0: -3.7022222222222222222222222222222222
alpha_fdp: 0.99998961284955927521644681931996299
zeta_0: -3.6866666666666666666666666666666667
alpha_fdp: 0.99998841354445632970825285640683455
zeta_0: -3.6711111111111111111111111111111111
alpha_fdp: 0.99998708319422398981359944566574968
zeta_0: -3.6555555555555555555555555555555556
alpha_fdp: 0.9999856083657736114002445702134891
zeta_0: -3.64
alpha_fdp: 0.99998397657639162251064638312703694
zeta_0: -3.6244444444444444444444444444444444
alpha_fdp: 0.99998216751622019196584603904651816
zeta_0: -3.6088888888888888888888888888888889
alpha_fdp: 0.99998016559725682837323746147354209
zeta_0: -3.5933333333333333333333333333333333
alpha_fdp: 0.9999779515892684042131460060482045
zeta_0: -3.5777777777777777777777777777777778
alpha_fdp: 0.99997550449284436983607237520079538
zeta_0: -3.5622222222222222222222222222222222
alpha_fdp: 0.99997280139236191468740736022049626
zeta_0: -3.5466666666666666666666666666666667
alpha_fdp: 0.9999698172983134194831053814149679
zeta_0: -3.5311111111111111111111111111111111
alpha_fdp: 0.99996652497837765066730940310718845
zeta_0: -3.5155555555555555555555555555555556
alpha_fdp: 0.99996289477659407287967374504536653
zeta_0: -3.5
alpha_fdp: 0.99995889985602023512510314116748779
zeta_0: -3.4844444444444444444444444444444444
alpha_fdp: 0.99995449479686225544079364857162672
zeta_0: -3.4688888888888888888888888888888889
alpha_fdp: 0.99994964639685228575919173006872803
zeta_0: -3.4533333333333333333333333333333333
alpha_fdp: 0.99994431324007702222739796687628593
zeta_0: -3.4377777777777777777777777777777778
alpha_fdp: 0.99993845038085067772324120007954865
zeta_0: -3.4222222222222222222222222222222222
alpha_fdp: 0.99993200907692825612588584385210335
zeta_0: -3.4066666666666666666666666666666667
alpha_fdp: 0.99992493650578703226268780616969128
zeta_0: -3.3911111111111111111111111111111111
alpha_fdp: 0.99991717546319341110069614261120421
zeta_0: -3.3755555555555555555555555555555556
alpha_fdp: 0.99990866404326200825279338218290033
zeta_0: -3.36
alpha_fdp: 0.99989933529920593950262462144605838
zeta_0: -3.3444444444444444444444444444444444
alpha_fdp: 0.99988913072874612107416091072459
zeta_0: -3.3288888888888888888888888888888889
alpha_fdp: 0.99987794582150809356416963970912609
zeta_0: -3.3133333333333333333333333333333333
alpha_fdp: 0.99986570891869720986647229831243474
zeta_0: -3.2977777777777777777777777777777778
alpha_fdp: 0.99985232911185788228936261347079549
zeta_0: -3.2822222222222222222222222222222222
alpha_fdp: 0.99983770843813571911119741485787926
zeta_0: -3.2666666666666666666666666666666667
alpha_fdp: 0.99982174140833133122089637517138
zeta_0: -3.2511111111111111111111111111111111
alpha_fdp: 0.99980431451008949495151196941503879
zeta_0: -3.2355555555555555555555555555555556
alpha_fdp: 0.99978530568548513103230934772602548
zeta_0: -3.22
alpha_fdp: 0.99976458378229594021014663686928115
zeta_0: -3.2044444444444444444444444444444444
alpha_fdp: 0.99974200797828563759802835953720294
zeta_0: -3.1888888888888888888888888888888889
alpha_fdp: 0.99971746038376177256397293014580288
zeta_0: -3.1733333333333333333333333333333333
alpha_fdp: 0.99969071550310795506152443978576436
zeta_0: -3.1577777777777777777777777777777778
alpha_fdp: 0.99966163029241172470776687073543229
zeta_0: -3.1422222222222222222222222222222222
alpha_fdp: 0.99963001894752824656168485346902021
zeta_0: -3.1266666666666666666666666666666667
alpha_fdp: 0.99959568269134414294137859282517654
zeta_0: -3.1111111111111111111111111111111111
alpha_fdp: 0.99955840902468450179531940963364259
zeta_0: -3.0955555555555555555555555555555556
alpha_fdp: 0.99951797094700652875802902707922983
zeta_0: -3.08
alpha_fdp: 0.9994741261467235301374661388952874
zeta_0: -3.0644444444444444444444444444444444
alpha_fdp: 0.99942661616110350756825595307396492
zeta_0: -3.0488888888888888888888888888888889
alpha_fdp: 0.99937516550579605212246800414522879
zeta_0: -3.0333333333333333333333333333333333
alpha_fdp: 0.99931955577583627409115313980659069
zeta_0: -3.0177777777777777777777777777777778
alpha_fdp: 0.99925933080781314703110157911898078
zeta_0: -3.0022222222222222222222222222222222
alpha_fdp: 0.99919422787493541657972795812195045
zeta_0: -2.9866666666666666666666666666666667
alpha_fdp: 0.99912389413057994527195579480606682
zeta_0: -2.9711111111111111111111111111111111
alpha_fdp: 0.99904795491058543627646702073138059
zeta_0: -2.9555555555555555555555555555555556
alpha_fdp: 0.99896601268899154960703215713017159
zeta_0: -2.94
alpha_fdp: 0.99887764600761720512880561591345175
zeta_0: -2.9244444444444444444444444444444444
alpha_fdp: 0.99878240838074008633457643041013203
zeta_0: -2.9088888888888888888888888888888889
alpha_fdp: 0.99867982717633223867399170783590845
zeta_0: -2.8933333333333333333333333333333333
alpha_fdp: 0.9985694024755083667686120233062493
zeta_0: -2.8777777777777777777777777777777778
alpha_fdp: 0.99845076544596821410673629546210253
zeta_0: -2.8622222222222222222222222222222222
alpha_fdp: 0.99832305096927715635102031840577024
zeta_0: -2.8466666666666666666666666666666667
alpha_fdp: 0.99818581860994599710514400989195599
zeta_0: -2.8311111111111111111111111111111111
alpha_fdp: 0.99803844757264496921150263188791527
zeta_0: -2.8155555555555555555555555555555556
alpha_fdp: 0.99788028382033958570907299375807155
zeta_0: -2.8
alpha_fdp: 0.99771063885012493706253179894680025
zeta_0: -2.7844444444444444444444444444444444
alpha_fdp: 0.99752878846516948808963525895114261
zeta_0: -2.7688888888888888888888888888888889
alpha_fdp: 0.99733397154630269198015480342950743
zeta_0: -2.7533333333333333333333333333333333
alpha_fdp: 0.99712538882703854610712636117260338
zeta_0: -2.7377777777777777777777777777777778
alpha_fdp: 0.99690250059962036604863852884695437
zeta_0: -2.7222222222222222222222222222222222
alpha_fdp: 0.99666385045828305237072242921593982
zeta_0: -2.7066666666666666666666666666666667
alpha_fdp: 0.99640879694236470931600723768240733
zeta_0: -2.6911111111111111111111111111111111
alpha_fdp: 0.99613637621872133699091004424935763
zeta_0: -2.6755555555555555555555555555555556
alpha_fdp: 0.99584558038595032758529058811430136
zeta_0: -2.66
alpha_fdp: 0.99553535636417430835886651337781217
zeta_0: -2.6444444444444444444444444444444444
alpha_fdp: 0.99520460482204141921320186566411502
zeta_0: -2.6288888888888888888888888888888889
alpha_fdp: 0.99485217914676650233613610947403236
zeta_0: -2.6133333333333333333333333333333333
alpha_fdp: 0.99447688446326660292648119018920498
zeta_0: -2.5977777777777777777777777777777778
alpha_fdp: 0.9940774767086620550075744034637395
zeta_0: -2.5822222222222222222222222222222222
alpha_fdp: 0.99365322905521943400152657971644259
zeta_0: -2.5666666666666666666666666666666667
alpha_fdp: 0.99320169751395228115132669269986817
zeta_0: -2.5511111111111111111111111111111111
alpha_fdp: 0.99272201914158543339330051658652265
zeta_0: -2.5355555555555555555555555555555556
alpha_fdp: 0.99221274527491941545414882594745322
zeta_0: -2.52
alpha_fdp: 0.99167237449956451409101461687148317
zeta_0: -2.5044444444444444444444444444444444
alpha_fdp: 0.99109935219854605202130931052559613
zeta_0: -2.4888888888888888888888888888888889
alpha_fdp: 0.99049207020494687521135850017548561
zeta_0: -2.4733333333333333333333333333333333
alpha_fdp: 0.98984886656597862577540233981961011
zeta_0: -2.4577777777777777777777777777777778
alpha_fdp: 0.98916802542590665314366073419792322
zeta_0: -2.4422222222222222222222222222222222
alpha_fdp: 0.98844777703525658175250836828423844
zeta_0: -2.4266666666666666666666666666666667
alpha_fdp: 0.98768731173802840072789855705229329
zeta_0: -2.4111111111111111111111111111111111
alpha_fdp: 0.9868827819542974498374540247831577
zeta_0: -2.3955555555555555555555555555555556
alpha_fdp: 0.98603321698440050475814436397645411
zeta_0: -2.38
alpha_fdp: 0.98513663444650443415339566479835412
zeta_0: -2.3644444444444444444444444444444444
alpha_fdp: 0.98419100026025045919696092343206896
zeta_0: -2.3488888888888888888888888888888889
alpha_fdp: 0.98319422956535761121412303103532244
zeta_0: -2.3333333333333333333333333333333333
alpha_fdp: 0.98214418781569422935108560920938784
zeta_0: -2.3177777777777777777777777777777778
alpha_fdp: 0.98103869205498768343364516848742088
zeta_0: -2.3022222222222222222222222222222222
alpha_fdp: 0.9798755123800045327657178572853375
zeta_0: -2.2866666666666666666666666666666667
alpha_fdp: 0.978652373596652044680719745794647
zeta_0: -2.2711111111111111111111111111111111
alpha_fdp: 0.97736866341711364743989898081779645
zeta_0: -2.2555555555555555555555555555555556
alpha_fdp: 0.97601869441535061939988359681255804
zeta_0: -2.24
alpha_fdp: 0.97460169166677500094006092900438024
zeta_0: -2.2244444444444444444444444444444444
alpha_fdp: 0.97311521944482421682910996395888635
zeta_0: -2.2088888888888888888888888888888889
alpha_fdp: 0.97155680806135663104811810538712259
zeta_0: -2.1933333333333333333333333333333333
alpha_fdp: 0.96992395676759918145030213231250749
zeta_0: -2.1777777777777777777777777777777778
alpha_fdp: 0.96821413687182345364606719707224221
zeta_0: -2.1622222222222222222222222222222222
alpha_fdp: 0.96642479507458940866298102767719599
zeta_0: -2.1466666666666666666666666666666667
alpha_fdp: 0.96455335702163411586877460341665932
zeta_0: -2.1311111111111111111111111111111111
alpha_fdp: 0.96259723107368450807470337233009933
zeta_0: -2.1155555555555555555555555555555556
alpha_fdp: 0.96055651679653127810666276495017457
zeta_0: -2.1
alpha_fdp: 0.95842330929263444737472691583455377
zeta_0: -2.0844444444444444444444444444444444
alpha_fdp: 0.95619757957235963475087966084290472
zeta_0: -2.0688888888888888888888888888888889
alpha_fdp: 0.95387670881730768494957455738863939
zeta_0: -2.0533333333333333333333333333333333
alpha_fdp: 0.95145808293541581319667212061021576
zeta_0: -2.0377777777777777777777777777777778
alpha_fdp: 0.94893909756824092692706210413763777
zeta_0: -2.0222222222222222222222222222222222
alpha_fdp: 0.94631716328524867289509191208727328
zeta_0: -2.0066666666666666666666666666666667
alpha_fdp: 0.94358971095701376035749791943445934
zeta_0: -1.9911111111111111111111111111111111
alpha_fdp: 0.94075419729824387713199749348637004
zeta_0: -1.9755555555555555555555555555555556
alpha_fdp: 0.93781199933769080994909309621997596
zeta_0: -1.96
alpha_fdp: 0.93475301321789574327431669037434211
zeta_0: -1.9444444444444444444444444444444444
alpha_fdp: 0.93157855185362028280200663678316123
zeta_0: -1.9288888888888888888888888888888889
alpha_fdp: 0.92828623372101799918721753317713763
zeta_0: -1.9133333333333333333333333333333333
alpha_fdp: 0.92487373300729541003688612593256199
zeta_0: -1.8977777777777777777777777777777778
alpha_fdp: 0.92133878592647659487936200381420423
zeta_0: -1.8822222222222222222222222222222222
alpha_fdp: 0.91767919711405000075632216081763649
zeta_0: -1.8666666666666666666666666666666667
alpha_fdp: 0.91389284608381739908488986432162848
zeta_0: -1.8511111111111111111111111111111111
alpha_fdp: 0.90997769372943866924766130380738462
zeta_0: -1.8355555555555555555555555555555556
alpha_fdp: 0.90593178885238524967745163620871815
zeta_0: -1.82
alpha_fdp: 0.90175877382392627053867342545757445
zeta_0: -1.8044444444444444444444444444444444
alpha_fdp: 0.89744606973971002270755411751900735
zeta_0: -1.7888888888888888888888888888888889
alpha_fdp: 0.89299735431861107984011315949725974
zeta_0: -1.7733333333333333333333333333333333
alpha_fdp: 0.88841109297007658983032553375855959
zeta_0: -1.7577777777777777777777777777777778
alpha_fdp: 0.88368587135122158794091745889493764
zeta_0: -1.7422222222222222222222222222222222
alpha_fdp: 0.87882040163268479222285747251961754
zeta_0: -1.7266666666666666666666666666666667
alpha_fdp: 0.87381352864597314569329036385293822
zeta_0: -1.7111111111111111111111111111111111
alpha_fdp: 0.86866423589001962035098463208251639
zeta_0: -1.6955555555555555555555555555555556
alpha_fdp: 0.86337165137453225010484819714392254
zeta_0: -1.68
alpha_fdp: 0.85793505327765706415899804601586676
zeta_0: -1.6644444444444444444444444444444444
alpha_fdp: 0.85236119861137361192488922009853206
zeta_0: -1.6488888888888888888888888888888889
alpha_fdp: 0.84663522357304858639002457799736862
zeta_0: -1.6333333333333333333333333333333333
alpha_fdp: 0.84076402402059468117434971598941172
zeta_0: -1.6177777777777777777777777777777778
alpha_fdp: 0.83474753066325019788484102904878485
zeta_0: -1.6022222222222222222222222222222222
alpha_fdp: 0.82858584909770021032189221786069355
zeta_0: -1.5866666666666666666666666666666667
alpha_fdp: 0.82227926388906515862914692709569621
zeta_0: -1.5711111111111111111111111111111111
alpha_fdp: 0.81582824231550354153060180898461733
zeta_0: -1.5555555555555555555555555555555556
alpha_fdp: 0.8092334377570464270024668188234974
zeta_0: -1.54
alpha_fdp: 0.80249569271012181487752460934541392
zeta_0: -1.5244444444444444444444444444444444
alpha_fdp: 0.79561604141016547641165450023014596
zeta_0: -1.5088888888888888888888888888888889
alpha_fdp: 0.78860489613893350851936979970022143
zeta_0: -1.4933333333333333333333333333333333
alpha_fdp: 0.7814454920171113391654614836565817
zeta_0: -1.4777777777777777777777777777777778
alpha_fdp: 0.77414845256235396606896098413796121
zeta_0: -1.4622222222222222222222222222222222
alpha_fdp: 0.76671559654150531448947429617135904
zeta_0: -1.4466666666666666666666666666666667
alpha_fdp: 0.75914894115591740288517098361124062
zeta_0: -1.4311111111111111111111111111111111
alpha_fdp: 0.75145070200777001407105756113322386
zeta_0: -1.4155555555555555555555555555555556
alpha_fdp: 0.74362329258517110438788755775076493
zeta_0: -1.4
alpha_fdp: 0.73566932325908344874890226612724499
zeta_0: -1.3844444444444444444444444444444444
alpha_fdp: 0.72759159978677508108867116193903859
zeta_0: -1.3688888888888888888888888888888889
alpha_fdp: 0.7194038178625326905259109058601252
zeta_0: -1.3533333333333333333333333333333333
alpha_fdp: 0.71108792458920021201800346249917045
zeta_0: -1.3377777777777777777777777777777778
alpha_fdp: 0.70265783983261908874541871443262843
zeta_0: -1.3222222222222222222222222222222222
alpha_fdp: 0.69411712573476053045697574734439278
zeta_0: -1.3066666666666666666666666666666667
alpha_fdp: 0.68546952488029679887227047949697328
zeta_0: -1.2911111111111111111111111111111111
alpha_fdp: 0.67671895582641223076568340013706226
zeta_0: -1.2755555555555555555555555555555556
alpha_fdp: 0.66786950815155214985140294583357639
zeta_0: -1.26
alpha_fdp: 0.65892543703218520174983051445097876
zeta_0: -1.2444444444444444444444444444444444
alpha_fdp: 0.64989115735847221677218972678407985
zeta_0: -1.2288888888888888888888888888888889
alpha_fdp: 0.64077123740152733901944959533944935
zeta_0: -1.2133333333333333333333333333333333
alpha_fdp: 0.63158236050774932239307240462168492
zeta_0: -1.1977777777777777777777777777777778
alpha_fdp: 0.62230553941028047591704647137104963
zeta_0: -1.1822222222222222222222222222222222
alpha_fdp: 0.61295762684978708841122127736681609
zeta_0: -1.1666666666666666666666666666666667
alpha_fdp: 0.60354373271172178912818289071822898
zeta_0: -1.1511111111111111111111111111111111
alpha_fdp: 0.59406908244816605993812974462719036
zeta_0: -1.1355555555555555555555555555555556
alpha_fdp: 0.58453900841648553283454060274584027
zeta_0: -1.12
alpha_fdp: 0.57495894090460177106586307560273186
zeta_0: -1.1044444444444444444444444444444444
alpha_fdp: 0.56533439886796741820124844937672695
zeta_0: -1.0888888888888888888888888888888889
alpha_fdp: 0.55567098040451938485302731168072626
zeta_0: -1.0733333333333333333333333333333333
alpha_fdp: 0.54597435299496844805569543436707112
zeta_0: -1.0577777777777777777777777777777778
alpha_fdp: 0.53626285482513062003317669142916172
zeta_0: -1.0422222222222222222222222222222222
alpha_fdp: 0.52651706385155931658163381672126736
zeta_0: -1.0266666666666666666666666666666667
alpha_fdp: 0.51675537460114769095359790961366362
zeta_0: -1.0111111111111111111111111111111111
alpha_fdp: 0.50698363077390479418077400400821966
zeta_0: -0.99555555555555555555555555555555555
alpha_fdp: 0.4972076941668891730699491102960961
zeta_0: -0.98
alpha_fdp: 0.48743343412733703378873863936303252
zeta_0: -0.96444444444444444444444444444444444
alpha_fdp: 0.47766671698313488029813244676230599
zeta_0: -0.94888888888888888888888888888888889
alpha_fdp: 0.46791339548235297556211913548104848
zeta_0: -0.93333333333333333333333333333333333
alpha_fdp: 0.45817929827351791397242516713510749
zeta_0: -0.91777777777777777777777777777777778
alpha_fdp: 0.44847021945813152480750567176552381
zeta_0: -0.90222222222222222222222222222222222
alpha_fdp: 0.43880442255738242300025694030034856
zeta_0: -0.88666666666666666666666666666666667
alpha_fdp: 0.42916252217305304315494748106762671
zeta_0: -0.87111111111111111111111111111111111
alpha_fdp: 0.4195627052205386618761203697085937
zeta_0: -0.85555555555555555555555555555555556
alpha_fdp: 0.41001052576892703876807903736382216
zeta_0: -0.84
alpha_fdp: 0.4005114532731845720574001079507974
zeta_0: -0.82444444444444444444444444444444444
alpha_fdp: 0.39107086319550452493689794988197163
zeta_0: -0.80888888888888888888888888888888889
alpha_fdp: 0.38169402790382597609698486073739909
zeta_0: -0.79333333333333333333333333333333333
alpha_fdp: 0.37238610787313200355338014328850441
zeta_0: -0.77777777777777777777777777777777778
alpha_fdp: 0.3631521432138911607861585634056941
zeta_0: -0.76222222222222222222222222222222222
alpha_fdp: 0.35399704555066787830820880361347164
zeta_0: -0.74666666666666666666666666666666667
alpha_fdp: 0.34493728474790683334170643952106055
zeta_0: -0.73111111111111111111111111111111111
alpha_fdp: 0.33595398637393427030326774311110758
zeta_0: -0.71555555555555555555555555555555556
alpha_fdp: 0.32706343773138217737975374076756801
zeta_0: -0.7
alpha_fdp: 0.31826996322206997213800369659345118
zeta_0: -0.68444444444444444444444444444444445
alpha_fdp: 0.30957772411697145865195563566186304
zeta_0: -0.66888888888888888888888888888888889
alpha_fdp: 0.30099071293384113399880309747057534
zeta_0: -0.65333333333333333333333333333333334
alpha_fdp: 0.29251274828237791704566231363391117
zeta_0: -0.63777777777777777777777777777777778
alpha_fdp: 0.28414747018678360772425635774251881
zeta_0: -0.62222222222222222222222222222222222
alpha_fdp: 0.27589833589374559359350430194659761
zeta_0: -0.60666666666666666666666666666666667
alpha_fdp: 0.26777906830778969702861058840771024
zeta_0: -0.59111111111111111111111111111111111
alpha_fdp: 0.25977168366040236743950232418557771
zeta_0: -0.57555555555555555555555555555555556
alpha_fdp: 0.25188967975247904543083678800078351
zeta_0: -0.56
alpha_fdp: 0.24413575094032473347933711218773632
zeta_0: -0.54444444444444444444444444444444445
alpha_fdp: 0.23651239527836328761369620988398369
zeta_0: -0.52888888888888888888888888888888889
alpha_fdp: 0.22902191330503406402921083976710088
zeta_0: -0.51333333333333333333333333333333334
alpha_fdp: 0.22166640731934122102611159100598061
zeta_0: -0.49777777777777777777777777777777778
alpha_fdp: 0.21444778114180284215518747627250178
zeta_0: -0.48222222222222222222222222222222222
alpha_fdp: 0.20736774035192709973024993169937867
zeta_0: -0.46666666666666666666666666666666667
alpha_fdp: 0.20042779299278420862409287226730647
zeta_0: -0.45111111111111111111111111111111111
alpha_fdp: 0.19363796516645963285521637580018453
zeta_0: -0.43555555555555555555555555555555556
alpha_fdp: 0.1869817596466859693653362260662326
zeta_0: -0.42
alpha_fdp: 0.18046899920774042986975553800878931
zeta_0: -0.40444444444444444444444444444444445
alpha_fdp: 0.17410041796783418349629483363626257
zeta_0: -0.38888888888888888888888888888888889
alpha_fdp: 0.16787656260392088587448262486462254
zeta_0: -0.37333333333333333333333333333333334
alpha_fdp: 0.16179779558226146644738897965746257
zeta_0: -0.35777777777777777777777777777777778
alpha_fdp: 0.15586429875281577007679688565141324
zeta_0: -0.34222222222222222222222222222222222
alpha_fdp: 0.15007607728842690346984482036427477
zeta_0: -0.32666666666666666666666666666666667
alpha_fdp: 0.14443296394898077786775224943971427
zeta_0: -0.31111111111111111111111111111111111
alpha_fdp: 0.138934623650040718590990071877304
zeta_0: -0.29555555555555555555555555555555556
alpha_fdp: 0.13358740057736079678755495349679856
zeta_0: -0.28
alpha_fdp: 0.12837676870643546836721782200459847
zeta_0: -0.26444444444444444444444444444444445
alpha_fdp: 0.12330894850781722124142782200203709
zeta_0: -0.24888888888888888888888888888888889
alpha_fdp: 0.11838298473509529607926968432577333
zeta_0: -0.23333333333333333333333333333333333
alpha_fdp: 0.11359778094776154852314775256974742
zeta_0: -0.21777777777777777777777777777777778
alpha_fdp: 0.10895210545054263664849023920181
zeta_0: -0.20222222222222222222222222222222222
alpha_fdp: 0.10444459738311984215454365572700422
zeta_0: -0.18666666666666666666666666666666667
alpha_fdp: 0.1000737729378872362320714879506845
zeta_0: -0.17111111111111111111111111111111111
alpha_fdp: 0.095838031683596109875512177656821161
zeta_0: -0.15555555555555555555555555555555556
alpha_fdp: 0.0917356629730166605293611354962723
zeta_0: -0.14
alpha_fdp: 0.087769911668152684377492614612537029
zeta_0: -0.12444444444444444444444444444444445
alpha_fdp: 0.083928580972087567382288891005671633
zeta_0: -0.10888888888888888888888888888888889
alpha_fdp: 0.080214897120165568007221151424215956
zeta_0: -0.093333333333333333333333333333333331
alpha_fdp: 0.076626773720168779915131327047532489
zeta_0: -0.077777777777777777777777777777777779
alpha_fdp: 0.073162046718410875018611565953140142
zeta_0: -0.062222222222222222222222222222222221
alpha_fdp: 0.069818480877940190604566464407847625
zeta_0: -0.046666666666666666666666666666666669
alpha_fdp: 0.066593776201947952453046202759654063
zeta_0: -0.03111111111111111111111111111111111
alpha_fdp: 0.063485574285342103534275598652655819
zeta_0: -0.015555555555555555555555555555555558
alpha_fdp: 0.060491464578297003324376275123049191
zeta_0: 0.0
alpha_fdp: 0.057608990546475901287604730387667438
zeta_0: 0.015555555555555555555555555555555558
alpha_fdp: 0.054839178608929865353985211894057065
zeta_0: 0.03111111111111111111111111111111111
alpha_fdp: 0.052172316023337194151352940427943239
zeta_0: 0.046666666666666666666666666666666669
alpha_fdp: 0.049609506690062433152059686163884246
zeta_0: 0.062222222222222222222222222222222221
alpha_fdp: 0.047148169214665522621485439254393971
zeta_0: 0.077777777777777777777777777777777779
alpha_fdp: 0.044785704992405868319769125586022239
zeta_0: 0.093333333333333333333333333333333331
alpha_fdp: 0.042519503480289849639741998575558622
zeta_0: 0.10888888888888888888888888888888889
alpha_fdp: 0.040346947285461832498703460882736302
zeta_0: 0.12444444444444444444444444444444445
alpha_fdp: 0.038265417062408970616641010727549494
zeta_0: 0.14
alpha_fdp: 0.036272296212431071183954080124988767
zeta_0: 0.15555555555555555555555555555555556
alpha_fdp: 0.034367391625676762209081926972424393
zeta_0: 0.17111111111111111111111111111111111
alpha_fdp: 0.032543166885009921946523201238727274
zeta_0: 0.18666666666666666666666666666666667
alpha_fdp: 0.030799565453355264879341279880705476
zeta_0: 0.20222222222222222222222222222222222
alpha_fdp: 0.029134024556109313032073980718344792
zeta_0: 0.21777777777777777777777777777777778
alpha_fdp: 0.027544004529686072159235040039341887
zeta_0: 0.23333333333333333333333333333333333
alpha_fdp: 0.02602699225011374113035643203267145
zeta_0: 0.24888888888888888888888888888888889
alpha_fdp: 0.024580504343935129031212991256381659
zeta_0: 0.26444444444444444444444444444444445
alpha_fdp: 0.023202090181928936426071495552325364
zeta_0: 0.28
alpha_fdp: 0.021889334656909209956600246120772053
zeta_0: 0.29555555555555555555555555555555556
alpha_fdp: 0.020639860747561088692177084985322706
zeta_0: 0.31111111111111111111111111111111111
alpha_fdp: 0.019452832988366968022715531146188966
zeta_0: 0.32666666666666666666666666666666667
alpha_fdp: 0.018322880636239671755634377401396424
zeta_0: 0.34222222222222222222222222222222222
alpha_fdp: 0.017249332723492826047948536882652067
zeta_0: 0.35777777777777777777777777777777778
alpha_fdp: 0.016229985974724690739154809586768997
zeta_0: 0.37333333333333333333333333333333334
alpha_fdp: 0.015262684920611697718911153412414799
zeta_0: 0.38888888888888888888888888888888889
alpha_fdp: 0.014345323253304351748320241607177062
zeta_0: 0.40444444444444444444444444444444445
alpha_fdp: 0.013475844997640405225818465315067145
zeta_0: 0.42
alpha_fdp: 0.012652245504205850927267623920060614
zeta_0: 0.43555555555555555555555555555555556
alpha_fdp: 0.011872572270587784171579141455078123
zeta_0: 0.45111111111111111111111111111111111
alpha_fdp: 0.011134925597434474567219164549260996
zeta_0: 0.46666666666666666666666666666666667
alpha_fdp: 0.010438337328858494695284083153708761
zeta_0: 0.48222222222222222222222222222222223
alpha_fdp: 0.0097792096398613886161714580958971029
zeta_0: 0.49777777777777777777777777777777778
alpha_fdp: 0.009156732676981621765759354923254765
zeta_0: 0.51333333333333333333333333333333334
alpha_fdp: 0.0085692213833356731314950385601278005
zeta_0: 0.52888888888888888888888888888888889
alpha_fdp: 0.0080150445530965015157047817891805174
zeta_0: 0.54444444444444444444444444444444445
alpha_fdp: 0.0074926246456139269242954362399546128
zeta_0: 0.56
alpha_fdp: 0.007000437484925134195257756634005646
zeta_0: 0.57555555555555555555555555555555556
alpha_fdp: 0.0065370118520647093579545990996885869
zeta_0: 0.59111111111111111111111111111111111
alpha_fdp: 0.0061009289775339723959497219413391747
zeta_0: 0.60666666666666666666666666666666667
alpha_fdp: 0.0056908219412125666955208371457645848
zeta_0: 0.62222222222222222222222222222222222
alpha_fdp: 0.0053058588703229626980836607380033222
zeta_0: 0.63777777777777777777777777777777778
alpha_fdp: 0.0049437771348916240569250402659815629
zeta_0: 0.65333333333333333333333333333333334
alpha_fdp: 0.0046038758774094450431331471049232466
zeta_0: 0.66888888888888888888888888888888889
alpha_fdp: 0.0042849879093542537102124070889039002
zeta_0: 0.68444444444444444444444444444444445
alpha_fdp: 0.0039859937505622805965905679322654318
zeta_0: 0.7
alpha_fdp: 0.003705820619564559698878464584785304
zeta_0: 0.71555555555555555555555555555555556
alpha_fdp: 0.0034434413783144141725148164254057476
zeta_0: 0.73111111111111111111111111111111111
alpha_fdp: 0.003197873437229894666642354480274695
zeta_0: 0.74666666666666666666666666666666667
alpha_fdp: 0.002968177626240598110450645281212602
zeta_0: 0.76222222222222222222222222222222222
alpha_fdp: 0.0027537258595136064048251388787162163
zeta_0: 0.77777777777777777777777777777777778
alpha_fdp: 0.002553106912572440318345409838948216
zeta_0: 0.79333333333333333333333333333333333
alpha_fdp: 0.0023657924473959416761863483878467843
zeta_0: 0.80888888888888888888888888888888889
alpha_fdp: 0.00219100513857729199340812774912663
zeta_0: 0.82444444444444444444444444444444444
alpha_fdp: 0.002028005108916397640898652052031158
zeta_0: 0.84
alpha_fdp: 0.0018760887020011706256811576578847492
zeta_0: 0.85555555555555555555555555555555556
alpha_fdp: 0.0017345872535508150657694117778210494
zeta_0: 0.87111111111111111111111111111111111
alpha_fdp: 0.001602865865165643280692715748030434
zeta_0: 0.88666666666666666666666666666666667
alpha_fdp: 0.0014803221838718310459606744669505522
zeta_0: 0.90222222222222222222222222222222222
alpha_fdp: 0.0013663851905971471976756877991445277
zeta_0: 0.91777777777777777777777777777777778
alpha_fdp: 0.0012606461457750371260719852342657429
zeta_0: 0.93333333333333333333333333333333333
alpha_fdp: 0.0011623193571052329020584255127786266
zeta_0: 0.94888888888888888888888888888888889
alpha_fdp: 0.0010710628900068179009214424077262782
zeta_0: 0.96444444444444444444444444444444444
alpha_fdp: 0.00098641918667687009429104975056402575
zeta_0: 0.98
alpha_fdp: 0.00090795619375209548001818536217303269
zeta_0: 0.99555555555555555555555555555555555
alpha_fdp: 0.00083526625674687091259477306682414591
zeta_0: 1.0111111111111111111111111111111111
alpha_fdp: 0.00076796503879043290408938663616051456
zeta_0: 1.0266666666666666666666666666666667
alpha_fdp: 0.00070569046500682617091553659852041381
zeta_0: 1.0422222222222222222222222222222222
alpha_fdp: 0.00064810169369350451892947805209704305
zeta_0: 1.0577777777777777777777777777777778
alpha_fdp: 0.00059487811527594135311061297876188487
zeta_0: 1.0733333333333333333333333333333333
alpha_fdp: 0.0005457795535335382317223784633039004
zeta_0: 1.0888888888888888888888888888888889
alpha_fdp: 0.00050039590567886846468306504190087541
zeta_0: 1.1044444444444444444444444444444445
alpha_fdp: 0.00045852777002106905385481553436236962
zeta_0: 1.12
alpha_fdp: 0.00041992601471981013822770152392512943
zeta_0: 1.1355555555555555555555555555555556
alpha_fdp: 0.00038435717545214570086976173318270985
zeta_0: 1.1511111111111111111111111111111111
alpha_fdp: 0.00035160263269206112467830733496889759
zeta_0: 1.1666666666666666666666666666666667
alpha_fdp: 0.00032145781939640777199738434577330027
zeta_0: 1.1822222222222222222222222222222222
alpha_fdp: 0.00029373145898297677329022442539199029
zeta_0: 1.1977777777777777777777777777777778
alpha_fdp: 0.00026824483339080363146105174800820411
zeta_0: 1.2133333333333333333333333333333333
alpha_fdp: 0.00024483108092557367703780131557234725
zeta_0: 1.2288888888888888888888888888888889
alpha_fdp: 0.00022336119233983924609066255296660509
zeta_0: 1.2444444444444444444444444444444444
alpha_fdp: 0.00020363448587319684216900883981443053
zeta_0: 1.26
alpha_fdp: 0.00018554479147450708185536213207032911
zeta_0: 1.2755555555555555555555555555555556
alpha_fdp: 0.00016896622073723456503869234175798398
zeta_0: 1.2911111111111111111111111111111111
alpha_fdp: 0.00015378166283244470373339628287733334
zeta_0: 1.3066666666666666666666666666666667
alpha_fdp: 0.00013988225089788005886191988439876431
zeta_0: 1.3222222222222222222222222222222222
alpha_fdp: 0.00012716685433850716365981152425671819
zeta_0: 1.3377777777777777777777777777777778
alpha_fdp: 0.00011554159631148413340993413697254957
zeta_0: 1.3533333333333333333333333333333333
alpha_fdp: 0.00010491939564322878335119328485169246
zeta_0: 1.3688888888888888888888888888888889
alpha_fdp: 0.00009521953240616528150186644975021932
zeta_0: 1.3844444444444444444444444444444444
alpha_fdp: 0.000086378185241662895868094569545492432
zeta_0: 1.4
alpha_fdp: 0.000078303280641923797317166000734694824
zeta_0: 1.4155555555555555555555555555555556
alpha_fdp: 0.000070942794934652401580208039661741266
zeta_0: 1.4311111111111111111111111111111111
alpha_fdp: 0.000064237548310983051802161056823551837
zeta_0: 1.4466666666666666666666666666666667
alpha_fdp: 0.000058132877536591679800065093307769158
zeta_0: 1.4622222222222222222222222222222222
alpha_fdp: 0.000052578326680874788381389992903114981
zeta_0: 1.4777777777777777777777777777777778
alpha_fdp: 0.000047527355899693724249594297502298144
zeta_0: 1.4933333333333333333333333333333333
alpha_fdp: 0.000042937067484142347769278988208166021
zeta_0: 1.5088888888888888888888888888888889
alpha_fdp: 0.000038767948399420895605018804607825016
zeta_0: 1.5244444444444444444444444444444444
alpha_fdp: 0.00003498829633799400047614751136356736
zeta_0: 1.54
alpha_fdp: 0.000031554887163102321934490578723794942
zeta_0: 1.5555555555555555555555555555555556
alpha_fdp: 0.000028442111272958169980655456552041944
zeta_0: 1.5711111111111111111111111111111111
alpha_fdp: 0.000025621720056662237636121595218933874
zeta_0: 1.5866666666666666666666666666666667
alpha_fdp: 0.000023067783752063048962244445228352571
zeta_0: 1.6022222222222222222222222222222222
alpha_fdp: 0.000020756517495809047779374548546360813
zeta_0: 1.6177777777777777777777777777777778
alpha_fdp: 0.000018666118901653952551883861132838404
zeta_0: 1.6333333333333333333333333333333333
alpha_fdp: 0.000016776616538947015117884418259650978
zeta_0: 1.6488888888888888888888888888888889
alpha_fdp: 0.000015069728705548260655039329600527348
zeta_0: 1.6644444444444444444444444444444444
alpha_fdp: 0.000013528731912013337107371036227040754
zeta_0: 1.68
alpha_fdp: 0.00001214004828359707001654971507756652
zeta_0: 1.6955555555555555555555555555555556
alpha_fdp: 0.000010886124247071292494936124491157419
zeta_0: 1.7111111111111111111111111111111111
alpha_fdp: 0.0000097561047312584895925905016596626112
zeta_0: 1.7266666666666666666666666666666667
alpha_fdp: 0.0000087383576413654648006266630940371597
zeta_0: 1.7422222222222222222222222222222222
alpha_fdp: 0.0000078222784815643019951512618473508589
zeta_0: 1.7577777777777777777777777777777778
alpha_fdp: 0.0000069982061245847752682463102928256825
zeta_0: 1.7733333333333333333333333333333333
alpha_fdp: 0.0000062573448440745269508933996132030282
zeta_0: 1.7888888888888888888888888888888889
alpha_fdp: 0.0000055916922046096166746011678056735086
zeta_0: 1.8044444444444444444444444444444444
alpha_fdp: 0.0000049939724249009445227546506840728877
zeta_0: 1.82
alpha_fdp: 0.0000044575748498568798166954977866355488
zeta_0: 1.8355555555555555555555555555555556
alpha_fdp: 0.000003977086965529989657226625639797442
zeta_0: 1.8511111111111111111111111111111111
alpha_fdp: 0.0000035458216538568923356572383581025125
zeta_0: 1.8666666666666666666666666666666667
alpha_fdp: 0.0000031594976709474464531063662994260081
zeta_0: 1.8822222222222222222222222222222222
alpha_fdp: 0.0000028136395154495092131600716805448371
zeta_0: 1.8977777777777777777777777777777778
alpha_fdp: 0.0000025041944362554762746777694960062365
zeta_0: 1.9133333333333333333333333333333333
alpha_fdp: 0.0000022274949520124125399874187578000075
zeta_0: 1.9288888888888888888888888888888889
alpha_fdp: 0.0000019802244405481756466632701841857452
zeta_0: 1.9444444444444444444444444444444444
alpha_fdp: 0.0000017593855719650721245450031604668105
zeta_0: 1.96
alpha_fdp: 0.0000015622713734002048907556188518136146
zeta_0: 1.9755555555555555555555555555555556
alpha_fdp: 0.0000013864387270306440079620057468832033
zeta_0: 1.9911111111111111111111111111111111
alpha_fdp: 0.0000012298757035934736117134448054153526
zeta_0: 2.0066666666666666666666666666666667
alpha_fdp: 0.0000010901920893749954587475867965067923
zeta_0: 2.0222222222222222222222222222222222
alpha_fdp: 0.00000096581367048784035864478234476535648
zeta_0: 2.0377777777777777777777777777777778
alpha_fdp: 0.00000085512993478800219614749322903743709
zeta_0: 2.0533333333333333333333333333333333
alpha_fdp: 0.00000075669215851075186797878999996423338
zeta_0: 2.0688888888888888888888888888888889
alpha_fdp: 0.00000066919801404371909475125144491895264
zeta_0: 2.0844444444444444444444444444444444
alpha_fdp: 0.00000059147754870055415560941368800936304
zeta_0: 2.1
alpha_fdp: 0.00000052248042217539089978770057194695105
zeta_0: 2.1155555555555555555555555555555556
alpha_fdp: 0.00000046126429856649794400967524639162969
zeta_0: 2.1311111111111111111111111111111111
alpha_fdp: 0.00000040705045608323710127872961654120864
zeta_0: 2.1466666666666666666666666666666667
alpha_fdp: 0.00000035894201875472738074173128521832368
zeta_0: 2.1622222222222222222222222222222222
alpha_fdp: 0.00000031633569772165489201660962315624147
zeta_0: 2.1777777777777777777777777777777778
alpha_fdp: 0.00000027862487308973618968523799700933583
zeta_0: 2.1933333333333333333333333333333333
alpha_fdp: 0.00000024526708602651416449967702663096139
zeta_0: 2.2088888888888888888888888888888889
alpha_fdp: 0.00000021577757010106032272225545736296664
zeta_0: 2.2244444444444444444444444444444444
alpha_fdp: 0.00000018972339881680515610287192358027796
zeta_0: 2.24
alpha_fdp: 0.00000016671819458786480193095849802241781
zeta_0: 2.2555555555555555555555555555555556
alpha_fdp: 0.00000014641734885441621921308299443262042
zeta_0: 2.2711111111111111111111111111111111
alpha_fdp: 0.00000012851370716013648118216655491841046
zeta_0: 2.2866666666666666666666666666666667
alpha_fdp: 0.0000001127528516636084333777454654007203
zeta_0: 2.3022222222222222222222222222222222
alpha_fdp: 0.000000098850603649501655183218858545427233
zeta_0: 2.3177777777777777777777777777777778
alpha_fdp: 0.000000086612045858967626331572565560901865
zeta_0: 2.3333333333333333333333333333333333
alpha_fdp: 0.000000075844551258127887445033841331842349
zeta_0: 2.3488888888888888888888888888888889
alpha_fdp: 0.000000066376986351276998205630510981277424
zeta_0: 2.3644444444444444444444444444444444
alpha_fdp: 0.00000005805741159419363849347828718285803
zeta_0: 2.38
alpha_fdp: 0.000000050751016136254970626210726933639766
zeta_0: 2.3955555555555555555555555555555555
alpha_fdp: 0.000000044338264360859405602090918391891085
zeta_0: 2.4111111111111111111111111111111111
alpha_fdp: 0.00000003871323370944287782070129304720766
zeta_0: 2.4266666666666666666666666666666667
alpha_fdp: 0.000000033782125126100052315224467333391301
zeta_0: 2.4422222222222222222222222222222222
alpha_fdp: 0.000000029467162712005749856691386381710011
zeta_0: 2.4577777777777777777777777777777778
alpha_fdp: 0.00000002568381332736506705645700616871797
zeta_0: 2.4733333333333333333333333333333333
alpha_fdp: 0.000000022373157104912412523485363046069138
zeta_0: 2.4888888888888888888888888888888889
alpha_fdp: 0.000000019477874696437707536067587228893915
zeta_0: 2.5044444444444444444444444444444444
alpha_fdp: 0.000000016947370942398977561743161407224033
zeta_0: 2.52
alpha_fdp: 0.000000014737014829188052261013627279937494
zeta_0: 2.5355555555555555555555555555555556
alpha_fdp: 0.000000012807461789637682959249518236136645
zeta_0: 2.5511111111111111111111111111111111
alpha_fdp: 0.000000011124049855530999527968612136688758
zeta_0: 2.5666666666666666666666666666666667
alpha_fdp: 0.0000000096562619961275564629565861132666986
zeta_0: 2.5822222222222222222222222222222222
alpha_fdp: 0.000000008377247727497103112671321477670444
zeta_0: 2.5977777777777777777777777777777778
alpha_fdp: 0.0000000072647429641535593146300559679601709
zeta_0: 2.6133333333333333333333333333333333
alpha_fdp: 0.000000006295136499832898411691672477656586
zeta_0: 2.6288888888888888888888888888888889
alpha_fdp: 0.0000000054517520976833508736788190060050884
zeta_0: 2.6444444444444444444444444444444444
alpha_fdp: 0.000000004718598726208237187875058360638406
zeta_0: 2.66
alpha_fdp: 0.0000000040816516972971756768383181740050713
zeta_0: 2.6755555555555555555555555555555556
alpha_fdp: 0.000000003528618750517857875619739270899284
zeta_0: 2.6911111111111111111111111111111111
alpha_fdp: 0.000000003048732946600168495932315976102976
zeta_0: 2.7066666666666666666666666666666667
alpha_fdp: 0.0000000026325694256493031091534832873471572
zeta_0: 2.7222222222222222222222222222222222
alpha_fdp: 0.0000000022718833932960945690300177603546954
zeta_0: 2.7377777777777777777777777777777778
alpha_fdp: 0.000000001959466975390752613954558078305629
zeta_0: 2.7533333333333333333333333333333333
alpha_fdp: 0.0000000016893484480922712006833498234030976
zeta_0: 2.7688888888888888888888888888888889
alpha_fdp: 0.0000000014553342592271880995252602454748252
zeta_0: 2.7844444444444444444444444444444444
alpha_fdp: 0.0000000012530022105880289879973416689124497
zeta_0: 2.8
alpha_fdp: 0.0000000010781680165220681425407982777274177
zeta_0: 2.8155555555555555555555555555555556
alpha_fdp: 0.00000000092718528375867922773642585107745021
zeta_0: 2.8311111111111111111111111111111111
alpha_fdp: 0.00000000079687838874627663263216217994309762
zeta_0: 2.8466666666666666666666666666666667
alpha_fdp: 0.00000000068448345908266262944159024552143779
zeta_0: 2.8622222222222222222222222222222222
alpha_fdp: 0.00000000058759651631471598242050332639488155
zeta_0: 2.8777777777777777777777777777777778
alpha_fdp: 0.00000000050412794246863758299152196832604263
zeta_0: 2.8933333333333333333333333333333333
alpha_fdp: 0.00000000043234881410913938766661311339928549
zeta_0: 2.9088888888888888888888888888888889
alpha_fdp: 0.00000000037049865674113657730874071126796517
zeta_0: 2.9244444444444444444444444444444444
alpha_fdp: 0.0000000003173103071973602028017453252066603
zeta_0: 2.94
alpha_fdp: 0.00000000027159818034467898407708880217215298
zeta_0: 2.9555555555555555555555555555555556
alpha_fdp: 0.0000000002323349931108041067181149945088538
zeta_0: 2.9711111111111111111111111111111111
alpha_fdp: 0.00000000019863119205096429550272485649615772
zeta_0: 2.9866666666666666666666666666666667
alpha_fdp: 0.00000000016971697591595849322904617182625968
zeta_0: 3.0022222222222222222222222222222222
alpha_fdp: 0.00000000014492659658066014393932327544171132
zeta_0: 3.0177777777777777777777777777777778
alpha_fdp: 0.00000000012368465890554929604139507962400429
zeta_0: 3.0333333333333333333333333333333333
alpha_fdp: 0.00000000010549417312864987070957091887550798
zeta_0: 3.0488888888888888888888888888888889
alpha_fdp: 8.9944777531819359186667877070187745e-11
zeta_0: 3.0644444444444444444444444444444444
alpha_fdp: 7.6626430038079719737429737442661522e-11
zeta_0: 3.08
alpha_fdp: 6.5241811771826590367020229237968575e-11
zeta_0: 3.0955555555555555555555555555555556
alpha_fdp: 5.5516001062003424494846569965050685e-11
zeta_0: 3.1111111111111111111111111111111111
alpha_fdp: 4.72122874684498535707314768827802e-11
zeta_0: 3.1266666666666666666666666666666667
alpha_fdp: 4.0126989504621870459147931838596529e-11
zeta_0: 3.1422222222222222222222222222222222
alpha_fdp: 3.4084956617156235779412918054761143e-11
zeta_0: 3.1577777777777777777777777777777778
alpha_fdp: 2.8935667702122183965196065336639068e-11
zeta_0: 3.1733333333333333333333333333333333
alpha_fdp: 2.4549849319341013708787018223886011e-11
zeta_0: 3.1888888888888888888888888888888889
alpha_fdp: 2.0816546347163296074498949614788452e-11
zeta_0: 3.2044444444444444444444444444444444
alpha_fdp: 1.7644376176593962440914530970367042e-11
zeta_0: 3.22
alpha_fdp: 1.4943606740359918978294216052312836e-11
zeta_0: 3.2355555555555555555555555555555556
alpha_fdp: 1.2648789695786694549883581477177055e-11
zeta_0: 3.2511111111111111111111111111111111
alpha_fdp: 1.0700076919957291688335306333878243e-11
zeta_0: 3.2666666666666666666666666666666667
alpha_fdp: 9.0462623766424183550346180148811339e-12
zeta_0: 3.2822222222222222222222222222222222
alpha_fdp: 7.6435617539110206722755009532711917e-12
zeta_0: 3.2977777777777777777777777777777778
alpha_fdp: 6.4545603109553562604447901412997032e-12
zeta_0: 3.3133333333333333333333333333333333
alpha_fdp: 5.4473063536075413364491829742304435e-12
zeta_0: 3.3288888888888888888888888888888889
alpha_fdp: 4.5945307022226000820872274294205163e-12
zeta_0: 3.3444444444444444444444444444444444
alpha_fdp: 3.8729750881869863366542095673509247e-12
zeta_0: 3.36
alpha_fdp: 3.2635405365219521903693920627471095e-12
zeta_0: 3.3755555555555555555555555555555556
alpha_fdp: 2.7477750069728434438010982883530443e-12
zeta_0: 3.3911111111111111111111111111111111
alpha_fdp: 2.3121575295716050339084376180799539e-12
zeta_0: 3.4066666666666666666666666666666667
alpha_fdp: 1.944454263895340643015998049566529e-12
zeta_0: 3.4222222222222222222222222222222222
alpha_fdp: 1.6342634823702930473127756627999263e-12
zeta_0: 3.4377777777777777777777777777777778
alpha_fdp: 1.3727467411721166969115915468735554e-12
zeta_0: 3.4533333333333333333333333333333333
alpha_fdp: 1.1523986394859649959155081795013081e-12
zeta_0: 3.4688888888888888888888888888888889
alpha_fdp: 9.6684975840100414704528782992804687e-13
zeta_0: 3.4844444444444444444444444444444444
alpha_fdp: 8.1069810936812313428225688705016523e-13
zeta_0: 3.5
alpha_fdp: 6.79520869625428849570070514193804e-13
zeta_0: 3.5155555555555555555555555555555556
alpha_fdp: 5.6910320639462991595179789862593075e-13
zeta_0: 3.5311111111111111111111111111111111
alpha_fdp: 4.7634662132040276142689282257656237e-13
zeta_0: 3.5466666666666666666666666666666667
alpha_fdp: 3.9847303793136831239985919037596547e-13
zeta_0: 3.5622222222222222222222222222222222
alpha_fdp: 3.3313369296016410351126215011345632e-13
zeta_0: 3.5777777777777777777777777777777778
alpha_fdp: 2.7834403338186253073480856092466339e-13
zeta_0: 3.5933333333333333333333333333333333
alpha_fdp: 2.3242828824751536211406798559479718e-13
zeta_0: 3.6088888888888888888888888888888889
alpha_fdp: 1.939723085477494247500506221812476e-13
zeta_0: 3.6244444444444444444444444444444444
alpha_fdp: 1.6178346811826557035417809568173028e-13
zeta_0: 3.64
alpha_fdp: 1.3485659072800207734045376904749975e-13
zeta_0: 3.6555555555555555555555555555555556
alpha_fdp: 1.1237164097277479453441282012866319e-13
zeta_0: 3.6711111111111111111111111111111111
alpha_fdp: 9.355828820972943144861503838455443e-14
zeta_0: 3.6866666666666666666666666666666667
alpha_fdp: 7.7848699176670008753616924892852664e-14
zeta_0: 3.7022222222222222222222222222222222
alpha_fdp: 6.4738700200747800147604039200403106e-14
zeta_0: 3.7177777777777777777777777777777778
alpha_fdp: 5.3804684318642073835732768475127987e-14
zeta_0: 3.7333333333333333333333333333333333
alpha_fdp: 4.4690958649854366549330661101889583e-14
zeta_0: 3.7488888888888888888888888888888889
alpha_fdp: 3.7099042339525638455261722823877786e-14
zeta_0: 3.7644444444444444444444444444444444
alpha_fdp: 3.0778620268493831013126988947714983e-14
zeta_0: 3.78
alpha_fdp: 2.5519901342813633614758767420099591e-14
zeta_0: 3.7955555555555555555555555555555556
alpha_fdp: 2.1147167484415464348883037264774075e-14
zeta_0: 3.8111111111111111111111111111111111
alpha_fdp: 1.7517615792945091915176287645323791e-14
zeta_0: 3.8266666666666666666666666666666667
alpha_fdp: 1.4498905188309663937165559809927979e-14
zeta_0: 3.8422222222222222222222222222222222
alpha_fdp: 1.1993300626085834015512938293889414e-14
zeta_0: 3.8577777777777777777777777777777778
alpha_fdp: 9.9148352671886554758280315806026958e-15
zeta_0: 3.8733333333333333333333333333333333
alpha_fdp: 8.1917282186612632634836253753423275e-15
zeta_0: 3.8888888888888888888888888888888889
alpha_fdp: 6.7640808932773112255445133428256797e-15
zeta_0: 3.9044444444444444444444444444444444
alpha_fdp: 5.5819411406109009365710600051816226e-15
zeta_0: 3.92
alpha_fdp: 4.6036774903521328724538319856286807e-15
zeta_0: 3.9355555555555555555555555555555556
alpha_fdp: 3.7946147148342158274536796661788205e-15
zeta_0: 3.9511111111111111111111111111111111
alpha_fdp: 3.1258894487301406362746907210434437e-15
zeta_0: 3.9666666666666666666666666666666667
alpha_fdp: 2.5741402876360275500773367708054515e-15
zeta_0: 3.9822222222222222222222222222222222
alpha_fdp: 2.1179937356467615352656464278453762e-15
zeta_0: 3.9977777777777777777777777777777778
alpha_fdp: 1.7416472431873968104471462762167389e-15
zeta_0: 4.0133333333333333333333333333333333
alpha_fdp: 1.4313266777295578116037557523990025e-15
zeta_0: 4.0288888888888888888888888888888889
alpha_fdp: 1.1756021107335528261201460296255502e-15
zeta_0: 4.0444444444444444444444444444444444
alpha_fdp: 9.6499474566384023753797749107727529e-16
zeta_0: 4.06
alpha_fdp: 7.9164872908653249913089956353045429e-16
zeta_0: 4.0755555555555555555555555555555556
alpha_fdp: 6.4905731153615625627058033177232684e-16
zeta_0: 4.0911111111111111111111111111111111
alpha_fdp: 5.3183450483743866414535441101137497e-16
zeta_0: 4.1066666666666666666666666666666667
alpha_fdp: 4.3552479964130051444808227248098624e-16
zeta_0: 4.1222222222222222222222222222222222
alpha_fdp: 3.5653736517989321692795876667100072e-16
zeta_0: 4.1377777777777777777777777777777778
alpha_fdp: 2.9162686635317107250189900407910702e-16
zeta_0: 4.1533333333333333333333333333333333
alpha_fdp: 2.3839265204020436147168225457391087e-16
zeta_0: 4.1688888888888888888888888888888889
alpha_fdp: 1.9476056775868447290278528566060064e-16
zeta_0: 4.1844444444444444444444444444444444
alpha_fdp: 1.5902009613132994561879494842038432e-16
zeta_0: 4.2
alpha_fdp: 1.2976147822080951435707231799924606e-16
zeta_0: 4.2155555555555555555555555555555556
alpha_fdp: 1.0582355086593446371179883470949114e-16
zeta_0: 4.2311111111111111111111111111111111
alpha_fdp: 8.6250501536817043137199422466126698e-17
zeta_0: 4.2466666666666666666666666666666667
alpha_fdp: 7.0256039208295869350695065529981252e-17
zeta_0: 4.2622222222222222222222222222222222
alpha_fdp: 5.7208991948431909754954941110422587e-17
zeta_0: 4.2777777777777777777777777777777778
alpha_fdp: 4.6544896781126517704511241416366716e-17
zeta_0: 4.2933333333333333333333333333333333
alpha_fdp: 3.7846221260915001975641718052936731e-17
zeta_0: 4.3088888888888888888888888888888889
alpha_fdp: 3.0754993106209295537756231405742453e-17
zeta_0: 4.3244444444444444444444444444444444
alpha_fdp: 2.4977638894051554461053494540392955e-17
zeta_0: 4.34
alpha_fdp: 2.0273547613818605422140296258925718e-17
zeta_0: 4.3555555555555555555555555555555556
alpha_fdp: 1.6445637824354413288603652438167519e-17
zeta_0: 4.3711111111111111111111111111111111
alpha_fdp: 1.3332582368777545857134211909866618e-17
zeta_0: 4.3866666666666666666666666666666667
alpha_fdp: 1.0802403473924335372526187662277928e-17
zeta_0: 4.4022222222222222222222222222222222
alpha_fdp: 8.7472000765606425660198010594352332e-18
zeta_0: 4.4177777777777777777777777777777778
alpha_fdp: 7.0807534897545772423320108765078627e-18
zeta_0: 4.4333333333333333333333333333333333
alpha_fdp: 5.7268197689308233795375970239473706e-18
zeta_0: 4.4488888888888888888888888888888889
alpha_fdp: 4.6290305804175425363337671466673354e-18
zeta_0: 4.4644444444444444444444444444444445
alpha_fdp: 3.7394614522098278425316982508000222e-18
zeta_0: 4.48
alpha_fdp: 3.0190515648274732059053866220961177e-18
zeta_0: 4.4955555555555555555555555555555556
alpha_fdp: 2.435984063570715618081477979692973e-18
zeta_0: 4.5111111111111111111111111111111111
alpha_fdp: 1.9643586324202122332013932972030363e-18
zeta_0: 4.5266666666666666666666666666666667
alpha_fdp: 1.5831042858476353824846618460739179e-18
zeta_0: 4.5422222222222222222222222222222222
alpha_fdp: 1.2750894743907054223441652049181586e-18
zeta_0: 4.5577777777777777777777777777777778
alpha_fdp: 1.0263941577564531502522452707835361e-18
zeta_0: 4.5733333333333333333333333333333333
alpha_fdp: 8.2594778983618568249667366808078505e-19
zeta_0: 4.5888888888888888888888888888888889
alpha_fdp: 6.6406583826788208294948450295844979e-19
zeta_0: 4.6044444444444444444444444444444445
alpha_fdp: 5.3359531580048276192910117059824242e-19
zeta_0: 4.62
alpha_fdp: 4.2850430229673465547550531492419577e-19
zeta_0: 4.6355555555555555555555555555555556
alpha_fdp: 3.4390671678022822710032134860561232e-19
zeta_0: 4.6511111111111111111111111111111111
alpha_fdp: 2.7584708978968361959210439125158878e-19
zeta_0: 4.6666666666666666666666666666666667
alpha_fdp: 2.2112529037962620968990943042509601e-19
zeta_0: 4.6822222222222222222222222222222222
alpha_fdp: 1.7715388121419540215030038435607203e-19
zeta_0: 4.6977777777777777777777777777777778
alpha_fdp: 1.4184210149648403533614775822753061e-19
zeta_0: 4.7133333333333333333333333333333333
alpha_fdp: 1.1350156690306769149360924040453441e-19
zeta_0: 4.7288888888888888888888888888888889
alpha_fdp: 9.079598614362538001233890223968589e-20
zeta_0: 4.7444444444444444444444444444444444
alpha_fdp: 7.2568486785732462303630925619673331e-20
zeta_0: 4.76
alpha_fdp: 5.7965775883833973812441415096245476e-20
zeta_0: 4.7755555555555555555555555555555556
alpha_fdp: 4.6274037423027121391858160798404644e-20
zeta_0: 4.7911111111111111111111111111111111
alpha_fdp: 3.6918604159998192570692055025857063e-20
zeta_0: 4.8066666666666666666666666666666667
alpha_fdp: 2.9437117134360800822368758912241622e-20
zeta_0: 4.8222222222222222222222222222222222
alpha_fdp: 2.3457805926294620385989056524461206e-20
zeta_0: 4.8377777777777777777777777777777778
alpha_fdp: 1.8681923820688855907493567629779869e-20
zeta_0: 4.8533333333333333333333333333333333
alpha_fdp: 1.4869552042783154144786330006584904e-20
zeta_0: 4.8688888888888888888888888888888889
alpha_fdp: 1.1828134104714883144914824842480867e-20
zeta_0: 4.8844444444444444444444444444444444
alpha_fdp: 9.4060196120749375509788835949841312e-21
zeta_0: 4.9
alpha_fdp: 7.4732353292697409620165811327605531e-21
zeta_0: 4.9155555555555555555555555555555556
alpha_fdp: 5.9340808640129547442622843844343169e-21
zeta_0: 4.9311111111111111111111111111111111
alpha_fdp: 4.7091255765118972027808672092455396e-21
zeta_0: 4.9466666666666666666666666666666667
alpha_fdp: 3.734814868781796648915762911196141e-21
zeta_0: 4.9622222222222222222222222222222222
alpha_fdp: 2.9603282420054847316426497300849927e-21
zeta_0: 4.9777777777777777777777777777777778
alpha_fdp: 2.3450528022563836632942806549521168e-21
zeta_0: 4.9933333333333333333333333333333333
alpha_fdp: 1.8565529410684987511635195699272248e-21
zeta_0: 5.0088888888888888888888888888888889
alpha_fdp: 1.4689397765589630679115347724479726e-21
zeta_0: 5.0244444444444444444444444444444444
alpha_fdp: 1.1619162155878100651956295812172643e-21
zeta_0: 5.04
alpha_fdp: 9.1823880317632720206942831586707309e-22
zeta_0: 5.0555555555555555555555555555555556
alpha_fdp: 7.2523435765202326415321274831344152e-22
zeta_0: 5.0711111111111111111111111111111111
alpha_fdp: 5.7245715311988316493355119891251248e-22
zeta_0: 5.0866666666666666666666666666666667
alpha_fdp: 4.5159536512324706927721083677489268e-22
zeta_0: 5.1022222222222222222222222222222222
alpha_fdp: 3.560392072755150630372930121553155e-22
zeta_0: 5.1177777777777777777777777777777778
alpha_fdp: 2.8053562585724280457217306593333219e-22
zeta_0: 5.1333333333333333333333333333333333
alpha_fdp: 2.2091237736859017439102146768146552e-22
zeta_0: 5.1488888888888888888888888888888889
alpha_fdp: 1.7385768646188503746472260129186221e-22
zeta_0: 5.1644444444444444444444444444444444
alpha_fdp: 1.3674439908818066469100668868385373e-22
zeta_0: 5.18
alpha_fdp: 1.0752329692619357225897242533102083e-22
zeta_0: 5.1955555555555555555555555555555556
alpha_fdp: 8.446992754849227395647339462068379e-23
zeta_0: 5.2111111111111111111111111111111111
alpha_fdp: 6.631983380314555048140450869233036e-23
zeta_0: 5.2266666666666666666666666666666667
alpha_fdp: 5.2038704711936660396809336436958014e-23
zeta_0: 5.2422222222222222222222222222222222
alpha_fdp: 4.0808558101982414232433274527634412e-23
zeta_0: 5.2577777777777777777777777777777778
alpha_fdp: 3.1982891532271187438359347522091257e-23
zeta_0: 5.2733333333333333333333333333333333
alpha_fdp: 2.5051046986375095558783432496615236e-23
zeta_0: 5.2888888888888888888888888888888889
alpha_fdp: 1.9609914231956726545662993490301025e-23
zeta_0: 5.3044444444444444444444444444444444
alpha_fdp: 1.5341475635060527942216547992105857e-23
zeta_0: 5.32
alpha_fdp: 1.1994997719482323192067104542285892e-23
zeta_0: 5.3355555555555555555555555555555556
alpha_fdp: 9.3759156315488374872742540821246808e-24
zeta_0: 5.3511111111111111111111111111111111
alpha_fdp: 7.322006732897403122961070617981226e-24
zeta_0: 5.3666666666666666666666666666666667
alpha_fdp: 5.7146285636320124544591387533204998e-24
zeta_0: 5.3822222222222222222222222222222222
alpha_fdp: 4.4574581159001679557810249760705537e-24
zeta_0: 5.3977777777777777777777777777777778
alpha_fdp: 3.4747841052245700715138657753297661e-24
zeta_0: 5.4133333333333333333333333333333333
alpha_fdp: 2.707132812511739933224028576836845e-24
zeta_0: 5.4288888888888888888888888888888889
alpha_fdp: 2.107814276740795785792106742939178e-24
zeta_0: 5.4444444444444444444444444444444444
alpha_fdp: 1.6401968983664807027966311276792372e-24
zeta_0: 5.46
alpha_fdp: 1.2755581773822549830967246263120413e-24
zeta_0: 5.4755555555555555555555555555555556
alpha_fdp: 9.9139085505283582416374830317168583e-25
zeta_0: 5.4911111111111111111111111111111111
alpha_fdp: 7.7032113686315921479128970501945728e-25
zeta_0: 5.5066666666666666666666666666666667
alpha_fdp: 5.979932443271803876191696041789631e-25
zeta_0: 5.5222222222222222222222222222222222
alpha_fdp: 4.6393766571261573688434660126267961e-25
zeta_0: 5.5377777777777777777777777777777778
alpha_fdp: 3.5971710271351141406346603850482398e-25
zeta_0: 5.5533333333333333333333333333333333
alpha_fdp: 2.7874020267932845523658325148201006e-25
zeta_0: 5.5688888888888888888888888888888889
alpha_fdp: 2.158608462631573565598874895136777e-25
zeta_0: 5.5844444444444444444444444444444444
alpha_fdp: 1.6706372099147974505864556425336989e-25
zeta_0: 5.6
alpha_fdp: 1.2921775488446674126073353529555848e-25
zeta_0: 5.6155555555555555555555555555555556
alpha_fdp: 9.988288519610801454580117379726136e-26
zeta_0: 5.6311111111111111111111111111111111
alpha_fdp: 7.7184555766882653592880976590294705e-26
zeta_0: 5.6466666666666666666666666666666667
alpha_fdp: 5.9586079025666842631202242258539604e-26
zeta_0: 5.6622222222222222222222222222222222
alpha_fdp: 4.5969826102950685910859293332573285e-26
zeta_0: 5.6777777777777777777777777777777778
alpha_fdp: 3.5441014613543055176184632347907963e-26
zeta_0: 5.6933333333333333333333333333333333
alpha_fdp: 2.7304464592015527284005961888348851e-26
zeta_0: 5.7088888888888888888888888888888889
alpha_fdp: 2.1020402662068896837906789781750519e-26
zeta_0: 5.7244444444444444444444444444444444
alpha_fdp: 1.6169977335482749988939844041646767e-26
zeta_0: 5.74
alpha_fdp: 1.2428368366153412526577603298094299e-26
zeta_0: 5.7555555555555555555555555555555556
alpha_fdp: 9.5438309137027659634302653572052109e-27
zeta_0: 5.7711111111111111111111111111111111
alpha_fdp: 7.3213748978854350951058869570057594e-27
zeta_0: 5.7866666666666666666666666666666667
alpha_fdp: 5.612001756822425894141679449071939e-27
zeta_0: 5.8022222222222222222222222222222222
alpha_fdp: 4.2946179576197055622550018087122228e-27
zeta_0: 5.8177777777777777777777777777777778
alpha_fdp: 3.2814363988112125825703602693591563e-27
zeta_0: 5.8333333333333333333333333333333333
alpha_fdp: 2.5026803338119067234863918095766897e-27
zeta_0: 5.8488888888888888888888888888888889
alpha_fdp: 1.9044687504085988260840172820942657e-27
zeta_0: 5.8644444444444444444444444444444444
alpha_fdp: 1.4452206123459267057657195829635542e-27
zeta_0: 5.88
alpha_fdp: 1.0928666184527972149801816485683599e-27
zeta_0: 5.8955555555555555555555555555555555
alpha_fdp: 8.2268847938583610261305155176796873e-28
zeta_0: 5.9111111111111111111111111111111111
alpha_fdp: 6.1564553702741194967443931890902443e-28
zeta_0: 5.9266666666666666666666666666666667
alpha_fdp: 4.5707961112230483683832089370093218e-28
zeta_0: 5.9422222222222222222222222222222222
alpha_fdp: 3.3585031704729161623608803699550977e-28
zeta_0: 5.9577777777777777777777777777777778
alpha_fdp: 2.4297991010862565511870634422537122e-28
zeta_0: 5.9733333333333333333333333333333333
alpha_fdp: 1.7198211451137922239176001886445562e-28
zeta_0: 5.9888888888888888888888888888888889
alpha_fdp: 1.1773812036316462058948219842608132e-28
zeta_0: 6.0044444444444444444444444444444444
alpha_fdp: 7.6319288051837020931382995839582524e-29
zeta_0: 6.02
alpha_fdp: 4.4712269485697508174377175979317823e-29
zeta_0: 6.0355555555555555555555555555555556
alpha_fdp: 2.0607169194368612288914151394738764e-29
zeta_0: 6.0511111111111111111111111111111111
alpha_fdp: 2.234404362118050748463235603028533e-30
zeta_0: 6.0666666666666666666666666666666667
alpha_fdp: -1.176085139956673389023612620836877e-29
zeta_0: 6.0822222222222222222222222222222222
alpha_fdp: -2.2415257910710914774745152604130832e-29
zeta_0: 6.0977777777777777777777777777777778
alpha_fdp: -3.0512413402285867745317060273192041e-29
zeta_0: 6.1133333333333333333333333333333333
alpha_fdp: -3.6678602652660714223066692435082723e-29
zeta_0: 6.1288888888888888888888888888888889
alpha_fdp: -4.1364716036756491729314783083628921e-29
zeta_0: 6.1444444444444444444444444444444444
alpha_fdp: -4.4924106830230697535771950960595253e-29
zeta_0: 6.16
alpha_fdp: -4.76263586874761956075035924956641e-29
zeta_0: 6.1755555555555555555555555555555556
alpha_fdp: -4.9677055937275599041007311905399709e-29
zeta_0: 6.1911111111111111111111111111111111
alpha_fdp: -5.1232905230292324282386994117718264e-29
zeta_0: 6.2066666666666666666666666666666667
alpha_fdp: -5.2413332061205153682745043190636983e-29
zeta_0: 6.2222222222222222222222222222222222
alpha_fdp: -5.3309350525984554363799573352096238e-29
zeta_0: 6.2377777777777777777777777777777778
alpha_fdp: -5.3990370462741496232057117457154545e-29
zeta_0: 6.2533333333333333333333333333333333
alpha_fdp: -5.4508794269406116567004039050966831e-29
zeta_0: 6.2688888888888888888888888888888889
alpha_fdp: -5.4906508994458102399892792585056396e-29
zeta_0: 6.2844444444444444444444444444444444
alpha_fdp: -5.5213996569987722599658516641567797e-29
zeta_0: 6.3
alpha_fdp: -5.5455539852831693128057200953330259e-29
zeta_0: 6.3155555555555555555555555555555556
alpha_fdp: -5.5650308898902771915551800313291727e-29
zeta_0: 6.3311111111111111111111111111111111
alpha_fdp: -5.5813845483250468819983173212204353e-29
zeta_0: 6.3466666666666666666666666666666667
alpha_fdp: -5.5959252300675998501950393490629747e-29
zeta_0: 6.3622222222222222222222222222222222
alpha_fdp: -5.6098226577914958462216507248976153e-29
zeta_0: 6.3777777777777777777777777777777778
alpha_fdp: -5.6241957304965424677317615224722583e-29
zeta_0: 6.3933333333333333333333333333333333
alpha_fdp: -5.6401783558944186113458835603629121e-29
zeta_0: 6.4088888888888888888888888888888889
alpha_fdp: -5.6590940936043761399064893171610274e-29
zeta_0: 6.4244444444444444444444444444444444
alpha_fdp: -5.6824335198340204485097584854827367e-29
zeta_0: 6.44
alpha_fdp: -5.7120508805312369282719360937791119e-29
zeta_0: 6.4555555555555555555555555555555556
alpha_fdp: -5.7502865802465353503322378646208164e-29
zeta_0: 6.4711111111111111111111111111111111
alpha_fdp: -5.8001471761790364761606454035741574e-29
zeta_0: 6.4866666666666666666666666666666667
alpha_fdp: -5.8655338707683848938037051622091911e-29
zeta_0: 6.5022222222222222222222222222222222
alpha_fdp: -5.9515381884907887511505578462758767e-29
zeta_0: 6.5177777777777777777777777777777778
alpha_fdp: -6.0648267128090551889897215672352358e-29
zeta_0: 6.5333333333333333333333333333333333
alpha_fdp: -6.2141399847829889329840739015455341e-29
zeta_0: 6.5488888888888888888888888888888889
alpha_fdp: -6.4106552371161690351500608833829378e-29
zeta_0: 6.5644444444444444444444444444444444
alpha_fdp: -6.6699127355233588975113807716418864e-29
zeta_0: 6.58
alpha_fdp: -7.0114276986745371004565282353172208e-29
zeta_0: 6.5955555555555555555555555555555556
alpha_fdp: -7.4610840325731152794176716017140676e-29
zeta_0: 6.6111111111111111111111111111111111
alpha_fdp: -8.052810138812357394387763246630034e-29
zeta_0: 6.6266666666666666666666666666666667
alpha_fdp: -8.8310567485214328363368869578519106e-29
zeta_0: 6.6422222222222222222222222222222222
alpha_fdp: -9.8540254175999498398528940700551524e-29
zeta_0: 6.6577777777777777777777777777777778
alpha_fdp: -1.1197879565958589809729300315950416e-28
zeta_0: 6.6733333333333333333333333333333333
alpha_fdp: -1.2962227820123320255371157687233579e-28
zeta_0: 6.6888888888888888888888888888888889
alpha_fdp: -1.5277261967581892967229692993460715e-28
zeta_0: 6.7044444444444444444444444444444444
alpha_fdp: -1.8308557689818534448852302277690946e-28
zeta_0: 6.72
alpha_fdp: -2.2285707310135004035471453683559457e-28
zeta_0: 6.7355555555555555555555555555555556
alpha_fdp: -2.7494833192381619230384335401020528e-28
zeta_0: 6.7511111111111111111111111111111111
alpha_fdp: -3.431346453139276308650723721878337e-28
zeta_0: 6.7666666666666666666666666666666667
alpha_fdp: -4.3233547748943778550127039179527177e-28
zeta_0: 6.7822222222222222222222222222222222
alpha_fdp: -5.4895731206489876269394429407242943e-28
zeta_0: 6.7977777777777777777777777777777778
alpha_fdp: -7.0133803273870156927612952055790283e-28
zeta_0: 6.8133333333333333333333333333333333
alpha_fdp: -9.0032260030441391680667661709582333e-28
zeta_0: 6.8288888888888888888888888888888889
alpha_fdp: -1.1600083248618992960010139724066057e-27
zeta_0: 6.8444444444444444444444444444444444
alpha_fdp: -1.4987088672463896016850173332526203e-27
zeta_0: 6.86
alpha_fdp: -1.9395502023451712359439768703502058e-27
zeta_0: 6.8755555555555555555555555555555556
alpha_fdp: -2.5144876600167744160640269049380427e-27
zeta_0: 6.8911111111111111111111111111111111
alpha_fdp: -3.2630128646130488765968976854301507e-27
zeta_0: 6.9066666666666666666666666666666667
alpha_fdp: -4.2369511542952793333814248391904439e-27
zeta_0: 6.9222222222222222222222222222222222
alpha_fdp: -5.5034233771481585715222130404054306e-27
zeta_0: 6.9377777777777777777777777777777778
alpha_fdp: -7.1493069479125704814259137426423344e-27
zeta_0: 6.9533333333333333333333333333333333
alpha_fdp: -9.2869823368492176185544139217978347e-27
zeta_0: 6.9688888888888888888888888888888889
alpha_fdp: -1.2061730749938091756547492329860936e-26
zeta_0: 6.9844444444444444444444444444444444
alpha_fdp: -1.5661251455178112723463105438381068e-26
zeta_0: 7.0
alpha_fdp: -2.03210373315600347738596230608589e-26
*********************************************
Finish alpha integration and saved
*********************************************
zeta_0_str: -7.0
beta_fdp: -2.03210373315600347738596230608589e-26
zeta_0_str: -6.9844444444444444444444444444444444
beta_fdp: -1.5661251455178112723463105438381068e-26
zeta_0_str: -6.9688888888888888888888888888888889
beta_fdp: -1.2061730749938091756547492329860936e-26
zeta_0_str: -6.9533333333333333333333333333333333
beta_fdp: -9.2869823368492176185544139217978347e-27
zeta_0_str: -6.9377777777777777777777777777777778
beta_fdp: -7.1493069479125704814259137426423344e-27
zeta_0_str: -6.9222222222222222222222222222222222
beta_fdp: -5.5034233771481585715222130404054306e-27
zeta_0_str: -6.9066666666666666666666666666666667
beta_fdp: -4.2369511542952793333814248391904439e-27
zeta_0_str: -6.8911111111111111111111111111111111
beta_fdp: -3.2630128646130488765968976854301507e-27
zeta_0_str: -6.8755555555555555555555555555555556
beta_fdp: -2.5144876600167744160640269049380427e-27
zeta_0_str: -6.86
beta_fdp: -1.9395502023451712359439768703502058e-27
zeta_0_str: -6.8444444444444444444444444444444444
beta_fdp: -1.4987088672463896016850173332526203e-27
zeta_0_str: -6.8288888888888888888888888888888889
beta_fdp: -1.1600083248618992960010139724066057e-27
zeta_0_str: -6.8133333333333333333333333333333333
beta_fdp: -9.0032260030441391680667661709582333e-28
zeta_0_str: -6.7977777777777777777777777777777778
beta_fdp: -7.0133803273870156927612952055790283e-28
zeta_0_str: -6.7822222222222222222222222222222222
beta_fdp: -5.4895731206489876269394429407242943e-28
zeta_0_str: -6.7666666666666666666666666666666667
beta_fdp: -4.3233547748943778550127039179527177e-28
zeta_0_str: -6.7511111111111111111111111111111111
beta_fdp: -3.431346453139276308650723721878337e-28
zeta_0_str: -6.7355555555555555555555555555555556
beta_fdp: -2.7494833192381619230384335401020528e-28
zeta_0_str: -6.72
beta_fdp: -2.2285707310135004035471453683559457e-28
zeta_0_str: -6.7044444444444444444444444444444444
beta_fdp: -1.8308557689818534448852302277690946e-28
zeta_0_str: -6.6888888888888888888888888888888889
beta_fdp: -1.5277261967581892967229692993460715e-28
zeta_0_str: -6.6733333333333333333333333333333333
beta_fdp: -1.2962227820123320255371157687233579e-28
zeta_0_str: -6.6577777777777777777777777777777778
beta_fdp: -1.1197879565958589809729300315950416e-28
zeta_0_str: -6.6422222222222222222222222222222222
beta_fdp: -9.8540254175999498398528940700551524e-29
zeta_0_str: -6.6266666666666666666666666666666667
beta_fdp: -8.8310567485214328363368869578519106e-29
zeta_0_str: -6.6111111111111111111111111111111111
beta_fdp: -8.052810138812357394387763246630034e-29
zeta_0_str: -6.5955555555555555555555555555555556
beta_fdp: -7.4610840325731152794176716017140676e-29
zeta_0_str: -6.58
beta_fdp: -7.0114276986745371004565282353172208e-29
zeta_0_str: -6.5644444444444444444444444444444444
beta_fdp: -6.6699127355233588975113807716418864e-29
zeta_0_str: -6.5488888888888888888888888888888889
beta_fdp: -6.4106552371161690351500608833829378e-29
zeta_0_str: -6.5333333333333333333333333333333333
beta_fdp: -6.2141399847829889329840739015455341e-29
zeta_0_str: -6.5177777777777777777777777777777778
beta_fdp: -6.0648267128090551889897215672352358e-29
zeta_0_str: -6.5022222222222222222222222222222222
beta_fdp: -5.9515381884907887511505578462758767e-29
zeta_0_str: -6.4866666666666666666666666666666667
beta_fdp: -5.8655338707683848938037051622091911e-29
zeta_0_str: -6.4711111111111111111111111111111111
beta_fdp: -5.8001471761790364761606454035741574e-29
zeta_0_str: -6.4555555555555555555555555555555556
beta_fdp: -5.7502865802465353503322378646208164e-29
zeta_0_str: -6.44
beta_fdp: -5.7120508805312369282719360937791119e-29
zeta_0_str: -6.4244444444444444444444444444444444
beta_fdp: -5.6824335198340204485097584854827367e-29
zeta_0_str: -6.4088888888888888888888888888888889
beta_fdp: -5.6590940936043761399064893171610274e-29
zeta_0_str: -6.3933333333333333333333333333333333
beta_fdp: -5.6401783558944186113458835603629121e-29
zeta_0_str: -6.3777777777777777777777777777777778
beta_fdp: -5.6241957304965424677317615224722583e-29
zeta_0_str: -6.3622222222222222222222222222222222
beta_fdp: -5.6098226577914958462216507248976153e-29
zeta_0_str: -6.3466666666666666666666666666666667
beta_fdp: -5.5959252300675998501950393490629747e-29
zeta_0_str: -6.3311111111111111111111111111111111
beta_fdp: -5.5813845483250468819983173212204353e-29
zeta_0_str: -6.3155555555555555555555555555555556
beta_fdp: -5.5650308898902771915551800313291727e-29
zeta_0_str: -6.3
beta_fdp: -5.5455539852831693128057200953330259e-29
zeta_0_str: -6.2844444444444444444444444444444444
beta_fdp: -5.5213996569987722599658516641567797e-29
zeta_0_str: -6.2688888888888888888888888888888889
beta_fdp: -5.4906508994458102399892792585056396e-29
zeta_0_str: -6.2533333333333333333333333333333333
beta_fdp: -5.4508794269406116567004039050966831e-29
zeta_0_str: -6.2377777777777777777777777777777778
beta_fdp: -5.3990370462741496232057117457154545e-29
zeta_0_str: -6.2222222222222222222222222222222222
beta_fdp: -5.3309350525984554363799573352096238e-29
zeta_0_str: -6.2066666666666666666666666666666667
beta_fdp: -5.2413332061205153682745043190636983e-29
zeta_0_str: -6.1911111111111111111111111111111111
beta_fdp: -5.1232905230292324282386994117718264e-29
zeta_0_str: -6.1755555555555555555555555555555556
beta_fdp: -4.9677055937275599041007311905399709e-29
zeta_0_str: -6.16
beta_fdp: -4.76263586874761956075035924956641e-29
zeta_0_str: -6.1444444444444444444444444444444444
beta_fdp: -4.4924106830230697535771950960595253e-29
zeta_0_str: -6.1288888888888888888888888888888889
beta_fdp: -4.1364716036756491729314783083628921e-29
zeta_0_str: -6.1133333333333333333333333333333333
beta_fdp: -3.6678602652660714223066692435082723e-29
zeta_0_str: -6.0977777777777777777777777777777778
beta_fdp: -3.0512413402285867745317060273192041e-29
zeta_0_str: -6.0822222222222222222222222222222222
beta_fdp: -2.2415257910710914774745152604130832e-29
zeta_0_str: -6.0666666666666666666666666666666667
beta_fdp: -1.176085139956673389023612620836877e-29
zeta_0_str: -6.0511111111111111111111111111111111
beta_fdp: 2.234404362118050748463235603028533e-30
zeta_0_str: -6.0355555555555555555555555555555556
beta_fdp: 2.0607169194368612288914151394738764e-29
zeta_0_str: -6.02
beta_fdp: 4.4712269485697508174377175979317823e-29
zeta_0_str: -6.0044444444444444444444444444444444
beta_fdp: 7.6319288051837020931382995839582524e-29
zeta_0_str: -5.9888888888888888888888888888888889
beta_fdp: 1.1773812036316462058948219842608132e-28
zeta_0_str: -5.9733333333333333333333333333333333
beta_fdp: 1.7198211451137922239176001886445562e-28
zeta_0_str: -5.9577777777777777777777777777777778
beta_fdp: 2.4297991010862565511870634422537122e-28
zeta_0_str: -5.9422222222222222222222222222222222
beta_fdp: 3.3585031704729161623608803699550977e-28
zeta_0_str: -5.9266666666666666666666666666666667
beta_fdp: 4.5707961112230483683832089370093218e-28
zeta_0_str: -5.9111111111111111111111111111111111
beta_fdp: 6.1564553702741194967443931890902443e-28
zeta_0_str: -5.8955555555555555555555555555555556
beta_fdp: 8.2268847938583610261305155176796873e-28
zeta_0_str: -5.88
beta_fdp: 1.0928666184527972149801816485683599e-27
zeta_0_str: -5.8644444444444444444444444444444444
beta_fdp: 1.4452206123459267057657195829635542e-27
zeta_0_str: -5.8488888888888888888888888888888889
beta_fdp: 1.9044687504085988260840172820942657e-27
zeta_0_str: -5.8333333333333333333333333333333333
beta_fdp: 2.5026803338119067234863918095766897e-27
zeta_0_str: -5.8177777777777777777777777777777778
beta_fdp: 3.2814363988112125825703602693591563e-27
zeta_0_str: -5.8022222222222222222222222222222222
beta_fdp: 4.2946179576197055622550018087122228e-27
zeta_0_str: -5.7866666666666666666666666666666667
beta_fdp: 5.612001756822425894141679449071939e-27
zeta_0_str: -5.7711111111111111111111111111111111
beta_fdp: 7.3213748978854350951058869570057594e-27
zeta_0_str: -5.7555555555555555555555555555555556
beta_fdp: 9.5438309137027659634302653572052109e-27
zeta_0_str: -5.74
beta_fdp: 1.2428368366153412526577603298094299e-26
zeta_0_str: -5.7244444444444444444444444444444444
beta_fdp: 1.6169977335482749988939844041646767e-26
zeta_0_str: -5.7088888888888888888888888888888889
beta_fdp: 2.1020402662068896837906789781750519e-26
zeta_0_str: -5.6933333333333333333333333333333333
beta_fdp: 2.7304464592015527284005961888348851e-26
zeta_0_str: -5.6777777777777777777777777777777778
beta_fdp: 3.5441014613543055176184632347907963e-26
zeta_0_str: -5.6622222222222222222222222222222222
beta_fdp: 4.5969826102950685910859293332573285e-26
zeta_0_str: -5.6466666666666666666666666666666667
beta_fdp: 5.9586079025666842631202242258539604e-26
zeta_0_str: -5.6311111111111111111111111111111111
beta_fdp: 7.7184555766882653592880976590294705e-26
zeta_0_str: -5.6155555555555555555555555555555556
beta_fdp: 9.988288519610801454580117379726136e-26
zeta_0_str: -5.6
beta_fdp: 1.2921775488446674126073353529555848e-25
zeta_0_str: -5.5844444444444444444444444444444444
beta_fdp: 1.6706372099147974505864556425336989e-25
zeta_0_str: -5.5688888888888888888888888888888889
beta_fdp: 2.158608462631573565598874895136777e-25
zeta_0_str: -5.5533333333333333333333333333333333
beta_fdp: 2.7874020267932845523658325148201006e-25
zeta_0_str: -5.5377777777777777777777777777777778
beta_fdp: 3.5971710271351141406346603850482398e-25
zeta_0_str: -5.5222222222222222222222222222222222
beta_fdp: 4.6393766571261573688434660126267961e-25
zeta_0_str: -5.5066666666666666666666666666666667
beta_fdp: 5.979932443271803876191696041789631e-25
zeta_0_str: -5.4911111111111111111111111111111111
beta_fdp: 7.7032113686315921479128970501945728e-25
zeta_0_str: -5.4755555555555555555555555555555556
beta_fdp: 9.9139085505283582416374830317168583e-25
zeta_0_str: -5.46
beta_fdp: 1.2755581773822549830967246263120413e-24
zeta_0_str: -5.4444444444444444444444444444444444
beta_fdp: 1.6401968983664807027966311276792372e-24
zeta_0_str: -5.4288888888888888888888888888888889
beta_fdp: 2.107814276740795785792106742939178e-24
zeta_0_str: -5.4133333333333333333333333333333333
beta_fdp: 2.707132812511739933224028576836845e-24
zeta_0_str: -5.3977777777777777777777777777777778
beta_fdp: 3.4747841052245700715138657753297661e-24
zeta_0_str: -5.3822222222222222222222222222222222
beta_fdp: 4.4574581159001679557810249760705537e-24
zeta_0_str: -5.3666666666666666666666666666666667
beta_fdp: 5.7146285636320124544591387533204998e-24
zeta_0_str: -5.3511111111111111111111111111111111
beta_fdp: 7.322006732897403122961070617981226e-24
zeta_0_str: -5.3355555555555555555555555555555556
beta_fdp: 9.3759156315488374872742540821246808e-24
zeta_0_str: -5.32
beta_fdp: 1.1994997719482323192067104542285892e-23
zeta_0_str: -5.3044444444444444444444444444444444
beta_fdp: 1.5341475635060527942216547992105857e-23
zeta_0_str: -5.2888888888888888888888888888888889
beta_fdp: 1.9609914231956726545662993490301025e-23
zeta_0_str: -5.2733333333333333333333333333333333
beta_fdp: 2.5051046986375095558783432496615236e-23
zeta_0_str: -5.2577777777777777777777777777777778
beta_fdp: 3.1982891532271187438359347522091257e-23
zeta_0_str: -5.2422222222222222222222222222222222
beta_fdp: 4.0808558101982414232433274527634412e-23
zeta_0_str: -5.2266666666666666666666666666666667
beta_fdp: 5.2038704711936660396809336436958014e-23
zeta_0_str: -5.2111111111111111111111111111111111
beta_fdp: 6.631983380314555048140450869233036e-23
zeta_0_str: -5.1955555555555555555555555555555556
beta_fdp: 8.446992754849227395647339462068379e-23
zeta_0_str: -5.18
beta_fdp: 1.0752329692619357225897242533102083e-22
zeta_0_str: -5.1644444444444444444444444444444444
beta_fdp: 1.3674439908818066469100668868385373e-22
zeta_0_str: -5.1488888888888888888888888888888889
beta_fdp: 1.7385768646188503746472260129186221e-22
zeta_0_str: -5.1333333333333333333333333333333333
beta_fdp: 2.2091237736859017439102146768146552e-22
zeta_0_str: -5.1177777777777777777777777777777778
beta_fdp: 2.8053562585724280457217306593333219e-22
zeta_0_str: -5.1022222222222222222222222222222222
beta_fdp: 3.560392072755150630372930121553155e-22
zeta_0_str: -5.0866666666666666666666666666666667
beta_fdp: 4.5159536512324706927721083677489268e-22
zeta_0_str: -5.0711111111111111111111111111111111
beta_fdp: 5.7245715311988316493355119891251248e-22
zeta_0_str: -5.0555555555555555555555555555555556
beta_fdp: 7.2523435765202326415321274831344152e-22
zeta_0_str: -5.04
beta_fdp: 9.1823880317632720206942831586707309e-22
zeta_0_str: -5.0244444444444444444444444444444444
beta_fdp: 1.1619162155878100651956295812172643e-21
zeta_0_str: -5.0088888888888888888888888888888889
beta_fdp: 1.4689397765589630679115347724479726e-21
zeta_0_str: -4.9933333333333333333333333333333333
beta_fdp: 1.8565529410684987511635195699272248e-21
zeta_0_str: -4.9777777777777777777777777777777778
beta_fdp: 2.3450528022563836632942806549521168e-21
zeta_0_str: -4.9622222222222222222222222222222222
beta_fdp: 2.9603282420054847316426497300849927e-21
zeta_0_str: -4.9466666666666666666666666666666667
beta_fdp: 3.734814868781796648915762911196141e-21
zeta_0_str: -4.9311111111111111111111111111111111
beta_fdp: 4.7091255765118972027808672092455396e-21
zeta_0_str: -4.9155555555555555555555555555555556
beta_fdp: 5.9340808640129547442622843844343169e-21
zeta_0_str: -4.9
beta_fdp: 7.4732353292697409620165811327605531e-21
zeta_0_str: -4.8844444444444444444444444444444444
beta_fdp: 9.4060196120749375509788835949841312e-21
zeta_0_str: -4.8688888888888888888888888888888889
beta_fdp: 1.1828134104714883144914824842480867e-20
zeta_0_str: -4.8533333333333333333333333333333333
beta_fdp: 1.4869552042783154144786330006584904e-20
zeta_0_str: -4.8377777777777777777777777777777778
beta_fdp: 1.8681923820688855907493567629779869e-20
zeta_0_str: -4.8222222222222222222222222222222222
beta_fdp: 2.3457805926294620385989056524461206e-20
zeta_0_str: -4.8066666666666666666666666666666667
beta_fdp: 2.9437117134360800822368758912241622e-20
zeta_0_str: -4.7911111111111111111111111111111111
beta_fdp: 3.6918604159998192570692055025857063e-20
zeta_0_str: -4.7755555555555555555555555555555556
beta_fdp: 4.6274037423027121391858160798404644e-20
zeta_0_str: -4.76
beta_fdp: 5.7965775883833973812441415096245476e-20
zeta_0_str: -4.7444444444444444444444444444444444
beta_fdp: 7.2568486785732462303630925619673331e-20
zeta_0_str: -4.7288888888888888888888888888888889
beta_fdp: 9.079598614362538001233890223968589e-20
zeta_0_str: -4.7133333333333333333333333333333333
beta_fdp: 1.1350156690306769149360924040453441e-19
zeta_0_str: -4.6977777777777777777777777777777778
beta_fdp: 1.4184210149648403533614775822753061e-19
zeta_0_str: -4.6822222222222222222222222222222222
beta_fdp: 1.7715388121419540215030038435607203e-19
zeta_0_str: -4.6666666666666666666666666666666667
beta_fdp: 2.2112529037962620968990943042509601e-19
zeta_0_str: -4.6511111111111111111111111111111111
beta_fdp: 2.7584708978968361959210439125158878e-19
zeta_0_str: -4.6355555555555555555555555555555556
beta_fdp: 3.4390671678022822710032134860561232e-19
zeta_0_str: -4.62
beta_fdp: 4.2850430229673465547550531492419577e-19
zeta_0_str: -4.6044444444444444444444444444444444
beta_fdp: 5.3359531580048276192910117059824242e-19
zeta_0_str: -4.5888888888888888888888888888888889
beta_fdp: 6.6406583826788208294948450295844979e-19
zeta_0_str: -4.5733333333333333333333333333333333
beta_fdp: 8.2594778983618568249667366808078505e-19
zeta_0_str: -4.5577777777777777777777777777777778
beta_fdp: 1.0263941577564531502522452707835361e-18
zeta_0_str: -4.5422222222222222222222222222222222
beta_fdp: 1.2750894743907054223441652049181586e-18
zeta_0_str: -4.5266666666666666666666666666666667
beta_fdp: 1.5831042858476353824846618460739179e-18
zeta_0_str: -4.5111111111111111111111111111111111
beta_fdp: 1.9643586324202122332013932972030363e-18
zeta_0_str: -4.4955555555555555555555555555555556
beta_fdp: 2.435984063570715618081477979692973e-18
zeta_0_str: -4.48
beta_fdp: 3.0190515648274732059053866220961177e-18
zeta_0_str: -4.4644444444444444444444444444444444
beta_fdp: 3.7394614522098278425316982508000222e-18
zeta_0_str: -4.4488888888888888888888888888888889
beta_fdp: 4.6290305804175425363337671466673354e-18
zeta_0_str: -4.4333333333333333333333333333333333
beta_fdp: 5.7268197689308233795375970239473706e-18
zeta_0_str: -4.4177777777777777777777777777777778
beta_fdp: 7.0807534897545772423320108765078627e-18
zeta_0_str: -4.4022222222222222222222222222222222
beta_fdp: 8.7472000765606425660198010594352332e-18
zeta_0_str: -4.3866666666666666666666666666666667
beta_fdp: 1.0802403473924335372526187662277928e-17
zeta_0_str: -4.3711111111111111111111111111111111
beta_fdp: 1.3332582368777545857134211909866618e-17
zeta_0_str: -4.3555555555555555555555555555555556
beta_fdp: 1.6445637824354413288603652438167519e-17
zeta_0_str: -4.34
beta_fdp: 2.0273547613818605422140296258925718e-17
zeta_0_str: -4.3244444444444444444444444444444444
beta_fdp: 2.4977638894051554461053494540392955e-17
zeta_0_str: -4.3088888888888888888888888888888889
beta_fdp: 3.0754993106209295537756231405742453e-17
zeta_0_str: -4.2933333333333333333333333333333333
beta_fdp: 3.7846221260915001975641718052936731e-17
zeta_0_str: -4.2777777777777777777777777777777778
beta_fdp: 4.6544896781126517704511241416366716e-17
zeta_0_str: -4.2622222222222222222222222222222222
beta_fdp: 5.7208991948431909754954941110422587e-17
zeta_0_str: -4.2466666666666666666666666666666667
beta_fdp: 7.0256039208295869350695065529981252e-17
zeta_0_str: -4.2311111111111111111111111111111111
beta_fdp: 8.6250501536817043137199422466126698e-17
zeta_0_str: -4.2155555555555555555555555555555556
beta_fdp: 1.0582355086593446371179883470949114e-16
zeta_0_str: -4.2
beta_fdp: 1.2976147822080951435707231799924606e-16
zeta_0_str: -4.1844444444444444444444444444444444
beta_fdp: 1.5902009613132994561879494842038432e-16
zeta_0_str: -4.1688888888888888888888888888888889
beta_fdp: 1.9476056775868447290278528566060064e-16
zeta_0_str: -4.1533333333333333333333333333333333
beta_fdp: 2.3839265204020436147168225457391087e-16
zeta_0_str: -4.1377777777777777777777777777777778
beta_fdp: 2.9162686635317107250189900407910702e-16
zeta_0_str: -4.1222222222222222222222222222222222
beta_fdp: 3.5653736517989321692795876667100072e-16
zeta_0_str: -4.1066666666666666666666666666666667
beta_fdp: 4.3552479964130051444808227248098624e-16
zeta_0_str: -4.0911111111111111111111111111111111
beta_fdp: 5.3183450483743866414535441101137497e-16
zeta_0_str: -4.0755555555555555555555555555555556
beta_fdp: 6.4905731153615625627058033177232684e-16
zeta_0_str: -4.06
beta_fdp: 7.9164872908653249913089956353045429e-16
zeta_0_str: -4.0444444444444444444444444444444444
beta_fdp: 9.6499474566384023753797749107727529e-16
zeta_0_str: -4.0288888888888888888888888888888889
beta_fdp: 1.1756021107335528261201460296255502e-15
zeta_0_str: -4.0133333333333333333333333333333333
beta_fdp: 1.4313266777295578116037557523990025e-15
zeta_0_str: -3.9977777777777777777777777777777778
beta_fdp: 1.7416472431873968104471462762167389e-15
zeta_0_str: -3.9822222222222222222222222222222222
beta_fdp: 2.1179937356467615352656464278453762e-15
zeta_0_str: -3.9666666666666666666666666666666667
beta_fdp: 2.5741402876360275500773367708054515e-15
zeta_0_str: -3.9511111111111111111111111111111111
beta_fdp: 3.1258894487301406362746907210434437e-15
zeta_0_str: -3.9355555555555555555555555555555556
beta_fdp: 3.7946147148342158274536796661788205e-15
zeta_0_str: -3.92
beta_fdp: 4.6036774903521328724538319856286807e-15
zeta_0_str: -3.9044444444444444444444444444444444
beta_fdp: 5.5819411406109009365710600051816226e-15
zeta_0_str: -3.8888888888888888888888888888888889
beta_fdp: 6.7640808932773112255445133428256797e-15
zeta_0_str: -3.8733333333333333333333333333333333
beta_fdp: 8.1917282186612632634836253753423275e-15
zeta_0_str: -3.8577777777777777777777777777777778
beta_fdp: 9.9148352671886554758280315806026958e-15
zeta_0_str: -3.8422222222222222222222222222222222
beta_fdp: 1.1993300626085834015512938293889414e-14
zeta_0_str: -3.8266666666666666666666666666666667
beta_fdp: 1.4498905188309663937165559809927979e-14
zeta_0_str: -3.8111111111111111111111111111111111
beta_fdp: 1.7517615792945091915176287645323791e-14
zeta_0_str: -3.7955555555555555555555555555555556
beta_fdp: 2.1147167484415464348883037264774075e-14
zeta_0_str: -3.78
beta_fdp: 2.5519901342813633614758767420099591e-14
zeta_0_str: -3.7644444444444444444444444444444444
beta_fdp: 3.0778620268493831013126988947714983e-14
zeta_0_str: -3.7488888888888888888888888888888889
beta_fdp: 3.7099042339525638455261722823877786e-14
zeta_0_str: -3.7333333333333333333333333333333333
beta_fdp: 4.4690958649854366549330661101889583e-14
zeta_0_str: -3.7177777777777777777777777777777778
beta_fdp: 5.3804684318642073835732768475127987e-14
zeta_0_str: -3.7022222222222222222222222222222222
beta_fdp: 6.4738700200747800147604039200403106e-14
zeta_0_str: -3.6866666666666666666666666666666667
beta_fdp: 7.7848699176670008753616924892852664e-14
zeta_0_str: -3.6711111111111111111111111111111111
beta_fdp: 9.355828820972943144861503838455443e-14
zeta_0_str: -3.6555555555555555555555555555555556
beta_fdp: 1.1237164097277479453441282012866319e-13
zeta_0_str: -3.64
beta_fdp: 1.3485659072800207734045376904749975e-13
zeta_0_str: -3.6244444444444444444444444444444444
beta_fdp: 1.6178346811826557035417809568173028e-13
zeta_0_str: -3.6088888888888888888888888888888889
beta_fdp: 1.939723085477494247500506221812476e-13
zeta_0_str: -3.5933333333333333333333333333333333
beta_fdp: 2.3242828824751536211406798559479718e-13
zeta_0_str: -3.5777777777777777777777777777777778
beta_fdp: 2.7834403338186253073480856092466339e-13
zeta_0_str: -3.5622222222222222222222222222222222
beta_fdp: 3.3313369296016410351126215011345632e-13
zeta_0_str: -3.5466666666666666666666666666666667
beta_fdp: 3.9847303793136831239985919037596547e-13
zeta_0_str: -3.5311111111111111111111111111111111
beta_fdp: 4.7634662132040276142689282257656237e-13
zeta_0_str: -3.5155555555555555555555555555555556
beta_fdp: 5.6910320639462991595179789862593075e-13
zeta_0_str: -3.5
beta_fdp: 6.79520869625428849570070514193804e-13
zeta_0_str: -3.4844444444444444444444444444444444
beta_fdp: 8.1069810936812313428225688705016523e-13
zeta_0_str: -3.4688888888888888888888888888888889
beta_fdp: 9.6684975840100414704528782992804687e-13
zeta_0_str: -3.4533333333333333333333333333333333
beta_fdp: 1.1523986394859649959155081795013081e-12
zeta_0_str: -3.4377777777777777777777777777777778
beta_fdp: 1.3727467411721166969115915468735554e-12
zeta_0_str: -3.4222222222222222222222222222222222
beta_fdp: 1.6342634823702930473127756627999263e-12
zeta_0_str: -3.4066666666666666666666666666666667
beta_fdp: 1.944454263895340643015998049566529e-12
zeta_0_str: -3.3911111111111111111111111111111111
beta_fdp: 2.3121575295716050339084376180799539e-12
zeta_0_str: -3.3755555555555555555555555555555556
beta_fdp: 2.7477750069728434438010982883530443e-12
zeta_0_str: -3.36
beta_fdp: 3.2635405365219521903693920627471095e-12
zeta_0_str: -3.3444444444444444444444444444444444
beta_fdp: 3.8729750881869863366542095673509247e-12
zeta_0_str: -3.3288888888888888888888888888888889
beta_fdp: 4.5945307022226000820872274294205163e-12
zeta_0_str: -3.3133333333333333333333333333333333
beta_fdp: 5.4473063536075413364491829742304435e-12
zeta_0_str: -3.2977777777777777777777777777777778
beta_fdp: 6.4545603109553562604447901412997032e-12
zeta_0_str: -3.2822222222222222222222222222222222
beta_fdp: 7.6435617539110206722755009532711917e-12
zeta_0_str: -3.2666666666666666666666666666666667
beta_fdp: 9.0462623766424183550346180148811339e-12
zeta_0_str: -3.2511111111111111111111111111111111
beta_fdp: 1.0700076919957291688335306333878243e-11
zeta_0_str: -3.2355555555555555555555555555555556
beta_fdp: 1.2648789695786694549883581477177055e-11
zeta_0_str: -3.22
beta_fdp: 1.4943606740359918978294216052312836e-11
zeta_0_str: -3.2044444444444444444444444444444444
beta_fdp: 1.7644376176593962440914530970367042e-11
zeta_0_str: -3.1888888888888888888888888888888889
beta_fdp: 2.0816546347163296074498949614788452e-11
zeta_0_str: -3.1733333333333333333333333333333333
beta_fdp: 2.4549849319341013708787018223886011e-11
zeta_0_str: -3.1577777777777777777777777777777778
beta_fdp: 2.8935667702122183965196065336639068e-11
zeta_0_str: -3.1422222222222222222222222222222222
beta_fdp: 3.4084956617156235779412918054761143e-11
zeta_0_str: -3.1266666666666666666666666666666667
beta_fdp: 4.0126989504621870459147931838596529e-11
zeta_0_str: -3.1111111111111111111111111111111111
beta_fdp: 4.72122874684498535707314768827802e-11
zeta_0_str: -3.0955555555555555555555555555555556
beta_fdp: 5.5516001062003424494846569965050685e-11
zeta_0_str: -3.08
beta_fdp: 6.5241811771826590367020229237968575e-11
zeta_0_str: -3.0644444444444444444444444444444444
beta_fdp: 7.6626430038079719737429737442661522e-11
zeta_0_str: -3.0488888888888888888888888888888889
beta_fdp: 8.9944777531819359186667877070187745e-11
zeta_0_str: -3.0333333333333333333333333333333333
beta_fdp: 0.00000000010549417312864987070957091887550798
zeta_0_str: -3.0177777777777777777777777777777778
beta_fdp: 0.00000000012368465890554929604139507962400429
zeta_0_str: -3.0022222222222222222222222222222222
beta_fdp: 0.00000000014492659658066014393932327544171132
zeta_0_str: -2.9866666666666666666666666666666667
beta_fdp: 0.00000000016971697591595849322904617182625968
zeta_0_str: -2.9711111111111111111111111111111111
beta_fdp: 0.00000000019863119205096429550272485649615772
zeta_0_str: -2.9555555555555555555555555555555556
beta_fdp: 0.0000000002323349931108041067181149945088538
zeta_0_str: -2.94
beta_fdp: 0.00000000027159818034467898407708880217215298
zeta_0_str: -2.9244444444444444444444444444444444
beta_fdp: 0.0000000003173103071973602028017453252066603
zeta_0_str: -2.9088888888888888888888888888888889
beta_fdp: 0.00000000037049865674113657730874071126796517
zeta_0_str: -2.8933333333333333333333333333333333
beta_fdp: 0.00000000043234881410913938766661311339928549
zeta_0_str: -2.8777777777777777777777777777777778
beta_fdp: 0.00000000050412794246863758299152196832604263
zeta_0_str: -2.8622222222222222222222222222222222
beta_fdp: 0.00000000058759651631471598242050332639488155
zeta_0_str: -2.8466666666666666666666666666666667
beta_fdp: 0.00000000068448345908266262944159024552143779
zeta_0_str: -2.8311111111111111111111111111111111
beta_fdp: 0.00000000079687838874627663263216217994309762
zeta_0_str: -2.8155555555555555555555555555555556
beta_fdp: 0.00000000092718528375867922773642585107745021
zeta_0_str: -2.8
beta_fdp: 0.0000000010781680165220681425407982777274177
zeta_0_str: -2.7844444444444444444444444444444444
beta_fdp: 0.0000000012530022105880289879973416689124497
zeta_0_str: -2.7688888888888888888888888888888889
beta_fdp: 0.0000000014553342592271880995252602454748252
zeta_0_str: -2.7533333333333333333333333333333333
beta_fdp: 0.0000000016893484480922712006833498234030976
zeta_0_str: -2.7377777777777777777777777777777778
beta_fdp: 0.000000001959466975390752613954558078305629
zeta_0_str: -2.7222222222222222222222222222222222
beta_fdp: 0.0000000022718833932960945690300177603546954
zeta_0_str: -2.7066666666666666666666666666666667
beta_fdp: 0.0000000026325694256493031091534832873471572
zeta_0_str: -2.6911111111111111111111111111111111
beta_fdp: 0.000000003048732946600168495932315976102976
zeta_0_str: -2.6755555555555555555555555555555556
beta_fdp: 0.000000003528618750517857875619739270899284
zeta_0_str: -2.66
beta_fdp: 0.0000000040816516972971756768383181740050713
zeta_0_str: -2.6444444444444444444444444444444444
beta_fdp: 0.000000004718598726208237187875058360638406
zeta_0_str: -2.6288888888888888888888888888888889
beta_fdp: 0.0000000054517520976833508736788190060050884
zeta_0_str: -2.6133333333333333333333333333333333
beta_fdp: 0.000000006295136499832898411691672477656586
zeta_0_str: -2.5977777777777777777777777777777778
beta_fdp: 0.0000000072647429641535593146300559679601709
zeta_0_str: -2.5822222222222222222222222222222222
beta_fdp: 0.000000008377247727497103112671321477670444
zeta_0_str: -2.5666666666666666666666666666666667
beta_fdp: 0.0000000096562619961275564629565861132666986
zeta_0_str: -2.5511111111111111111111111111111111
beta_fdp: 0.000000011124049855530999527968612136688758
zeta_0_str: -2.5355555555555555555555555555555556
beta_fdp: 0.000000012807461789637682959249518236136645
zeta_0_str: -2.52
beta_fdp: 0.000000014737014829188052261013627279937494
zeta_0_str: -2.5044444444444444444444444444444444
beta_fdp: 0.000000016947370942398977561743161407224033
zeta_0_str: -2.4888888888888888888888888888888889
beta_fdp: 0.000000019477874696437707536067587228893915
zeta_0_str: -2.4733333333333333333333333333333333
beta_fdp: 0.000000022373157104912412523485363046069138
zeta_0_str: -2.4577777777777777777777777777777778
beta_fdp: 0.00000002568381332736506705645700616871797
zeta_0_str: -2.4422222222222222222222222222222222
beta_fdp: 0.000000029467162712005749856691386381710011
zeta_0_str: -2.4266666666666666666666666666666667
beta_fdp: 0.000000033782125126100052315224467333391301
zeta_0_str: -2.4111111111111111111111111111111111
beta_fdp: 0.00000003871323370944287782070129304720766
zeta_0_str: -2.3955555555555555555555555555555556
beta_fdp: 0.000000044338264360859405602090918391891085
zeta_0_str: -2.38
beta_fdp: 0.000000050751016136254970626210726933639766
zeta_0_str: -2.3644444444444444444444444444444444
beta_fdp: 0.00000005805741159419363849347828718285803
zeta_0_str: -2.3488888888888888888888888888888889
beta_fdp: 0.000000066376986351276998205630510981277424
zeta_0_str: -2.3333333333333333333333333333333333
beta_fdp: 0.000000075844551258127887445033841331842349
zeta_0_str: -2.3177777777777777777777777777777778
beta_fdp: 0.000000086612045858967626331572565560901865
zeta_0_str: -2.3022222222222222222222222222222222
beta_fdp: 0.000000098850603649501655183218858545427233
zeta_0_str: -2.2866666666666666666666666666666667
beta_fdp: 0.0000001127528516636084333777454654007203
zeta_0_str: -2.2711111111111111111111111111111111
beta_fdp: 0.00000012851370716013648118216655491841046
zeta_0_str: -2.2555555555555555555555555555555556
beta_fdp: 0.00000014641734885441621921308299443262042
zeta_0_str: -2.24
beta_fdp: 0.00000016671819458786480193095849802241781
zeta_0_str: -2.2244444444444444444444444444444444
beta_fdp: 0.00000018972339881680515610287192358027796
zeta_0_str: -2.2088888888888888888888888888888889
beta_fdp: 0.00000021577757010106032272225545736296664
zeta_0_str: -2.1933333333333333333333333333333333
beta_fdp: 0.00000024526708602651416449967702663096139
zeta_0_str: -2.1777777777777777777777777777777778
beta_fdp: 0.00000027862487308973618968523799700933583
zeta_0_str: -2.1622222222222222222222222222222222
beta_fdp: 0.00000031633569772165489201660962315624147
zeta_0_str: -2.1466666666666666666666666666666667
beta_fdp: 0.00000035894201875472738074173128521832368
zeta_0_str: -2.1311111111111111111111111111111111
beta_fdp: 0.00000040705045608323710127872961654120864
zeta_0_str: -2.1155555555555555555555555555555556
beta_fdp: 0.00000046126429856649794400967524639162969
zeta_0_str: -2.1
beta_fdp: 0.00000052248042217539089978770057194695105
zeta_0_str: -2.0844444444444444444444444444444444
beta_fdp: 0.00000059147754870055415560941368800936304
zeta_0_str: -2.0688888888888888888888888888888889
beta_fdp: 0.00000066919801404371909475125144491895264
zeta_0_str: -2.0533333333333333333333333333333333
beta_fdp: 0.00000075669215851075186797878999996423338
zeta_0_str: -2.0377777777777777777777777777777778
beta_fdp: 0.00000085512993478800219614749322903743709
zeta_0_str: -2.0222222222222222222222222222222222
beta_fdp: 0.00000096581367048784035864478234476535648
zeta_0_str: -2.0066666666666666666666666666666667
beta_fdp: 0.0000010901920893749954587475867965067923
zeta_0_str: -1.9911111111111111111111111111111111
beta_fdp: 0.0000012298757035934736117134448054153526
zeta_0_str: -1.9755555555555555555555555555555556
beta_fdp: 0.0000013864387270306440079620057468832033
zeta_0_str: -1.96
beta_fdp: 0.0000015622713734002048907556188518136146
zeta_0_str: -1.9444444444444444444444444444444444
beta_fdp: 0.0000017593855719650721245450031604668105
zeta_0_str: -1.9288888888888888888888888888888889
beta_fdp: 0.0000019802244405481756466632701841857452
zeta_0_str: -1.9133333333333333333333333333333333
beta_fdp: 0.0000022274949520124125399874187578000075
zeta_0_str: -1.8977777777777777777777777777777778
beta_fdp: 0.0000025041944362554762746777694960062365
zeta_0_str: -1.8822222222222222222222222222222222
beta_fdp: 0.0000028136395154495092131600716805448371
zeta_0_str: -1.8666666666666666666666666666666667
beta_fdp: 0.0000031594976709474464531063662994260081
zeta_0_str: -1.8511111111111111111111111111111111
beta_fdp: 0.0000035458216538568923356572383581025125
zeta_0_str: -1.8355555555555555555555555555555556
beta_fdp: 0.000003977086965529989657226625639797442
zeta_0_str: -1.82
beta_fdp: 0.0000044575748498568798166954977866355488
zeta_0_str: -1.8044444444444444444444444444444444
beta_fdp: 0.0000049939724249009445227546506840728877
zeta_0_str: -1.7888888888888888888888888888888889
beta_fdp: 0.0000055916922046096166746011678056735086
zeta_0_str: -1.7733333333333333333333333333333333
beta_fdp: 0.0000062573448440745269508933996132030282
zeta_0_str: -1.7577777777777777777777777777777778
beta_fdp: 0.0000069982061245847752682463102928256825
zeta_0_str: -1.7422222222222222222222222222222222
beta_fdp: 0.0000078222784815643019951512618473508589
zeta_0_str: -1.7266666666666666666666666666666667
beta_fdp: 0.0000087383576413654648006266630940371597
zeta_0_str: -1.7111111111111111111111111111111111
beta_fdp: 0.0000097561047312584895925905016596626112
zeta_0_str: -1.6955555555555555555555555555555556
beta_fdp: 0.000010886124247071292494936124491157419
zeta_0_str: -1.68
beta_fdp: 0.00001214004828359707001654971507756652
zeta_0_str: -1.6644444444444444444444444444444444
beta_fdp: 0.000013528731912013337107371036227040754
zeta_0_str: -1.6488888888888888888888888888888889
beta_fdp: 0.000015069728705548260655039329600527348
zeta_0_str: -1.6333333333333333333333333333333333
beta_fdp: 0.000016776616538947015117884418259650978
zeta_0_str: -1.6177777777777777777777777777777778
beta_fdp: 0.000018666118901653952551883861132838404
zeta_0_str: -1.6022222222222222222222222222222222
beta_fdp: 0.000020756517495809047779374548546360813
zeta_0_str: -1.5866666666666666666666666666666667
beta_fdp: 0.000023067783752063048962244445228352571
zeta_0_str: -1.5711111111111111111111111111111111
beta_fdp: 0.000025621720056662237636121595218933874
zeta_0_str: -1.5555555555555555555555555555555556
beta_fdp: 0.000028442111272958169980655456552041944
zeta_0_str: -1.54
beta_fdp: 0.000031554887163102321934490578723794942
zeta_0_str: -1.5244444444444444444444444444444444
beta_fdp: 0.00003498829633799400047614751136356736
zeta_0_str: -1.5088888888888888888888888888888889
beta_fdp: 0.000038767948399420895605018804607825016
zeta_0_str: -1.4933333333333333333333333333333333
beta_fdp: 0.000042937067484142347769278988208166021
zeta_0_str: -1.4777777777777777777777777777777778
beta_fdp: 0.000047527355899693724249594297502298144
zeta_0_str: -1.4622222222222222222222222222222222
beta_fdp: 0.000052578326680874788381389992903114981
zeta_0_str: -1.4466666666666666666666666666666667
beta_fdp: 0.000058132877536591679800065093307769158
zeta_0_str: -1.4311111111111111111111111111111111
beta_fdp: 0.000064237548310983051802161056823551837
zeta_0_str: -1.4155555555555555555555555555555556
beta_fdp: 0.000070942794934652401580208039661741266
zeta_0_str: -1.4
beta_fdp: 0.000078303280641923797317166000734694824
zeta_0_str: -1.3844444444444444444444444444444444
beta_fdp: 0.000086378185241662895868094569545492432
zeta_0_str: -1.3688888888888888888888888888888889
beta_fdp: 0.00009521953240616528150186644975021932
zeta_0_str: -1.3533333333333333333333333333333333
beta_fdp: 0.00010491939564322878335119328485169246
zeta_0_str: -1.3377777777777777777777777777777778
beta_fdp: 0.00011554159631148413340993413697254957
zeta_0_str: -1.3222222222222222222222222222222222
beta_fdp: 0.00012716685433850716365981152425671819
zeta_0_str: -1.3066666666666666666666666666666667
beta_fdp: 0.00013988225089788005886191988439876431
zeta_0_str: -1.2911111111111111111111111111111111
beta_fdp: 0.00015378166283244470373339628287733334
zeta_0_str: -1.2755555555555555555555555555555556
beta_fdp: 0.00016896622073723456503869234175798398
zeta_0_str: -1.26
beta_fdp: 0.00018554479147450708185536213207032911
zeta_0_str: -1.2444444444444444444444444444444444
beta_fdp: 0.00020363448587319684216900883981443053
zeta_0_str: -1.2288888888888888888888888888888889
beta_fdp: 0.00022336119233983924609066255296660509
zeta_0_str: -1.2133333333333333333333333333333333
beta_fdp: 0.00024483108092557367703780131557234725
zeta_0_str: -1.1977777777777777777777777777777778
beta_fdp: 0.00026824483339080363146105174800820411
zeta_0_str: -1.1822222222222222222222222222222222
beta_fdp: 0.00029373145898297677329022442539199029
zeta_0_str: -1.1666666666666666666666666666666667
beta_fdp: 0.00032145781939640777199738434577330027
zeta_0_str: -1.1511111111111111111111111111111111
beta_fdp: 0.00035160263269206112467830733496889759
zeta_0_str: -1.1355555555555555555555555555555556
beta_fdp: 0.00038435717545214570086976173318270985
zeta_0_str: -1.12
beta_fdp: 0.00041992601471981013822770152392512943
zeta_0_str: -1.1044444444444444444444444444444444
beta_fdp: 0.00045852777002106905385481553436236962
zeta_0_str: -1.0888888888888888888888888888888889
beta_fdp: 0.00050039590567886846468306504190087541
zeta_0_str: -1.0733333333333333333333333333333333
beta_fdp: 0.0005457795535335382317223784633039004
zeta_0_str: -1.0577777777777777777777777777777778
beta_fdp: 0.00059487811527594135311061297876188487
zeta_0_str: -1.0422222222222222222222222222222222
beta_fdp: 0.00064810169369350451892947805209704305
zeta_0_str: -1.0266666666666666666666666666666667
beta_fdp: 0.00070569046500682617091553659852041381
zeta_0_str: -1.0111111111111111111111111111111111
beta_fdp: 0.00076796503879043290408938663616051456
zeta_0_str: -0.99555555555555555555555555555555555
beta_fdp: 0.00083526625674687091259477306682414591
zeta_0_str: -0.98
beta_fdp: 0.00090795619375209548001818536217303269
zeta_0_str: -0.96444444444444444444444444444444444
beta_fdp: 0.00098641918667687009429104975056402575
zeta_0_str: -0.94888888888888888888888888888888889
beta_fdp: 0.0010710628900068179009214424077262782
zeta_0_str: -0.93333333333333333333333333333333333
beta_fdp: 0.0011623193571052329020584255127786266
zeta_0_str: -0.91777777777777777777777777777777778
beta_fdp: 0.0012606461457750371260719852342657429
zeta_0_str: -0.90222222222222222222222222222222222
beta_fdp: 0.0013663851905971471976756877991445277
zeta_0_str: -0.88666666666666666666666666666666667
beta_fdp: 0.0014803221838718310459606744669505522
zeta_0_str: -0.87111111111111111111111111111111111
beta_fdp: 0.001602865865165643280692715748030434
zeta_0_str: -0.85555555555555555555555555555555556
beta_fdp: 0.0017345872535508150657694117778210494
zeta_0_str: -0.84
beta_fdp: 0.0018760887020011706256811576578847492
zeta_0_str: -0.82444444444444444444444444444444444
beta_fdp: 0.002028005108916397640898652052031158
zeta_0_str: -0.80888888888888888888888888888888889
beta_fdp: 0.00219100513857729199340812774912663
zeta_0_str: -0.79333333333333333333333333333333333
beta_fdp: 0.0023657924473959416761863483878467843
zeta_0_str: -0.77777777777777777777777777777777778
beta_fdp: 0.002553106912572440318345409838948216
zeta_0_str: -0.76222222222222222222222222222222222
beta_fdp: 0.0027537258595136064048251388787162163
zeta_0_str: -0.74666666666666666666666666666666667
beta_fdp: 0.002968177626240598110450645281212602
zeta_0_str: -0.73111111111111111111111111111111111
beta_fdp: 0.003197873437229894666642354480274695
zeta_0_str: -0.71555555555555555555555555555555556
beta_fdp: 0.0034434413783144141725148164254057476
zeta_0_str: -0.7
beta_fdp: 0.003705820619564559698878464584785304
zeta_0_str: -0.68444444444444444444444444444444445
beta_fdp: 0.0039859937505622805965905679322654318
zeta_0_str: -0.66888888888888888888888888888888889
beta_fdp: 0.0042849879093542537102124070889039002
zeta_0_str: -0.65333333333333333333333333333333334
beta_fdp: 0.0046038758774094450431331471049232466
zeta_0_str: -0.63777777777777777777777777777777778
beta_fdp: 0.0049437771348916240569250402659815629
zeta_0_str: -0.62222222222222222222222222222222222
beta_fdp: 0.0053058588703229626980836607380033222
zeta_0_str: -0.60666666666666666666666666666666667
beta_fdp: 0.0056908219412125666955208371457645848
zeta_0_str: -0.59111111111111111111111111111111111
beta_fdp: 0.0061009289775339723959497219413391747
zeta_0_str: -0.57555555555555555555555555555555556
beta_fdp: 0.0065370118520647093579545990996885869
zeta_0_str: -0.56
beta_fdp: 0.007000437484925134195257756634005646
zeta_0_str: -0.54444444444444444444444444444444445
beta_fdp: 0.0074926246456139269242954362399546128
zeta_0_str: -0.52888888888888888888888888888888889
beta_fdp: 0.0080150445530965015157047817891805174
zeta_0_str: -0.51333333333333333333333333333333334
beta_fdp: 0.0085692213833356731314950385601278005
zeta_0_str: -0.49777777777777777777777777777777778
beta_fdp: 0.009156732676981621765759354923254765
zeta_0_str: -0.48222222222222222222222222222222222
beta_fdp: 0.0097792096398613886161714580958971029
zeta_0_str: -0.46666666666666666666666666666666667
beta_fdp: 0.010438337328858494695284083153708761
zeta_0_str: -0.45111111111111111111111111111111111
beta_fdp: 0.011134925597434474567219164549260996
zeta_0_str: -0.43555555555555555555555555555555556
beta_fdp: 0.011872572270587784171579141455078123
zeta_0_str: -0.42
beta_fdp: 0.012652245504205850927267623920060614
zeta_0_str: -0.40444444444444444444444444444444445
beta_fdp: 0.013475844997640405225818465315067145
zeta_0_str: -0.38888888888888888888888888888888889
beta_fdp: 0.014345323253304351748320241607177062
zeta_0_str: -0.37333333333333333333333333333333334
beta_fdp: 0.015262684920611697718911153412414799
zeta_0_str: -0.35777777777777777777777777777777778
beta_fdp: 0.016229985974724690739154809586768997
zeta_0_str: -0.34222222222222222222222222222222222
beta_fdp: 0.017249332723492826047948536882652067
zeta_0_str: -0.32666666666666666666666666666666667
beta_fdp: 0.018322880636239671755634377401396424
zeta_0_str: -0.31111111111111111111111111111111111
beta_fdp: 0.019452832988366968022715531146188966
zeta_0_str: -0.29555555555555555555555555555555556
beta_fdp: 0.020639860747561088692177084985322706
zeta_0_str: -0.28
beta_fdp: 0.021889334656909209956600246120772053
zeta_0_str: -0.26444444444444444444444444444444445
beta_fdp: 0.023202090181928936426071495552325364
zeta_0_str: -0.24888888888888888888888888888888889
beta_fdp: 0.024580504343935129031212991256381659
zeta_0_str: -0.23333333333333333333333333333333333
beta_fdp: 0.02602699225011374113035643203267145
zeta_0_str: -0.21777777777777777777777777777777778
beta_fdp: 0.027544004529686072159235040039341887
zeta_0_str: -0.20222222222222222222222222222222222
beta_fdp: 0.029134024556109313032073980718344792
zeta_0_str: -0.18666666666666666666666666666666667
beta_fdp: 0.030799565453355264879341279880705476
zeta_0_str: -0.17111111111111111111111111111111111
beta_fdp: 0.032543166885009921946523201238727274
zeta_0_str: -0.15555555555555555555555555555555556
beta_fdp: 0.034367391625676762209081926972424393
zeta_0_str: -0.14
beta_fdp: 0.036272296212431071183954080124988767
zeta_0_str: -0.12444444444444444444444444444444445
beta_fdp: 0.038265417062408970616641010727549494
zeta_0_str: -0.10888888888888888888888888888888889
beta_fdp: 0.040346947285461832498703460882736302
zeta_0_str: -0.093333333333333333333333333333333331
beta_fdp: 0.042519503480289849639741998575558622
zeta_0_str: -0.077777777777777777777777777777777779
beta_fdp: 0.044785704992405868319769125586022239
zeta_0_str: -0.062222222222222222222222222222222221
beta_fdp: 0.047148169214665522621485439254393971
zeta_0_str: -0.046666666666666666666666666666666669
beta_fdp: 0.049609506690062433152059686163884246
zeta_0_str: -0.03111111111111111111111111111111111
beta_fdp: 0.052172316023337194151352940427943239
zeta_0_str: -0.015555555555555555555555555555555558
beta_fdp: 0.054839178608929865353985211894057065
zeta_0_str: 0.0
beta_fdp: 0.057608990546475901287604730387667438
zeta_0_str: 0.015555555555555555555555555555555558
beta_fdp: 0.060491464578297003324376275123049191
zeta_0_str: 0.03111111111111111111111111111111111
beta_fdp: 0.063485574285342103534275598652655819
zeta_0_str: 0.046666666666666666666666666666666669
beta_fdp: 0.066593776201947952453046202759654063
zeta_0_str: 0.062222222222222222222222222222222221
beta_fdp: 0.069818480877940190604566464407847625
zeta_0_str: 0.077777777777777777777777777777777779
beta_fdp: 0.073162046718410875018611565953140142
zeta_0_str: 0.093333333333333333333333333333333331
beta_fdp: 0.076626773720168779915131327047532489
zeta_0_str: 0.10888888888888888888888888888888889
beta_fdp: 0.080214897120165568007221151424215956
zeta_0_str: 0.12444444444444444444444444444444445
beta_fdp: 0.083928580972087567382288891005671633
zeta_0_str: 0.14
beta_fdp: 0.087769911668152684377492614612537029
zeta_0_str: 0.15555555555555555555555555555555556
beta_fdp: 0.0917356629730166605293611354962723
zeta_0_str: 0.17111111111111111111111111111111111
beta_fdp: 0.095838031683596109875512177656821161
zeta_0_str: 0.18666666666666666666666666666666667
beta_fdp: 0.1000737729378872362320714879506845
zeta_0_str: 0.20222222222222222222222222222222222
beta_fdp: 0.10444459738311984215454365572700422
zeta_0_str: 0.21777777777777777777777777777777778
beta_fdp: 0.10895210545054263664849023920181
zeta_0_str: 0.23333333333333333333333333333333333
beta_fdp: 0.11359778094776154852314775256974742
zeta_0_str: 0.24888888888888888888888888888888889
beta_fdp: 0.11838298473509529607926968432577333
zeta_0_str: 0.26444444444444444444444444444444445
beta_fdp: 0.12330894850781722124142782200203709
zeta_0_str: 0.28
beta_fdp: 0.12837676870643546836721782200459847
zeta_0_str: 0.29555555555555555555555555555555556
beta_fdp: 0.13358740057736079678755495349679856
zeta_0_str: 0.31111111111111111111111111111111111
beta_fdp: 0.138934623650040718590990071877304
zeta_0_str: 0.32666666666666666666666666666666667
beta_fdp: 0.14443296394898077786775224943971427
zeta_0_str: 0.34222222222222222222222222222222222
beta_fdp: 0.15007607728842690346984482036427477
zeta_0_str: 0.35777777777777777777777777777777778
beta_fdp: 0.15586429875281577007679688565141324
zeta_0_str: 0.37333333333333333333333333333333334
beta_fdp: 0.16179779558226146644738897965746257
zeta_0_str: 0.38888888888888888888888888888888889
beta_fdp: 0.16787656260392088587448262486462254
zeta_0_str: 0.40444444444444444444444444444444445
beta_fdp: 0.17410041796783418349629483363626257
zeta_0_str: 0.42
beta_fdp: 0.18046899920774042986975553800878931
zeta_0_str: 0.43555555555555555555555555555555556
beta_fdp: 0.1869817596466859693653362260662326
zeta_0_str: 0.45111111111111111111111111111111111
beta_fdp: 0.19363796516645963285521637580018453
zeta_0_str: 0.46666666666666666666666666666666667
beta_fdp: 0.20042779299278420862409287226730647
zeta_0_str: 0.48222222222222222222222222222222223
beta_fdp: 0.20736774035192709973024993169937867
zeta_0_str: 0.49777777777777777777777777777777778
beta_fdp: 0.21444778114180284215518747627250178
zeta_0_str: 0.51333333333333333333333333333333334
beta_fdp: 0.22166640731934122102611159100598061
zeta_0_str: 0.52888888888888888888888888888888889
beta_fdp: 0.22902191330503406402921083976710088
zeta_0_str: 0.54444444444444444444444444444444445
beta_fdp: 0.23651239527836328761369620988398369
zeta_0_str: 0.56
beta_fdp: 0.24413575094032473347933711218773632
zeta_0_str: 0.57555555555555555555555555555555556
beta_fdp: 0.25188967975247904543083678800078351
zeta_0_str: 0.59111111111111111111111111111111111
beta_fdp: 0.25977168366040236743950232418557771
zeta_0_str: 0.60666666666666666666666666666666667
beta_fdp: 0.26777906830778969702861058840771024
zeta_0_str: 0.62222222222222222222222222222222222
beta_fdp: 0.27589833589374559359350430194659761
zeta_0_str: 0.63777777777777777777777777777777778
beta_fdp: 0.28414747018678360772425635774251881
zeta_0_str: 0.65333333333333333333333333333333334
beta_fdp: 0.29251274828237791704566231363391117
zeta_0_str: 0.66888888888888888888888888888888889
beta_fdp: 0.30099071293384113399880309747057534
zeta_0_str: 0.68444444444444444444444444444444445
beta_fdp: 0.30957772411697145865195563566186304
zeta_0_str: 0.7
beta_fdp: 0.31826996322206997213800369659345118
zeta_0_str: 0.71555555555555555555555555555555556
beta_fdp: 0.32706343773138217737975374076756801
zeta_0_str: 0.73111111111111111111111111111111111
beta_fdp: 0.33595398637393427030326774311110758
zeta_0_str: 0.74666666666666666666666666666666667
beta_fdp: 0.34493728474790683334170643952106055
zeta_0_str: 0.76222222222222222222222222222222222
beta_fdp: 0.35399704555066787830820880361347164
zeta_0_str: 0.77777777777777777777777777777777778
beta_fdp: 0.3631521432138911607861585634056941
zeta_0_str: 0.79333333333333333333333333333333333
beta_fdp: 0.37238610787313200355338014328850441
zeta_0_str: 0.80888888888888888888888888888888889
beta_fdp: 0.38169402790382597609698486073739909
zeta_0_str: 0.82444444444444444444444444444444444
beta_fdp: 0.39107086319550452493689794988197163
zeta_0_str: 0.84
beta_fdp: 0.4005114532731845720574001079507974
zeta_0_str: 0.85555555555555555555555555555555556
beta_fdp: 0.41001052576892703876807903736382216
zeta_0_str: 0.87111111111111111111111111111111111
beta_fdp: 0.4195627052205386618761203697085937
zeta_0_str: 0.88666666666666666666666666666666667
beta_fdp: 0.42916252217305304315494748106762671
zeta_0_str: 0.90222222222222222222222222222222222
beta_fdp: 0.43880442255738242300025694030034856
zeta_0_str: 0.91777777777777777777777777777777778
beta_fdp: 0.44847021945813152480750567176552381
zeta_0_str: 0.93333333333333333333333333333333333
beta_fdp: 0.45817929827351791397242516713510749
zeta_0_str: 0.94888888888888888888888888888888889
beta_fdp: 0.46791339548235297556211913548104848
zeta_0_str: 0.96444444444444444444444444444444444
beta_fdp: 0.47766671698313488029813244676230599
zeta_0_str: 0.98
beta_fdp: 0.48743343412733703378873863936303252
zeta_0_str: 0.99555555555555555555555555555555555
beta_fdp: 0.4972076941668891730699491102960961
zeta_0_str: 1.0111111111111111111111111111111111
beta_fdp: 0.50698363077390479418077400400821966
zeta_0_str: 1.0266666666666666666666666666666667
beta_fdp: 0.51675537460114769095359790961366362
zeta_0_str: 1.0422222222222222222222222222222222
beta_fdp: 0.52651706385155931658163381672126736
zeta_0_str: 1.0577777777777777777777777777777778
beta_fdp: 0.53626285482513062003317669142916172
zeta_0_str: 1.0733333333333333333333333333333333
beta_fdp: 0.54597435299496844805569543436707112
zeta_0_str: 1.0888888888888888888888888888888889
beta_fdp: 0.55567098040451938485302731168072626
zeta_0_str: 1.1044444444444444444444444444444445
beta_fdp: 0.56533439886796741820124844937672695
zeta_0_str: 1.12
beta_fdp: 0.57495894090460177106586307560273186
zeta_0_str: 1.1355555555555555555555555555555556
beta_fdp: 0.58453900841648553283454060274584027
zeta_0_str: 1.1511111111111111111111111111111111
beta_fdp: 0.59406908244816605993812974462719036
zeta_0_str: 1.1666666666666666666666666666666667
beta_fdp: 0.60354373271172178912818289071822898
zeta_0_str: 1.1822222222222222222222222222222222
beta_fdp: 0.61295762684978708841122127736681609
zeta_0_str: 1.1977777777777777777777777777777778
beta_fdp: 0.62230553941028047591704647137104963
zeta_0_str: 1.2133333333333333333333333333333333
beta_fdp: 0.63158236050774932239307240462168492
zeta_0_str: 1.2288888888888888888888888888888889
beta_fdp: 0.64077123740152733901944959533944935
zeta_0_str: 1.2444444444444444444444444444444444
beta_fdp: 0.64989115735847221677218972678407985
zeta_0_str: 1.26
beta_fdp: 0.65892543703218520174983051445097876
zeta_0_str: 1.2755555555555555555555555555555556
beta_fdp: 0.66786950815155214985140294583357639
zeta_0_str: 1.2911111111111111111111111111111111
beta_fdp: 0.67671895582641223076568340013706226
zeta_0_str: 1.3066666666666666666666666666666667
beta_fdp: 0.68546952488029679887227047949697328
zeta_0_str: 1.3222222222222222222222222222222222
beta_fdp: 0.69411712573476053045697574734439278
zeta_0_str: 1.3377777777777777777777777777777778
beta_fdp: 0.70265783983261908874541871443262843
zeta_0_str: 1.3533333333333333333333333333333333
beta_fdp: 0.71108792458920021201800346249917045
zeta_0_str: 1.3688888888888888888888888888888889
beta_fdp: 0.7194038178625326905259109058601252
zeta_0_str: 1.3844444444444444444444444444444444
beta_fdp: 0.72759159978677508108867116193903859
zeta_0_str: 1.4
beta_fdp: 0.73566932325908344874890226612724499
zeta_0_str: 1.4155555555555555555555555555555556
beta_fdp: 0.74362329258517110438788755775076493
zeta_0_str: 1.4311111111111111111111111111111111
beta_fdp: 0.75145070200777001407105756113322386
zeta_0_str: 1.4466666666666666666666666666666667
beta_fdp: 0.75914894115591740288517098361124062
zeta_0_str: 1.4622222222222222222222222222222222
beta_fdp: 0.76671559654150531448947429617135904
zeta_0_str: 1.4777777777777777777777777777777778
beta_fdp: 0.77414845256235396606896098413796121
zeta_0_str: 1.4933333333333333333333333333333333
beta_fdp: 0.7814454920171113391654614836565817
zeta_0_str: 1.5088888888888888888888888888888889
beta_fdp: 0.78860489613893350851936979970022143
zeta_0_str: 1.5244444444444444444444444444444444
beta_fdp: 0.79561604141016547641165450023014596
zeta_0_str: 1.54
beta_fdp: 0.80249569271012181487752460934541392
zeta_0_str: 1.5555555555555555555555555555555556
beta_fdp: 0.8092334377570464270024668188234974
zeta_0_str: 1.5711111111111111111111111111111111
beta_fdp: 0.81582824231550354153060180898461733
zeta_0_str: 1.5866666666666666666666666666666667
beta_fdp: 0.82227926388906515862914692709569621
zeta_0_str: 1.6022222222222222222222222222222222
beta_fdp: 0.82858584909770021032189221786069355
zeta_0_str: 1.6177777777777777777777777777777778
beta_fdp: 0.83474753066325019788484102904878485
zeta_0_str: 1.6333333333333333333333333333333333
beta_fdp: 0.84076402402059468117434971598941172
zeta_0_str: 1.6488888888888888888888888888888889
beta_fdp: 0.84663522357304858639002457799736862
zeta_0_str: 1.6644444444444444444444444444444444
beta_fdp: 0.85236119861137361192488922009853206
zeta_0_str: 1.68
beta_fdp: 0.85793505327765706415899804601586676
zeta_0_str: 1.6955555555555555555555555555555556
beta_fdp: 0.86337165137453225010484819714392254
zeta_0_str: 1.7111111111111111111111111111111111
beta_fdp: 0.86866423589001962035098463208251639
zeta_0_str: 1.7266666666666666666666666666666667
beta_fdp: 0.87381352864597314569329036385293822
zeta_0_str: 1.7422222222222222222222222222222222
beta_fdp: 0.87882040163268479222285747251961754
zeta_0_str: 1.7577777777777777777777777777777778
beta_fdp: 0.88368587135122158794091745889493764
zeta_0_str: 1.7733333333333333333333333333333333
beta_fdp: 0.88841109297007658983032553375855959
zeta_0_str: 1.7888888888888888888888888888888889
beta_fdp: 0.89299735431861107984011315949725974
zeta_0_str: 1.8044444444444444444444444444444444
beta_fdp: 0.89744606973971002270755411751900735
zeta_0_str: 1.82
beta_fdp: 0.90175877382392627053867342545757445
zeta_0_str: 1.8355555555555555555555555555555556
beta_fdp: 0.90593178885238524967745163620871815
zeta_0_str: 1.8511111111111111111111111111111111
beta_fdp: 0.90997769372943866924766130380738462
zeta_0_str: 1.8666666666666666666666666666666667
beta_fdp: 0.91389284608381739908488986432162848
zeta_0_str: 1.8822222222222222222222222222222222
beta_fdp: 0.91767919711405000075632216081763649
zeta_0_str: 1.8977777777777777777777777777777778
beta_fdp: 0.92133878592647659487936200381420423
zeta_0_str: 1.9133333333333333333333333333333333
beta_fdp: 0.92487373300729541003688612593256199
zeta_0_str: 1.9288888888888888888888888888888889
beta_fdp: 0.92828623372101799918721753317713763
zeta_0_str: 1.9444444444444444444444444444444444
beta_fdp: 0.93157855185362028280200663678316123
zeta_0_str: 1.96
beta_fdp: 0.93475301321789574327431669037434211
zeta_0_str: 1.9755555555555555555555555555555556
beta_fdp: 0.93781199933769080994909309621997596
zeta_0_str: 1.9911111111111111111111111111111111
beta_fdp: 0.94075419729824387713199749348637004
zeta_0_str: 2.0066666666666666666666666666666667
beta_fdp: 0.94358971095701376035749791943445934
zeta_0_str: 2.0222222222222222222222222222222222
beta_fdp: 0.94631716328524867289509191208727328
zeta_0_str: 2.0377777777777777777777777777777778
beta_fdp: 0.94893909756824092692706210413763777
zeta_0_str: 2.0533333333333333333333333333333333
beta_fdp: 0.95145808293541581319667212061021576
zeta_0_str: 2.0688888888888888888888888888888889
beta_fdp: 0.95387670881730768494957455738863939
zeta_0_str: 2.0844444444444444444444444444444444
beta_fdp: 0.95619757957235963475087966084290472
zeta_0_str: 2.1
beta_fdp: 0.95842330929263444737472691583455377
zeta_0_str: 2.1155555555555555555555555555555556
beta_fdp: 0.96055651679653127810666276495017457
zeta_0_str: 2.1311111111111111111111111111111111
beta_fdp: 0.96259723107368450807470337233009933
zeta_0_str: 2.1466666666666666666666666666666667
beta_fdp: 0.96455335702163411586877460341665932
zeta_0_str: 2.1622222222222222222222222222222222
beta_fdp: 0.96642479507458940866298102767719599
zeta_0_str: 2.1777777777777777777777777777777778
beta_fdp: 0.96821413687182345364606719707224221
zeta_0_str: 2.1933333333333333333333333333333333
beta_fdp: 0.96992395676759918145030213231250749
zeta_0_str: 2.2088888888888888888888888888888889
beta_fdp: 0.97155680806135663104811810538712259
zeta_0_str: 2.2244444444444444444444444444444444
beta_fdp: 0.97311521944482421682910996395888635
zeta_0_str: 2.24
beta_fdp: 0.97460169166677500094006092900438024
zeta_0_str: 2.2555555555555555555555555555555556
beta_fdp: 0.97601869441535061939988359681255804
zeta_0_str: 2.2711111111111111111111111111111111
beta_fdp: 0.97736866341711364743989898081779645
zeta_0_str: 2.2866666666666666666666666666666667
beta_fdp: 0.978652373596652044680719745794647
zeta_0_str: 2.3022222222222222222222222222222222
beta_fdp: 0.9798755123800045327657178572853375
zeta_0_str: 2.3177777777777777777777777777777778
beta_fdp: 0.98103869205498768343364516848742088
zeta_0_str: 2.3333333333333333333333333333333333
beta_fdp: 0.98214418781569422935108560920938784
zeta_0_str: 2.3488888888888888888888888888888889
beta_fdp: 0.98319422956535761121412303103532244
zeta_0_str: 2.3644444444444444444444444444444444
beta_fdp: 0.98419100026025045919696092343206896
zeta_0_str: 2.38
beta_fdp: 0.98513663444650443415339566479835412
zeta_0_str: 2.3955555555555555555555555555555555
beta_fdp: 0.98603321698440050475814436397645411
zeta_0_str: 2.4111111111111111111111111111111111
beta_fdp: 0.9868827819542974498374540247831577
zeta_0_str: 2.4266666666666666666666666666666667
beta_fdp: 0.98768731173802840072789855705229329
zeta_0_str: 2.4422222222222222222222222222222222
beta_fdp: 0.98844777703525658175250836828423844
zeta_0_str: 2.4577777777777777777777777777777778
beta_fdp: 0.98916802542590665314366073419792322
zeta_0_str: 2.4733333333333333333333333333333333
beta_fdp: 0.98984886656597862577540233981961011
zeta_0_str: 2.4888888888888888888888888888888889
beta_fdp: 0.99049207020494687521135850017548561
zeta_0_str: 2.5044444444444444444444444444444444
beta_fdp: 0.99109935219854605202130931052559613
zeta_0_str: 2.52
beta_fdp: 0.99167237449956451409101461687148317
zeta_0_str: 2.5355555555555555555555555555555556
beta_fdp: 0.99221274527491941545414882594745322
zeta_0_str: 2.5511111111111111111111111111111111
beta_fdp: 0.99272201914158543339330051658652265
zeta_0_str: 2.5666666666666666666666666666666667
beta_fdp: 0.99320169751395228115132669269986817
zeta_0_str: 2.5822222222222222222222222222222222
beta_fdp: 0.99365322905521943400152657971644259
zeta_0_str: 2.5977777777777777777777777777777778
beta_fdp: 0.9940774767086620550075744034637395
zeta_0_str: 2.6133333333333333333333333333333333
beta_fdp: 0.99447688446326660292648119018920498
zeta_0_str: 2.6288888888888888888888888888888889
beta_fdp: 0.99485217914676650233613610947403236
zeta_0_str: 2.6444444444444444444444444444444444
beta_fdp: 0.99520460482204141921320186566411502
zeta_0_str: 2.66
beta_fdp: 0.99553535636417430835886651337781217
zeta_0_str: 2.6755555555555555555555555555555556
beta_fdp: 0.99584558038595032758529058811430136
zeta_0_str: 2.6911111111111111111111111111111111
beta_fdp: 0.99613637621872133699091004424935763
zeta_0_str: 2.7066666666666666666666666666666667
beta_fdp: 0.99640879694236470931600723768240733
zeta_0_str: 2.7222222222222222222222222222222222
beta_fdp: 0.99666385045828305237072242921593982
zeta_0_str: 2.7377777777777777777777777777777778
beta_fdp: 0.99690250059962036604863852884695437
zeta_0_str: 2.7533333333333333333333333333333333
beta_fdp: 0.99712538882703854610712636117260338
zeta_0_str: 2.7688888888888888888888888888888889
beta_fdp: 0.99733397154630269198015480342950743
zeta_0_str: 2.7844444444444444444444444444444444
beta_fdp: 0.99752878846516948808963525895114261
zeta_0_str: 2.8
beta_fdp: 0.99771063885012493706253179894680025
zeta_0_str: 2.8155555555555555555555555555555556
beta_fdp: 0.99788028382033958570907299375807155
zeta_0_str: 2.8311111111111111111111111111111111
beta_fdp: 0.99803844757264496921150263188791527
zeta_0_str: 2.8466666666666666666666666666666667
beta_fdp: 0.99818581860994599710514400989195599
zeta_0_str: 2.8622222222222222222222222222222222
beta_fdp: 0.99832305096927715635102031840577024
zeta_0_str: 2.8777777777777777777777777777777778
beta_fdp: 0.99845076544596821410673629546210253
zeta_0_str: 2.8933333333333333333333333333333333
beta_fdp: 0.9985694024755083667686120233062493
zeta_0_str: 2.9088888888888888888888888888888889
beta_fdp: 0.99867982717633223867399170783590845
zeta_0_str: 2.9244444444444444444444444444444444
beta_fdp: 0.99878240838074008633457643041013203
zeta_0_str: 2.94
beta_fdp: 0.99887764600761720512880561591345175
zeta_0_str: 2.9555555555555555555555555555555556
beta_fdp: 0.99896601268899154960703215713017159
zeta_0_str: 2.9711111111111111111111111111111111
beta_fdp: 0.99904795491058543627646702073138059
zeta_0_str: 2.9866666666666666666666666666666667
beta_fdp: 0.99912389413057994527195579480606682
zeta_0_str: 3.0022222222222222222222222222222222
beta_fdp: 0.99919422787493541657972795812195045
zeta_0_str: 3.0177777777777777777777777777777778
beta_fdp: 0.99925933080781314703110157911898078
zeta_0_str: 3.0333333333333333333333333333333333
beta_fdp: 0.99931955577583627409115313980659069
zeta_0_str: 3.0488888888888888888888888888888889
beta_fdp: 0.99937516550579605212246800414522879
zeta_0_str: 3.0644444444444444444444444444444444
beta_fdp: 0.99942661616110350756825595307396492
zeta_0_str: 3.08
beta_fdp: 0.9994741261467235301374661388952874
zeta_0_str: 3.0955555555555555555555555555555556
beta_fdp: 0.99951797094700652875802902707922983
zeta_0_str: 3.1111111111111111111111111111111111
beta_fdp: 0.99955840902468450179531940963364259
zeta_0_str: 3.1266666666666666666666666666666667
beta_fdp: 0.99959568269134414294137859282517654
zeta_0_str: 3.1422222222222222222222222222222222
beta_fdp: 0.99963001894752824656168485346902021
zeta_0_str: 3.1577777777777777777777777777777778
beta_fdp: 0.99966163029241172470776687073543229
zeta_0_str: 3.1733333333333333333333333333333333
beta_fdp: 0.99969071550310795506152443978576436
zeta_0_str: 3.1888888888888888888888888888888889
beta_fdp: 0.99971746038376177256397293014580288
zeta_0_str: 3.2044444444444444444444444444444444
beta_fdp: 0.99974200797828563759802835953720294
zeta_0_str: 3.22
beta_fdp: 0.99976458378229594021014663686928115
zeta_0_str: 3.2355555555555555555555555555555556
beta_fdp: 0.99978530568548513103230934772602548
zeta_0_str: 3.2511111111111111111111111111111111
beta_fdp: 0.99980431451008949495151196941503879
zeta_0_str: 3.2666666666666666666666666666666667
beta_fdp: 0.99982174140833133122089637517138
zeta_0_str: 3.2822222222222222222222222222222222
beta_fdp: 0.99983770843813571911119741485787926
zeta_0_str: 3.2977777777777777777777777777777778
beta_fdp: 0.99985232911185788228936261347079549
zeta_0_str: 3.3133333333333333333333333333333333
beta_fdp: 0.99986570891869720986647229831243474
zeta_0_str: 3.3288888888888888888888888888888889
beta_fdp: 0.99987794582150809356416963970912609
zeta_0_str: 3.3444444444444444444444444444444444
beta_fdp: 0.99988913072874612107416091072459
zeta_0_str: 3.36
beta_fdp: 0.99989933529920593950262462144605838
zeta_0_str: 3.3755555555555555555555555555555556
beta_fdp: 0.99990866404326200825279338218290033
zeta_0_str: 3.3911111111111111111111111111111111
beta_fdp: 0.99991717546319341110069614261120421
zeta_0_str: 3.4066666666666666666666666666666667
beta_fdp: 0.99992493650578703226268780616969128
zeta_0_str: 3.4222222222222222222222222222222222
beta_fdp: 0.99993200907692825612588584385210335
zeta_0_str: 3.4377777777777777777777777777777778
beta_fdp: 0.99993845038085067772324120007954865
zeta_0_str: 3.4533333333333333333333333333333333
beta_fdp: 0.99994431324007702222739796687628593
zeta_0_str: 3.4688888888888888888888888888888889
beta_fdp: 0.99994964639685228575919173006872803
zeta_0_str: 3.4844444444444444444444444444444444
beta_fdp: 0.99995449479686225544079364857162672
zeta_0_str: 3.5
beta_fdp: 0.99995889985602023512510314116748779
zeta_0_str: 3.5155555555555555555555555555555556
beta_fdp: 0.99996289477659407287967374504536653
zeta_0_str: 3.5311111111111111111111111111111111
beta_fdp: 0.99996652497837765066730940310718845
zeta_0_str: 3.5466666666666666666666666666666667
beta_fdp: 0.9999698172983134194831053814149679
zeta_0_str: 3.5622222222222222222222222222222222
beta_fdp: 0.99997280139236191468740736022049626
zeta_0_str: 3.5777777777777777777777777777777778
beta_fdp: 0.99997550449284436983607237520079538
zeta_0_str: 3.5933333333333333333333333333333333
beta_fdp: 0.9999779515892684042131460060482045
zeta_0_str: 3.6088888888888888888888888888888889
beta_fdp: 0.99998016559725682837323746147354209
zeta_0_str: 3.6244444444444444444444444444444444
beta_fdp: 0.99998216751622019196584603904651816
zeta_0_str: 3.64
beta_fdp: 0.99998397657639162251064638312703694
zeta_0_str: 3.6555555555555555555555555555555556
beta_fdp: 0.9999856083657736114002445702134891
zeta_0_str: 3.6711111111111111111111111111111111
beta_fdp: 0.99998708319422398981359944566574968
zeta_0_str: 3.6866666666666666666666666666666667
beta_fdp: 0.99998841354445632970825285640683455
zeta_0_str: 3.7022222222222222222222222222222222
beta_fdp: 0.99998961284955927521644681931996299
zeta_0_str: 3.7177777777777777777777777777777778
beta_fdp: 0.99999069336899259007722568877323483
zeta_0_str: 3.7333333333333333333333333333333333
beta_fdp: 0.99999166628352730398975222172127984
zeta_0_str: 3.7488888888888888888888888888888889
beta_fdp: 0.99999254178324361742225021157359295
zeta_0_str: 3.7644444444444444444444444444444444
beta_fdp: 0.99999332914902514872596805682545431
zeta_0_str: 3.78
beta_fdp: 0.99999403682796667406240262213706853
zeta_0_str: 3.7955555555555555555555555555555556
beta_fdp: 0.99999467250309155368675253858213645
zeta_0_str: 3.8111111111111111111111111111111111
beta_fdp: 0.99999524245782284429038395509008454
zeta_0_str: 3.8266666666666666666666666666666667
beta_fdp: 0.99999575450731644058750271281231875
zeta_0_str: 3.8422222222222222222222222222222222
beta_fdp: 0.99999621363010527299387368452964282
zeta_0_str: 3.8577777777777777777777777777777778
beta_fdp: 0.9999966250496955659041481991839667
zeta_0_str: 3.8733333333333333333333333333333333
beta_fdp: 0.99999699350116574060700799771896513
zeta_0_str: 3.8888888888888888888888888888888889
beta_fdp: 0.99999732327396363631116407690861134
zeta_0_str: 3.9044444444444444444444444444444444
beta_fdp: 0.99999761825124791776788430085150658
zeta_0_str: 3.92
beta_fdp: 0.99999788194602367027651951296228292
zeta_0_str: 3.9355555555555555555555555555555556
beta_fdp: 0.99999811753430687218300856915028058
zeta_0_str: 3.9511111111111111111111111111111111
beta_fdp: 0.99999832788553780219047562362773024
zeta_0_str: 3.9666666666666666666666666666666667
beta_fdp: 0.99999851536092360866757106008136327
zeta_0_str: 3.9822222222222222222222222222222222
beta_fdp: 0.99999868278195421502736590237037892
zeta_0_str: 3.9977777777777777777777777777777778
beta_fdp: 0.99999883199931201124343801343789268
zeta_0_str: 4.0133333333333333333333333333333333
beta_fdp: 0.99999896491244312191103646649701623
zeta_0_str: 4.0288888888888888888888888888888889
beta_fdp: 0.99999908323175664474751434934186126
zeta_0_str: 4.0444444444444444444444444444444444
beta_fdp: 0.9999991884964191233712733851984461
zeta_0_str: 4.06
beta_fdp: 0.99999928209058369260883084655721283
zeta_0_str: 4.0755555555555555555555555555555556
beta_fdp: 0.99999936525818017732956512547487604
zeta_0_str: 4.0911111111111111111111111111111111
beta_fdp: 0.99999943911638338678507825192894127
zeta_0_str: 4.1066666666666666666666666666666667
beta_fdp: 0.99999950466786834210716996792132725
zeta_0_str: 4.1222222222222222222222222222222222
beta_fdp: 0.99999956274107151835704454932521393
zeta_0_str: 4.1377777777777777777777777777777778
beta_fdp: 0.99999961429190802464561692349653394
zeta_0_str: 4.1533333333333333333333333333333333
beta_fdp: 0.99999965996258795789481978662509366
zeta_0_str: 4.1688888888888888888888888888888889
beta_fdp: 0.99999970039954312639120760486989328
zeta_0_str: 4.1844444444444444444444444444444444
beta_fdp: 0.99999973618104986950504618590160206
zeta_0_str: 4.2
beta_fdp: 0.99999976782407610978683581375750474
zeta_0_str: 4.2155555555555555555555555555555556
beta_fdp: 0.99999979579047881294656658113964784
zeta_0_str: 4.2311111111111111111111111111111111
beta_fdp: 0.99999982049260929448418866430728769
zeta_0_str: 4.2466666666666666666666666666666667
beta_fdp: 0.99999984229837917659027880943143213
zeta_0_str: 4.2622222222222222222222222222222222
beta_fdp: 0.99999986151244819371594748634714653
zeta_0_str: 4.2777777777777777777777777777777778
beta_fdp: 0.99999987847667542485281245849633872
zeta_0_str: 4.2933333333333333333333333333333333
beta_fdp: 0.99999989342488088479059510110576154
zeta_0_str: 4.3088888888888888888888888888888889
beta_fdp: 0.99999990658874057801902569031578805
zeta_0_str: 4.3244444444444444444444444444444444
beta_fdp: 0.99999991817429014852459882247566701
zeta_0_str: 4.34
beta_fdp: 0.99999992836464350222308328614258732
zeta_0_str: 4.3555555555555555555555555555555556
beta_fdp: 0.99999993732243719926355207212347552
zeta_0_str: 4.3711111111111111111111111111111111
beta_fdp: 0.99999994519202667517965262550070853
zeta_0_str: 4.3866666666666666666666666666666667
beta_fdp: 0.99999995210145805121148385076780828
zeta_0_str: 4.4022222222222222222222222222222222
beta_fdp: 0.99999995816423717915035038404747242
zeta_0_str: 4.4177777777777777777777777777777778
beta_fdp: 0.99999996347447181245695002692324152
zeta_0_str: 4.4333333333333333333333333333333333
beta_fdp: 0.999999968134865791838922997339938
zeta_0_str: 4.4488888888888888888888888888888889
beta_fdp: 0.99999997221683792691833103320558646
zeta_0_str: 4.4644444444444444444444444444444445
beta_fdp: 0.99999997579003235226382701585582648
zeta_0_str: 4.48
beta_fdp: 0.99999997891598552957721901574557506
zeta_0_str: 4.4955555555555555555555555555555556
beta_fdp: 0.99999998164903503352093739370042033
zeta_0_str: 4.5111111111111111111111111111111111
beta_fdp: 0.9999999840371307882517443456763764
zeta_0_str: 4.5266666666666666666666666666666667
beta_fdp: 0.99999998612255870891017888029047808
zeta_0_str: 4.5422222222222222222222222222222222
beta_fdp: 0.99999998794258574664571096097434943
zeta_0_str: 4.5577777777777777777777777777777778
beta_fdp: 0.99999998953003446505453275898592786
zeta_0_str: 4.5733333333333333333333333333333333
beta_fdp: 0.99999999091212250106192184250595325
zeta_0_str: 4.5888888888888888888888888888888889
beta_fdp: 0.99999999211782127569808200705421874
zeta_0_str: 4.6044444444444444444444444444444445
beta_fdp: 0.99999999316755378837261072812312982
zeta_0_str: 4.62
beta_fdp: 0.99999999408094680383427478235729049
zeta_0_str: 4.6355555555555555555555555555555556
beta_fdp: 0.99999999487523102086004394714154052
zeta_0_str: 4.6511111111111111111111111111111111
beta_fdp: 0.99999999556552389194285929677045925
zeta_0_str: 4.6666666666666666666666666666666667
beta_fdp: 0.99999999616508030467511252242755906
zeta_0_str: 4.6822222222222222222222222222222222
beta_fdp: 0.9999999966855146211879036077207826
zeta_0_str: 4.6977777777777777777777777777777778
beta_fdp: 0.99999999713699721059645322964978123
zeta_0_str: 4.7133333333333333333333333333333333
beta_fdp: 0.99999999752842828310450833426078065
zeta_0_str: 4.7288888888888888888888888888888889
beta_fdp: 0.9999999978671829884213070512120055
zeta_0_str: 4.7444444444444444444444444444444444
beta_fdp: 0.99999999816093621255493922609650092
zeta_0_str: 4.76
beta_fdp: 0.99999999841515924613017710677839831
zeta_0_str: 4.7755555555555555555555555555555556
beta_fdp: 0.99999999863503956610708476079826941
zeta_0_str: 4.7911111111111111111111111111111111
beta_fdp: 0.99999999882510232656952652569414828
zeta_0_str: 4.8066666666666666666666666666666667
beta_fdp: 0.99999999898929240631509098500475692
zeta_0_str: 4.8222222222222222222222222222222222
beta_fdp: 0.99999999913104662863402605678890801
zeta_0_str: 4.8377777777777777777777777777777778
beta_fdp: 0.9999999992533572866070363676593345
zeta_0_str: 4.8533333333333333333333333333333333
beta_fdp: 0.99999999935882798214140214448876657
zeta_0_str: 4.8688888888888888888888888888888889
beta_fdp: 0.99999999944972267497320613981577074
zeta_0_str: 4.8844444444444444444444444444444444
beta_fdp: 0.99999999952791472454552158742803212
zeta_0_str: 4.9
beta_fdp: 0.99999999959531382492198136154451189
zeta_0_str: 4.9155555555555555555555555555555556
beta_fdp: 0.99999999965329390091779946962453515
zeta_0_str: 4.9311111111111111111111111111111111
beta_fdp: 0.9999999997031413191427106361549895
zeta_0_str: 4.9466666666666666666666666666666667
beta_fdp: 0.99999999974597109165588445408192074
zeta_0_str: 4.9622222222222222222222222222222222
beta_fdp: 0.99999999978274908878689542678852566
zeta_0_str: 4.9777777777777777777777777777777778
beta_fdp: 0.9999999998143114575950312141503324
zeta_0_str: 4.9933333333333333333333333333333333
beta_fdp: 0.99999999984138158593487795907049317
zeta_0_str: 5.0088888888888888888888888888888889
beta_fdp: 0.99999999986458491226989464875013689
zeta_0_str: 5.0244444444444444444444444444444444
beta_fdp: 0.99999999988443804191176060566807355
zeta_0_str: 5.04
beta_fdp: 0.99999999990145865875369043634240087
zeta_0_str: 5.0555555555555555555555555555555556
beta_fdp: 0.99999999991602173732752360668349575
zeta_0_str: 5.0711111111111111111111111111111111
beta_fdp: 0.99999999992847463154599251283466485
zeta_0_str: 5.0866666666666666666666666666666667
beta_fdp: 0.99999999993911671386679304981642646
zeta_0_str: 5.1022222222222222222222222222222222
beta_fdp: 0.99999999994820584015833151738553557
zeta_0_str: 5.1177777777777777777777777777777778
beta_fdp: 0.99999999995596396690555486188866888
zeta_0_str: 5.1333333333333333333333333333333333
beta_fdp: 0.99999999996258202860894003469141604
zeta_0_str: 5.1488888888888888888888888888888889
beta_fdp: 0.99999999996822416995987331554248533
zeta_0_str: 5.1644444444444444444444444444444444
beta_fdp: 0.999999999973031415677509465139341
zeta_0_str: 5.18
beta_fdp: 0.99999999997711996345808635142635814
zeta_0_str: 5.1955555555555555555555555555555556
beta_fdp: 0.99999999998060421577560321555937847
zeta_0_str: 5.2111111111111111111111111111111111
beta_fdp: 0.99999999998356754511415207392692728
zeta_0_str: 5.2266666666666666666666666666666667
beta_fdp: 0.99999999998608632057066047488515196
zeta_0_str: 5.2422222222222222222222222222222222
beta_fdp: 0.99999999998822594818134654783223756
zeta_0_str: 5.2577777777777777777777777777777778
beta_fdp: 0.99999999999004240945451400947728087
zeta_0_str: 5.2733333333333333333333333333333333
beta_fdp: 0.99999999999158358923107227029572553
zeta_0_str: 5.2888888888888888888888888888888889
beta_fdp: 0.99999999999289042095525427542282412
zeta_0_str: 5.3044444444444444444444444444444444
beta_fdp: 0.99999999999399787380408693914851335
zeta_0_str: 5.32
beta_fdp: 0.99999999999493580294514860817563182
zeta_0_str: 5.3355555555555555555555555555555556
beta_fdp: 0.99999999999572873652114796225742138
zeta_0_str: 5.3511111111111111111111111111111111
beta_fdp: 0.9999999999964004306231944676909066
zeta_0_str: 5.3666666666666666666666666666666667
beta_fdp: 0.99999999999696828147793845523254036
zeta_0_str: 5.3822222222222222222222222222222222
beta_fdp: 0.99999999999744805496164841608865565
zeta_0_str: 5.3977777777777777777777777777777778
beta_fdp: 0.9999999999978531691073533123346791
zeta_0_str: 5.4133333333333333333333333333333333
beta_fdp: 0.99999999999819503658159743775940264
zeta_0_str: 5.4288888888888888888888888888888889
beta_fdp: 0.99999999999848335830647467884848651
zeta_0_str: 5.4444444444444444444444444444444444
beta_fdp: 0.99999999999872637502952669360869007
zeta_0_str: 5.46
beta_fdp: 0.99999999999893108272162187971496199
zeta_0_str: 5.4755555555555555555555555555555556
beta_fdp: 0.99999999999910341688195478545911181
zeta_0_str: 5.4911111111111111111111111111111111
beta_fdp: 0.99999999999924823809139132160567761
zeta_0_str: 5.5066666666666666666666666666666667
beta_fdp: 0.99999999999937018227964485010082719
zeta_0_str: 5.5222222222222222222222222222222222
beta_fdp: 0.9999999999994726568914308212242354
zeta_0_str: 5.5377777777777777777777777777777778
beta_fdp: 0.99999999999955871873897954697923988
zeta_0_str: 5.5533333333333333333333333333333333
beta_fdp: 0.99999999999963095317018259385615587
zeta_0_str: 5.5688888888888888888888888888888889
beta_fdp: 0.99999999999969154541721333338122836
zeta_0_str: 5.5844444444444444444444444444444444
beta_fdp: 0.99999999999974234136500687334614889
zeta_0_str: 5.6
beta_fdp: 0.99999999999978489927451205630695289
zeta_0_str: 5.6155555555555555555555555555555556
beta_fdp: 0.99999999999982053377817862426900317
zeta_0_str: 5.6311111111111111111111111111111111
beta_fdp: 0.99999999999985031799327727416617631
zeta_0_str: 5.6466666666666666666666666666666667
beta_fdp: 0.9999999999998752622129450230625771
zeta_0_str: 5.6622222222222222222222222222222222
beta_fdp: 0.99999999999989611088096407038396035
zeta_0_str: 5.6777777777777777777777777777777778
beta_fdp: 0.99999999999991352597862700932700263
zeta_0_str: 5.6933333333333333333333333333333333
beta_fdp: 0.99999999999992806424840121307064159
zeta_0_str: 5.7088888888888888888888888888888889
beta_fdp: 0.99999999999994019363228635849580779
zeta_0_str: 5.7244444444444444444444444444444444
beta_fdp: 0.99999999999995030719025390559764845
zeta_0_str: 5.74
beta_fdp: 0.99999999999995873487736577052315725
zeta_0_str: 5.7555555555555555555555555555555556
beta_fdp: 0.99999999999996575350250802771091793
zeta_0_str: 5.7711111111111111111111111111111111
beta_fdp: 0.99999999999997159514400723646659956
zeta_0_str: 5.7866666666666666666666666666666667
beta_fdp: 0.99999999999997644852470896441841596
zeta_0_str: 5.8022222222222222222222222222222222
beta_fdp: 0.99999999999998048890587685013456686
zeta_0_str: 5.8177777777777777777777777777777778
beta_fdp: 0.99999999999998384568801385722347864
zeta_0_str: 5.8333333333333333333333333333333333
beta_fdp: 0.99999999999998663285623409187027488
zeta_0_str: 5.8488888888888888888888888888888889
beta_fdp: 0.99999999999998894567933373740038874
zeta_0_str: 5.8644444444444444444444444444444444
beta_fdp: 0.99999999999999086373346588228448035
zeta_0_str: 5.88
beta_fdp: 0.99999999999999245344568439228226225
zeta_0_str: 5.8955555555555555555555555555555555
beta_fdp: 0.99999999999999377023220861303719828
zeta_0_str: 5.9111111111111111111111111111111111
beta_fdp: 0.99999999999999486029481881705074193
zeta_0_str: 5.9266666666666666666666666666666667
beta_fdp: 0.99999999999999576212906276789011282
zeta_0_str: 5.9422222222222222222222222222222222
beta_fdp: 0.99999999999999650691280739079014027
zeta_0_str: 5.9577777777777777777777777777777778
beta_fdp: 0.99999999999999712322731161003149666
zeta_0_str: 5.9733333333333333333333333333333333
beta_fdp: 0.99999999999999763220135096479224932
zeta_0_str: 5.9888888888888888888888888888888889
beta_fdp: 0.99999999999999805227755711373027638
zeta_0_str: 6.0044444444444444444444444444444444
beta_fdp: 0.99999999999999839877476830181235281
zeta_0_str: 6.02
beta_fdp: 0.99999999999999868440923593139592038
zeta_0_str: 6.0355555555555555555555555555555556
beta_fdp: 0.99999999999999891973023893376094193
zeta_0_str: 6.0511111111111111111111111111111111
beta_fdp: 0.99999999999999911348392684438874692
zeta_0_str: 6.0666666666666666666666666666666667
beta_fdp: 0.99999999999999927291702048530738725
zeta_0_str: 6.0822222222222222222222222222222222
beta_fdp: 0.99999999999999940403014819389460651
zeta_0_str: 6.0977777777777777777777777777777778
beta_fdp: 0.99999999999999951166270341974566356
zeta_0_str: 6.1133333333333333333333333333333333
beta_fdp: 0.99999999999999960019670071746341603
zeta_0_str: 6.1288888888888888888888888888888889
beta_fdp: 0.99999999999999967287349146732646036
zeta_0_str: 6.1444444444444444444444444444444444
beta_fdp: 0.99999999999999973249742428742708669
zeta_0_str: 6.16
beta_fdp: 0.9999999999999997813834469780712405
zeta_0_str: 6.1755555555555555555555555555555556
beta_fdp: 0.99999999999999982144133054764755539
zeta_0_str: 6.1911111111111111111111111111111111
beta_fdp: 0.99999999999999985424561005331940567
zeta_0_str: 6.2066666666666666666666666666666667
beta_fdp: 0.99999999999999988109362717277471804
zeta_0_str: 6.2222222222222222222222222222222222
beta_fdp: 0.99999999999999990305366770289280245
zeta_0_str: 6.2377777777777777777777777777777778
beta_fdp: 0.99999999999999992100485868387181442
zeta_0_str: 6.2533333333333333333333333333333333
beta_fdp: 0.99999999999999993565307493488300859
zeta_0_str: 6.2688888888888888888888888888888889
beta_fdp: 0.9999999999999999476300016366759693
zeta_0_str: 6.2844444444444444444444444444444444
beta_fdp: 0.9999999999999999574029023335374631
zeta_0_str: 6.3
beta_fdp: 0.99999999999999996537258059007899751
zeta_0_str: 6.3155555555555555555555555555555556
beta_fdp: 0.99999999999999997186785196274701521
zeta_0_str: 6.3311111111111111111111111111111111
beta_fdp: 0.99999999999999997715830691992411508
zeta_0_str: 6.3466666666666666666666666666666667
beta_fdp: 0.9999999999999999814648416157595014
zeta_0_str: 6.3622222222222222222222222222222222
beta_fdp: 0.99999999999999998496834134756356908
zeta_0_str: 6.3777777777777777777777777777777778
beta_fdp: 0.99999999999999998781683617699516125
zeta_0_str: 6.3933333333333333333333333333333333
beta_fdp: 0.99999999999999999012869624680256325
zeta_0_str: 6.4088888888888888888888888888888889
beta_fdp: 0.99999999999999999200877929394711856
zeta_0_str: 6.4244444444444444444444444444444444
beta_fdp: 0.99999999999999999353461700546616948
zeta_0_str: 6.44
beta_fdp: 0.99999999999999999477221291199292199
zeta_0_str: 6.4555555555555555555555555555555556
beta_fdp: 0.99999999999999999577541538209815726
zeta_0_str: 6.4711111111111111111111111111111111
beta_fdp: 0.99999999999999999658812898746435511
zeta_0_str: 6.4866666666666666666666666666666667
beta_fdp: 0.99999999999999999724612865828375629
zeta_0_str: 6.5022222222222222222222222222222222
beta_fdp: 0.99999999999999999777854702801902842
zeta_0_str: 6.5177777777777777777777777777777778
beta_fdp: 0.9999999999999999982090930639426269
zeta_0_str: 6.5333333333333333333333333333333333
beta_fdp: 0.99999999999999999855704989543692755
zeta_0_str: 6.5488888888888888888888888888888889
beta_fdp: 0.99999999999999999883776479990364442
zeta_0_str: 6.5644444444444444444444444444444444
beta_fdp: 0.99999999999999999906468606405530825
zeta_0_str: 6.58
beta_fdp: 0.99999999999999999924774837096697232
zeta_0_str: 6.5955555555555555555555555555555556
beta_fdp: 0.99999999999999999939534005100996786
zeta_0_str: 6.6111111111111111111111111111111111
beta_fdp: 0.99999999999999999951426255105350769
zeta_0_str: 6.6266666666666666666666666666666667
beta_fdp: 0.99999999999999999961002723805406634
zeta_0_str: 6.6422222222222222222222222222222222
beta_fdp: 0.9999999999999999996870973456511244
zeta_0_str: 6.6577777777777777777777777777777778
beta_fdp: 0.99999999999999999974908507752417468
zeta_0_str: 6.6733333333333333333333333333333333
beta_fdp: 0.99999999999999999979891207698857575
zeta_0_str: 6.6888888888888888888888888888888889
beta_fdp: 0.99999999999999999983893998870339521
zeta_0_str: 6.7044444444444444444444444444444444
beta_fdp: 0.99999999999999999987103939725148003
zeta_0_str: 6.72
beta_fdp: 0.99999999999999999989683234562836232
zeta_0_str: 6.7355555555555555555555555555555556
beta_fdp: 0.99999999999999999991751551799142286
zeta_0_str: 6.7511111111111111111111111111111111
beta_fdp: 0.99999999999999999993409124257991098
zeta_0_str: 6.7666666666666666666666666666666667
beta_fdp: 0.99999999999999999994736723824582155
zeta_0_str: 6.7822222222222222222222222222222222
beta_fdp: 0.99999999999999999995799399868999085
zeta_0_str: 6.7977777777777777777777777777777778
beta_fdp: 0.99999999999999999996649507447573103
zeta_0_str: 6.8133333333333333333333333333333333
beta_fdp: 0.99999999999999999997329158656879619
zeta_0_str: 6.8288888888888888888888888888888889
beta_fdp: 0.99999999999999999997872205769468688
zeta_0_str: 6.8444444444444444444444444444444444
beta_fdp: 0.99999999999999999998305844568073485
zeta_0_str: 6.86
beta_fdp: 0.99999999999999999998651510213718488
zeta_0_str: 6.8755555555555555555555555555555556
beta_fdp: 0.99999999999999999998927602591526852
zeta_0_str: 6.8911111111111111111111111111111111
beta_fdp: 0.99999999999999999999147673686786579
zeta_0_str: 6.9066666666666666666666666666666667
beta_fdp: 0.99999999999999999999322985346553087
zeta_0_str: 6.9222222222222222222222222222222222
beta_fdp: 0.99999999999999999999462557187484197
zeta_0_str: 6.9377777777777777777777777777777778
beta_fdp: 0.99999999999999999999573608583130458
zeta_0_str: 6.9533333333333333333333333333333333
beta_fdp: 0.99999999999999999999661914426746604
zeta_0_str: 6.9688888888888888888888888888888889
beta_fdp: 0.99999999999999999999732091309907517
zeta_0_str: 6.9844444444444444444444444444444444
beta_fdp: 0.99999999999999999999787827581785156
zeta_0_str: 7.0
beta_fdp: 0.99999999999999999999832068177393962
*********************************************
Finish beta integration and saved
*********************************************
✅ fdp_curve saved with full 35-digit precision.

✅ Total runtime: 0.29 Hours
